<annotation verified="yes">
    <folder>Annotation</folder>
    <filename>hand_3939</filename>
    <path>white_background-PascalVOC-export/Annotations/hand1023.jpg</path>
    <source>
        <database>Unknown</database>
    </source>
    <size>
        <width>320</width>
        <height>240</height>
        <depth>3</depth>
    </size>
    <segmented>0</segmented>
    <object>
    <name>hand</name>
    <pose>Unspecified</pose>
    <truncated>0</truncated>
    <difficult>0</difficult>
    <bndbox>
        <xmin>83.0550474165258</xmin>
        <ymin>37.990227218679536</ymin>
        <xmax>240.86881868131871</xmax>
        <ymax>177.95929264726607</ymax>
    </bndbox>
</object>
</annotation>