<annotation verified="yes">
    <folder>Annotation</folder>
    <filename>hand_2992</filename>
    <path>opemv4_ver2-PascalVOC-export/Annotations/frame_398.jpg</path>
    <source>
        <database>Unknown</database>
    </source>
    <size>
        <width>320</width>
        <height>240</height>
        <depth>3</depth>
    </size>
    <segmented>0</segmented>
    <object>
    <name>hand</name>
    <pose>Unspecified</pose>
    <truncated>0</truncated>
    <difficult>0</difficult>
    <bndbox>
        <xmin>11.646191157760814</xmin>
        <ymin>1.0947138583498301</ymin>
        <xmax>154.84441263782867</xmax>
        <ymax>68.47043412842902</ymax>
    </bndbox>
</object>
</annotation>