<annotation verified="yes">
    <folder>Annotation</folder>
    <filename>hand_2762</filename>
    <path>white_background-PascalVOC-export/Annotations/hand329.jpg</path>
    <source>
        <database>Unknown</database>
    </source>
    <size>
        <width>320</width>
        <height>240</height>
        <depth>3</depth>
    </size>
    <segmented>0</segmented>
    <object>
    <name>hand</name>
    <pose>Unspecified</pose>
    <truncated>0</truncated>
    <difficult>0</difficult>
    <bndbox>
        <xmin>68.72285767117499</xmin>
        <ymin>38.51457357137824</ymin>
        <xmax>216.67972051986476</xmax>
        <ymax>206.4498264867531</ymax>
    </bndbox>
</object>
</annotation>