<annotation verified="yes">
    <folder>Annotation</folder>
    <filename>hand_250</filename>
    <path>white_background-PascalVOC-export/Annotations/hand287.jpg</path>
    <source>
        <database>Unknown</database>
    </source>
    <size>
        <width>320</width>
        <height>240</height>
        <depth>3</depth>
    </size>
    <segmented>0</segmented>
    <object>
    <name>hand</name>
    <pose>Unspecified</pose>
    <truncated>0</truncated>
    <difficult>0</difficult>
    <bndbox>
        <xmin>152.9103708791209</xmin>
        <ymin>2.7612882697998873</ymin>
        <xmax>300.05339312130184</xmax>
        <ymax>123.65824496195039</ymax>
    </bndbox>
</object>
</annotation>