<annotation verified="yes">
    <folder>Annotation</folder>
    <filename>hand_1915</filename>
    <path>white_background-PascalVOC-export/Annotations/hand1817.jpg</path>
    <source>
        <database>Unknown</database>
    </source>
    <size>
        <width>320</width>
        <height>240</height>
        <depth>3</depth>
    </size>
    <segmented>0</segmented>
    <object>
    <name>hand</name>
    <pose>Unspecified</pose>
    <truncated>0</truncated>
    <difficult>0</difficult>
    <bndbox>
        <xmin>95.71661361475064</xmin>
        <ymin>46.73420489976747</ymin>
        <xmax>232.97730214497045</xmax>
        <ymax>230.68877932990415</ymax>
    </bndbox>
</object>
</annotation>