<annotation verified="yes">
    <folder>Annotation</folder>
    <filename>hand_2548</filename>
    <path>white_background-PascalVOC-export/Annotations/hand1142.jpg</path>
    <source>
        <database>Unknown</database>
    </source>
    <size>
        <width>320</width>
        <height>240</height>
        <depth>3</depth>
    </size>
    <segmented>0</segmented>
    <object>
    <name>hand</name>
    <pose>Unspecified</pose>
    <truncated>0</truncated>
    <difficult>0</difficult>
    <bndbox>
        <xmin>78.85629094463229</xmin>
        <ymin>49.6112191287345</ymin>
        <xmax>221.835409182164</xmax>
        <ymax>232.06327178163752</ymax>
    </bndbox>
</object>
</annotation>