<annotation verified="yes">
    <folder>Annotation</folder>
    <filename>hand_133</filename>
    <path>white_background-PascalVOC-export/Annotations/hand1071.jpg</path>
    <source>
        <database>Unknown</database>
    </source>
    <size>
        <width>320</width>
        <height>240</height>
        <depth>3</depth>
    </size>
    <segmented>0</segmented>
    <object>
    <name>hand</name>
    <pose>Unspecified</pose>
    <truncated>0</truncated>
    <difficult>0</difficult>
    <bndbox>
        <xmin>68.7689368924345</xmin>
        <ymin>8.683472367795236</ymin>
        <xmax>239.65745192307696</xmax>
        <ymax>212.91616205432638</ymax>
    </bndbox>
</object>
</annotation>