<annotation verified="yes">
    <folder>Annotation</folder>
    <filename>hand_318</filename>
    <path>white_background-PascalVOC-export/Annotations/hand1535.jpg</path>
    <source>
        <database>Unknown</database>
    </source>
    <size>
        <width>320</width>
        <height>240</height>
        <depth>3</depth>
    </size>
    <segmented>0</segmented>
    <object>
    <name>hand</name>
    <pose>Unspecified</pose>
    <truncated>0</truncated>
    <difficult>0</difficult>
    <bndbox>
        <xmin>75.4787880388842</xmin>
        <ymin>71.47551492478156</ymin>
        <xmax>246.36596576500426</xmax>
        <ymax>227.35516157870632</ymax>
    </bndbox>
</object>
</annotation>