<annotation verified="yes">
    <folder>Annotation</folder>
    <filename>hand_3119</filename>
    <path>white_background-PascalVOC-export/Annotations/hand1363.jpg</path>
    <source>
        <database>Unknown</database>
    </source>
    <size>
        <width>320</width>
        <height>240</height>
        <depth>3</depth>
    </size>
    <segmented>0</segmented>
    <object>
    <name>hand</name>
    <pose>Unspecified</pose>
    <truncated>0</truncated>
    <difficult>0</difficult>
    <bndbox>
        <xmin>60.68174463757397</xmin>
        <ymin>16.251871653043967</ymin>
        <xmax>168.01306265849536</xmax>
        <ymax>192.91812178516065</ymax>
    </bndbox>
</object>
</annotation>