<annotation verified="yes">
    <folder>Annotation</folder>
    <filename>hand_1323</filename>
    <path>white_background-PascalVOC-export/Annotations/hand554.jpg</path>
    <source>
        <database>Unknown</database>
    </source>
    <size>
        <width>320</width>
        <height>240</height>
        <depth>3</depth>
    </size>
    <segmented>0</segmented>
    <object>
    <name>hand</name>
    <pose>Unspecified</pose>
    <truncated>0</truncated>
    <difficult>0</difficult>
    <bndbox>
        <xmin>155.3532465131023</xmin>
        <ymin>60.09999581630496</ymin>
        <xmax>310.64150993237536</xmax>
        <ymax>205.85535094595545</ymax>
    </bndbox>
</object>
</annotation>