<annotation verified="yes">
    <folder>Annotation</folder>
    <filename>hand_668</filename>
    <path>white_background-PascalVOC-export/Annotations/hand1049.jpg</path>
    <source>
        <database>Unknown</database>
    </source>
    <size>
        <width>320</width>
        <height>240</height>
        <depth>3</depth>
    </size>
    <segmented>0</segmented>
    <object>
    <name>hand</name>
    <pose>Unspecified</pose>
    <truncated>0</truncated>
    <difficult>0</difficult>
    <bndbox>
        <xmin>98.77106667371092</xmin>
        <ymin>30.02891703952931</ymin>
        <xmax>245.99769521344044</xmax>
        <ymax>203.1946530175451</ymax>
    </bndbox>
</object>
</annotation>