<annotation verified="yes">
    <folder>Annotation</folder>
    <filename>hand_2414</filename>
    <path>white_background-PascalVOC-export/Annotations/hand1011.jpg</path>
    <source>
        <database>Unknown</database>
    </source>
    <size>
        <width>320</width>
        <height>240</height>
        <depth>3</depth>
    </size>
    <segmented>0</segmented>
    <object>
    <name>hand</name>
    <pose>Unspecified</pose>
    <truncated>0</truncated>
    <difficult>0</difficult>
    <bndbox>
        <xmin>85.98693073753171</xmin>
        <ymin>33.153831714169954</ymin>
        <xmax>217.83006656804736</xmax>
        <ymax>163.88614073950112</ymax>
    </bndbox>
</object>
</annotation>