<annotation verified="yes">
    <folder>Annotation</folder>
    <filename>hand_1914</filename>
    <path>white_background-PascalVOC-export/Annotations/hand1517.jpg</path>
    <source>
        <database>Unknown</database>
    </source>
    <size>
        <width>320</width>
        <height>240</height>
        <depth>3</depth>
    </size>
    <segmented>0</segmented>
    <object>
    <name>hand</name>
    <pose>Unspecified</pose>
    <truncated>0</truncated>
    <difficult>0</difficult>
    <bndbox>
        <xmin>52.49319790786137</xmin>
        <ymin>84.20093626691093</ymin>
        <xmax>207.1666314454776</xmax>
        <ymax>206.81265193418827</ymax>
    </bndbox>
</object>
</annotation>