<annotation verified="yes">
    <folder>Annotation</folder>
    <filename>hand_2207</filename>
    <path>opemv4_ver2-PascalVOC-export/Annotations/frame_966.jpg</path>
    <source>
        <database>Unknown</database>
    </source>
    <size>
        <width>320</width>
        <height>240</height>
        <depth>3</depth>
    </size>
    <segmented>0</segmented>
    <object>
    <name>hand</name>
    <pose>Unspecified</pose>
    <truncated>0</truncated>
    <difficult>0</difficult>
    <bndbox>
        <xmin>178.4618022423664</xmin>
        <ymin>34.80718966522907</ymin>
        <xmax>253.21730544953346</xmax>
        <ymax>142.15698794541854</ymax>
    </bndbox>
</object><object>
    <name>apple</name>
    <pose>Unspecified</pose>
    <truncated>0</truncated>
    <difficult>0</difficult>
    <bndbox>
        <xmin>195.13461487489397</xmin>
        <ymin>30.438255896935093</ymin>
        <xmax>227.75339270568276</xmax>
        <ymax>62.86134193385888</ymax>
    </bndbox>
</object>
</annotation>