<annotation verified="yes">
    <folder>Annotation</folder>
    <filename>hand_2038</filename>
    <path>openmv_auto_exposure-PascalVOC-export/Annotations/frame_1032.jpg</path>
    <source>
        <database>Unknown</database>
    </source>
    <size>
        <width>320</width>
        <height>240</height>
        <depth>3</depth>
    </size>
    <segmented>0</segmented>
    <object>
    <name>apple</name>
    <pose>Unspecified</pose>
    <truncated>0</truncated>
    <difficult>0</difficult>
    <bndbox>
        <xmin>57.001597560330225</xmin>
        <ymin>73.69261041989984</ymin>
        <xmax>114.23470906541067</xmax>
        <ymax>127.55069086836909</ymax>
    </bndbox>
</object><object>
    <name>hand</name>
    <pose>Unspecified</pose>
    <truncated>0</truncated>
    <difficult>0</difficult>
    <bndbox>
        <xmin>54.573804952330505</xmin>
        <ymin>33.51744984772246</ymin>
        <xmax>218.12569518008473</xmax>
        <ymax>180.53293829449154</ymax>
    </bndbox>
</object>
</annotation>