<annotation verified="yes">
    <folder>Annotation</folder>
    <filename>hand_1096</filename>
    <path>white_background-PascalVOC-export/Annotations/hand1347.jpg</path>
    <source>
        <database>Unknown</database>
    </source>
    <size>
        <width>320</width>
        <height>240</height>
        <depth>3</depth>
    </size>
    <segmented>0</segmented>
    <object>
    <name>hand</name>
    <pose>Unspecified</pose>
    <truncated>0</truncated>
    <difficult>0</difficult>
    <bndbox>
        <xmin>66.08721206677939</xmin>
        <ymin>11.891488437588077</ymin>
        <xmax>195.06240754437871</xmax>
        <ymax>175.41224809751972</ymax>
    </bndbox>
</object>
</annotation>