<annotation verified="yes">
    <folder>Annotation</folder>
    <filename>hand_330</filename>
    <path>white_background-PascalVOC-export/Annotations/hand1284.jpg</path>
    <source>
        <database>Unknown</database>
    </source>
    <size>
        <width>320</width>
        <height>240</height>
        <depth>3</depth>
    </size>
    <segmented>0</segmented>
    <object>
    <name>hand</name>
    <pose>Unspecified</pose>
    <truncated>0</truncated>
    <difficult>0</difficult>
    <bndbox>
        <xmin>75.80218459425191</xmin>
        <ymin>44.304702913613305</ymin>
        <xmax>245.8191898245985</xmax>
        <ymax>199.5037091759442</ymax>
    </bndbox>
</object>
</annotation>