<annotation verified="yes">
    <folder>Annotation</folder>
    <filename>hand_2777</filename>
    <path>opemv4_ver2-PascalVOC-export/Annotations/frame_982.jpg</path>
    <source>
        <database>Unknown</database>
    </source>
    <size>
        <width>320</width>
        <height>240</height>
        <depth>3</depth>
    </size>
    <segmented>0</segmented>
    <object>
    <name>hand</name>
    <pose>Unspecified</pose>
    <truncated>0</truncated>
    <difficult>0</difficult>
    <bndbox>
        <xmin>79.77180409775232</xmin>
        <ymin>69.98073940363405</ymin>
        <xmax>133.51622137404578</xmax>
        <ymax>134.99781267675337</ymax>
    </bndbox>
</object>
</annotation>