<annotation verified="yes">
    <folder>Annotation</folder>
    <filename>hand_522</filename>
    <path>white_background-PascalVOC-export/Annotations/hand1656.jpg</path>
    <source>
        <database>Unknown</database>
    </source>
    <size>
        <width>320</width>
        <height>240</height>
        <depth>3</depth>
    </size>
    <segmented>0</segmented>
    <object>
    <name>hand</name>
    <pose>Unspecified</pose>
    <truncated>0</truncated>
    <difficult>0</difficult>
    <bndbox>
        <xmin>38.082082430790365</xmin>
        <ymin>40.124175922174466</ymin>
        <xmax>210.11748467878277</xmax>
        <ymax>230.86972964522263</ymax>
    </bndbox>
</object>
</annotation>