<annotation verified="yes">
    <folder>Annotation</folder>
    <filename>hand_4306</filename>
    <path>white_background-PascalVOC-export/Annotations/hand1249.jpg</path>
    <source>
        <database>Unknown</database>
    </source>
    <size>
        <width>320</width>
        <height>240</height>
        <depth>3</depth>
    </size>
    <segmented>0</segmented>
    <object>
    <name>hand</name>
    <pose>Unspecified</pose>
    <truncated>0</truncated>
    <difficult>0</difficult>
    <bndbox>
        <xmin>84.5296485365596</xmin>
        <ymin>33.65949594181581</ymin>
        <xmax>249.5285753909552</xmax>
        <ymax>181.5892150947717</ymax>
    </bndbox>
</object>
</annotation>