<annotation verified="yes">
    <folder>Annotation</folder>
    <filename>hand_2005</filename>
    <path>white_background-PascalVOC-export/Annotations/hand746.jpg</path>
    <source>
        <database>Unknown</database>
    </source>
    <size>
        <width>320</width>
        <height>240</height>
        <depth>3</depth>
    </size>
    <segmented>0</segmented>
    <object>
    <name>hand</name>
    <pose>Unspecified</pose>
    <truncated>0</truncated>
    <difficult>0</difficult>
    <bndbox>
        <xmin>35.64024793607113</xmin>
        <ymin>10.298483958362727</ymin>
        <xmax>194.53773285351397</xmax>
        <ymax>180.78197195083243</ymax>
    </bndbox>
</object>
</annotation>