<annotation verified="yes">
    <folder>Annotation</folder>
    <filename>hand_641</filename>
    <path>openmv_auto_exposure-PascalVOC-export/Annotations/frame_159.jpg</path>
    <source>
        <database>Unknown</database>
    </source>
    <size>
        <width>320</width>
        <height>240</height>
        <depth>3</depth>
    </size>
    <segmented>0</segmented>
    <object>
    <name>apple</name>
    <pose>Unspecified</pose>
    <truncated>0</truncated>
    <difficult>0</difficult>
    <bndbox>
        <xmin>94.04819915254237</xmin>
        <ymin>107.6695908368644</ymin>
        <xmax>144.34672934322032</xmax>
        <ymax>161.46060646186442</ymax>
    </bndbox>
</object><object>
    <name>hand</name>
    <pose>Unspecified</pose>
    <truncated>0</truncated>
    <difficult>0</difficult>
    <bndbox>
        <xmin>86.85912672139831</xmin>
        <ymin>63.61061639300848</ymin>
        <xmax>241.9765625</xmax>
        <ymax>218.10045352224577</ymax>
    </bndbox>
</object>
</annotation>