<annotation verified="yes">
    <folder>Annotation</folder>
    <filename>hand_4065</filename>
    <path>white_background-PascalVOC-export/Annotations/hand581.jpg</path>
    <source>
        <database>Unknown</database>
    </source>
    <size>
        <width>320</width>
        <height>240</height>
        <depth>3</depth>
    </size>
    <segmented>0</segmented>
    <object>
    <name>hand</name>
    <pose>Unspecified</pose>
    <truncated>0</truncated>
    <difficult>0</difficult>
    <bndbox>
        <xmin>88.35252337806425</xmin>
        <ymin>55.248051829375704</ymin>
        <xmax>256.7726053994083</xmax>
        <ymax>194.60794373590753</ymax>
    </bndbox>
</object>
</annotation>