<annotation verified="yes">
    <folder>Annotation</folder>
    <filename>hand_4298</filename>
    <path>white_background-PascalVOC-export/Annotations/hand1507.jpg</path>
    <source>
        <database>Unknown</database>
    </source>
    <size>
        <width>320</width>
        <height>240</height>
        <depth>3</depth>
    </size>
    <segmented>0</segmented>
    <object>
    <name>hand</name>
    <pose>Unspecified</pose>
    <truncated>0</truncated>
    <difficult>0</difficult>
    <bndbox>
        <xmin>37.153654638630606</xmin>
        <ymin>90.32737688926859</ymin>
        <xmax>191.77244030008455</xmax>
        <ymax>240</ymax>
    </bndbox>
</object>
</annotation>