<annotation verified="yes">
    <folder>Annotation</folder>
    <filename>hand_640</filename>
    <path>white_background-PascalVOC-export/Annotations/hand448.jpg</path>
    <source>
        <database>Unknown</database>
    </source>
    <size>
        <width>320</width>
        <height>240</height>
        <depth>3</depth>
    </size>
    <segmented>0</segmented>
    <object>
    <name>hand</name>
    <pose>Unspecified</pose>
    <truncated>0</truncated>
    <difficult>0</difficult>
    <bndbox>
        <xmin>108.72802528000847</xmin>
        <ymin>90.72619587619785</ymin>
        <xmax>242.74788012468304</xmax>
        <ymax>240</ymax>
    </bndbox>
</object>
</annotation>