<annotation verified="yes">
    <folder>Annotation</folder>
    <filename>hand_2372</filename>
    <path>opemv4_ver2-PascalVOC-export/Annotations/frame_822.jpg</path>
    <source>
        <database>Unknown</database>
    </source>
    <size>
        <width>320</width>
        <height>240</height>
        <depth>3</depth>
    </size>
    <segmented>0</segmented>
    <object>
    <name>hand</name>
    <pose>Unspecified</pose>
    <truncated>0</truncated>
    <difficult>0</difficult>
    <bndbox>
        <xmin>79.68359043681085</xmin>
        <ymin>53.03359087775735</ymin>
        <xmax>159.69720764418997</xmax>
        <ymax>182.24140978506784</ymax>
    </bndbox>
</object>
</annotation>