<annotation verified="yes">
    <folder>Annotation</folder>
    <filename>hand_4059</filename>
    <path>openmv_auto_exposure-PascalVOC-export/Annotations/frame_227.jpg</path>
    <source>
        <database>Unknown</database>
    </source>
    <size>
        <width>320</width>
        <height>240</height>
        <depth>3</depth>
    </size>
    <segmented>0</segmented>
    <object>
    <name>apple</name>
    <pose>Unspecified</pose>
    <truncated>0</truncated>
    <difficult>0</difficult>
    <bndbox>
        <xmin>81.29543498411017</xmin>
        <ymin>108.84010858050847</ymin>
        <xmax>139.7569186970339</xmax>
        <ymax>166.8898967161017</ymax>
    </bndbox>
</object><object>
    <name>hand</name>
    <pose>Unspecified</pose>
    <truncated>0</truncated>
    <difficult>0</difficult>
    <bndbox>
        <xmin>78.42995233050847</xmin>
        <ymin>52.79074251853814</ymin>
        <xmax>237.99387579449154</xmax>
        <ymax>217.77585407838984</ymax>
    </bndbox>
</object>
</annotation>