<annotation verified="yes">
    <folder>Annotation</folder>
    <filename>hand_3332</filename>
    <path>white_background-PascalVOC-export/Annotations/hand1062.jpg</path>
    <source>
        <database>Unknown</database>
    </source>
    <size>
        <width>320</width>
        <height>240</height>
        <depth>3</depth>
    </size>
    <segmented>0</segmented>
    <object>
    <name>hand</name>
    <pose>Unspecified</pose>
    <truncated>0</truncated>
    <difficult>0</difficult>
    <bndbox>
        <xmin>89.16821309699917</xmin>
        <ymin>10.020390008455468</ymin>
        <xmax>266.0089549873204</xmax>
        <ymax>205.0346255813134</ymax>
    </bndbox>
</object>
</annotation>