<annotation verified="yes">
    <folder>Annotation</folder>
    <filename>hand_3695</filename>
    <path>white_background-PascalVOC-export/Annotations/hand1064.jpg</path>
    <source>
        <database>Unknown</database>
    </source>
    <size>
        <width>320</width>
        <height>240</height>
        <depth>3</depth>
    </size>
    <segmented>0</segmented>
    <object>
    <name>hand</name>
    <pose>Unspecified</pose>
    <truncated>0</truncated>
    <difficult>0</difficult>
    <bndbox>
        <xmin>73.6209088387574</xmin>
        <ymin>13.544136055964627</ymin>
        <xmax>273.4649395076078</xmax>
        <ymax>205.7800279206595</ymax>
    </bndbox>
</object>
</annotation>