<annotation verified="yes">
    <folder>Annotation</folder>
    <filename>hand_866</filename>
    <path>white_background-PascalVOC-export/Annotations/hand1296.jpg</path>
    <source>
        <database>Unknown</database>
    </source>
    <size>
        <width>320</width>
        <height>240</height>
        <depth>3</depth>
    </size>
    <segmented>0</segmented>
    <object>
    <name>hand</name>
    <pose>Unspecified</pose>
    <truncated>0</truncated>
    <difficult>0</difficult>
    <bndbox>
        <xmin>46.111927435545226</xmin>
        <ymin>50.24774906197153</ymin>
        <xmax>234.54459002535927</xmax>
        <ymax>229.70589724844984</ymax>
    </bndbox>
</object>
</annotation>