<annotation verified="yes">
    <folder>Annotation</folder>
    <filename>hand_1109</filename>
    <path>white_background-PascalVOC-export/Annotations/hand1384.jpg</path>
    <source>
        <database>Unknown</database>
    </source>
    <size>
        <width>320</width>
        <height>240</height>
        <depth>3</depth>
    </size>
    <segmented>0</segmented>
    <object>
    <name>hand</name>
    <pose>Unspecified</pose>
    <truncated>0</truncated>
    <difficult>0</difficult>
    <bndbox>
        <xmin>95.55148127113273</xmin>
        <ymin>17.254055156514234</ymin>
        <xmax>269.0811562235841</xmax>
        <ymax>221.57844208004508</ymax>
    </bndbox>
</object>
</annotation>