<annotation verified="yes">
    <folder>Annotation</folder>
    <filename>hand_1040</filename>
    <path>white_background-PascalVOC-export/Annotations/hand283.jpg</path>
    <source>
        <database>Unknown</database>
    </source>
    <size>
        <width>320</width>
        <height>240</height>
        <depth>3</depth>
    </size>
    <segmented>0</segmented>
    <object>
    <name>hand</name>
    <pose>Unspecified</pose>
    <truncated>0</truncated>
    <difficult>0</difficult>
    <bndbox>
        <xmin>159.08221285925615</xmin>
        <ymin>17.31484534640995</ymin>
        <xmax>308.55973953930686</xmax>
        <ymax>157.44178608547068</ymax>
    </bndbox>
</object>
</annotation>