<annotation verified="yes">
    <folder>Annotation</folder>
    <filename>hand_697</filename>
    <path>white_background-PascalVOC-export/Annotations/hand1431.jpg</path>
    <source>
        <database>Unknown</database>
    </source>
    <size>
        <width>320</width>
        <height>240</height>
        <depth>3</depth>
    </size>
    <segmented>0</segmented>
    <object>
    <name>hand</name>
    <pose>Unspecified</pose>
    <truncated>0</truncated>
    <difficult>0</difficult>
    <bndbox>
        <xmin>135.92904691462385</xmin>
        <ymin>24.865710270310736</ymin>
        <xmax>302.5393596787828</xmax>
        <ymax>190.12309421681226</ymax>
    </bndbox>
</object>
</annotation>