<annotation verified="yes">
    <folder>Annotation</folder>
    <filename>hand_1900</filename>
    <path>white_background-PascalVOC-export/Annotations/hand234.jpg</path>
    <source>
        <database>Unknown</database>
    </source>
    <size>
        <width>320</width>
        <height>240</height>
        <depth>3</depth>
    </size>
    <segmented>0</segmented>
    <object>
    <name>hand</name>
    <pose>Unspecified</pose>
    <truncated>0</truncated>
    <difficult>0</difficult>
    <bndbox>
        <xmin>196.60744003592563</xmin>
        <ymin>8.071879458938135</ymin>
        <xmax>319.5772136517329</xmax>
        <ymax>122.73285015325536</ymax>
    </bndbox>
</object>
</annotation>