<annotation verified="yes">
    <folder>Annotation</folder>
    <filename>hand_3496</filename>
    <path>white_background-PascalVOC-export/Annotations/hand310.jpg</path>
    <source>
        <database>Unknown</database>
    </source>
    <size>
        <width>320</width>
        <height>240</height>
        <depth>3</depth>
    </size>
    <segmented>0</segmented>
    <object>
    <name>hand</name>
    <pose>Unspecified</pose>
    <truncated>0</truncated>
    <difficult>0</difficult>
    <bndbox>
        <xmin>96.25057784763314</xmin>
        <ymin>48.94439318806369</ymin>
        <xmax>258.34973319949285</xmax>
        <ymax>204.92161627149096</ymax>
    </bndbox>
</object>
</annotation>