<annotation verified="yes">
    <folder>Annotation</folder>
    <filename>hand_873</filename>
    <path>openmv4_2-PascalVOC-export/Annotations/frame_152.jpg</path>
    <source>
        <database>Unknown</database>
    </source>
    <size>
        <width>320</width>
        <height>240</height>
        <depth>3</depth>
    </size>
    <segmented>0</segmented>
    <object>
    <name>hand</name>
    <pose>Unspecified</pose>
    <truncated>0</truncated>
    <difficult>0</difficult>
    <bndbox>
        <xmin>110.45599422179812</xmin>
        <ymin>111.82067042562217</ymin>
        <xmax>225.90675360474978</xmax>
        <ymax>240</ymax>
    </bndbox>
</object>
</annotation>