<annotation verified="yes">
    <folder>Annotation</folder>
    <filename>hand_2951</filename>
    <path>openmv4_2-PascalVOC-export/Annotations/frame_338.jpg</path>
    <source>
        <database>Unknown</database>
    </source>
    <size>
        <width>320</width>
        <height>240</height>
        <depth>3</depth>
    </size>
    <segmented>0</segmented>
    <object>
    <name>hand</name>
    <pose>Unspecified</pose>
    <truncated>0</truncated>
    <difficult>0</difficult>
    <bndbox>
        <xmin>53.12982069020356</xmin>
        <ymin>105.6699340267958</ymin>
        <xmax>146.2376915023325</xmax>
        <ymax>216.28850462210124</ymax>
    </bndbox>
</object>
</annotation>