<annotation verified="yes">
    <folder>Annotation</folder>
    <filename>hand_443</filename>
    <path>openmv_auto_exposure-PascalVOC-export/Annotations/frame_1042.jpg</path>
    <source>
        <database>Unknown</database>
    </source>
    <size>
        <width>320</width>
        <height>240</height>
        <depth>3</depth>
    </size>
    <segmented>0</segmented>
    <object>
    <name>apple</name>
    <pose>Unspecified</pose>
    <truncated>0</truncated>
    <difficult>0</difficult>
    <bndbox>
        <xmin>57.73449076524132</xmin>
        <ymin>68.85274021673956</ymin>
        <xmax>120.2074678503387</xmax>
        <ymax>125.75607540914223</ymax>
    </bndbox>
</object><object>
    <name>hand</name>
    <pose>Unspecified</pose>
    <truncated>0</truncated>
    <difficult>0</difficult>
    <bndbox>
        <xmin>143.884616657839</xmin>
        <ymin>58.93358547404661</ymin>
        <xmax>295.8726165254237</xmax>
        <ymax>212.4145425052966</ymax>
    </bndbox>
</object>
</annotation>