<annotation verified="yes">
    <folder>Annotation</folder>
    <filename>hand_1135</filename>
    <path>white_background-PascalVOC-export/Annotations/hand1569.jpg</path>
    <source>
        <database>Unknown</database>
    </source>
    <size>
        <width>320</width>
        <height>240</height>
        <depth>3</depth>
    </size>
    <segmented>0</segmented>
    <object>
    <name>hand</name>
    <pose>Unspecified</pose>
    <truncated>0</truncated>
    <difficult>0</difficult>
    <bndbox>
        <xmin>179.74741454459004</xmin>
        <ymin>25.342395528730975</ymin>
        <xmax>320</xmax>
        <ymax>128.06839901000563</ymax>
    </bndbox>
</object>
</annotation>