<annotation verified="yes">
    <folder>Annotation</folder>
    <filename>hand_3118</filename>
    <path>openmv_auto_exposure-PascalVOC-export/Annotations/frame_291.jpg</path>
    <source>
        <database>Unknown</database>
    </source>
    <size>
        <width>320</width>
        <height>240</height>
        <depth>3</depth>
    </size>
    <segmented>0</segmented>
    <object>
    <name>apple</name>
    <pose>Unspecified</pose>
    <truncated>0</truncated>
    <difficult>0</difficult>
    <bndbox>
        <xmin>63.262347722457626</xmin>
        <ymin>116.68968485169492</ymin>
        <xmax>118.56033170021186</xmax>
        <ymax>170.93991657838984</ymax>
    </bndbox>
</object><object>
    <name>hand</name>
    <pose>Unspecified</pose>
    <truncated>0</truncated>
    <difficult>0</difficult>
    <bndbox>
        <xmin>68.76756157309322</xmin>
        <ymin>72.38801807468221</ymin>
        <xmax>230.92174258474577</xmax>
        <ymax>222.80798132944915</ymax>
    </bndbox>
</object>
</annotation>