<annotation verified="yes">
    <folder>Annotation</folder>
    <filename>hand_2560</filename>
    <path>white_background-PascalVOC-export/Annotations/hand1758.jpg</path>
    <source>
        <database>Unknown</database>
    </source>
    <size>
        <width>320</width>
        <height>240</height>
        <depth>3</depth>
    </size>
    <segmented>0</segmented>
    <object>
    <name>hand</name>
    <pose>Unspecified</pose>
    <truncated>0</truncated>
    <difficult>0</difficult>
    <bndbox>
        <xmin>71.22024910185968</xmin>
        <ymin>30.857197827120913</ymin>
        <xmax>239.40910952028742</xmax>
        <ymax>197.10770702684613</ymax>
    </bndbox>
</object>
</annotation>