<annotation verified="yes">
    <folder>Annotation</folder>
    <filename>hand_3130</filename>
    <path>white_background-PascalVOC-export/Annotations/hand691.jpg</path>
    <source>
        <database>Unknown</database>
    </source>
    <size>
        <width>320</width>
        <height>240</height>
        <depth>3</depth>
    </size>
    <segmented>0</segmented>
    <object>
    <name>hand</name>
    <pose>Unspecified</pose>
    <truncated>0</truncated>
    <difficult>0</difficult>
    <bndbox>
        <xmin>78.53297324830652</xmin>
        <ymin>42.677420794829295</ymin>
        <xmax>245.78991585520745</xmax>
        <ymax>199.03407387485893</ymax>
    </bndbox>
</object>
</annotation>