<annotation verified="yes">
    <folder>Annotation</folder>
    <filename>hand_3534</filename>
    <path>white_background-PascalVOC-export/Annotations/hand106.jpg</path>
    <source>
        <database>Unknown</database>
    </source>
    <size>
        <width>320</width>
        <height>240</height>
        <depth>3</depth>
    </size>
    <segmented>0</segmented>
    <object>
    <name>hand</name>
    <pose>Unspecified</pose>
    <truncated>0</truncated>
    <difficult>0</difficult>
    <bndbox>
        <xmin>1.736811866018597</xmin>
        <ymin>1.6926087870807496</ymin>
        <xmax>103.8302712912088</xmax>
        <ymax>130.97486700253666</ymax>
    </bndbox>
</object>
</annotation>