<annotation verified="yes">
    <folder>Annotation</folder>
    <filename>hand_1901</filename>
    <path>white_background-PascalVOC-export/Annotations/hand517.jpg</path>
    <source>
        <database>Unknown</database>
    </source>
    <size>
        <width>320</width>
        <height>240</height>
        <depth>3</depth>
    </size>
    <segmented>0</segmented>
    <object>
    <name>hand</name>
    <pose>Unspecified</pose>
    <truncated>0</truncated>
    <difficult>0</difficult>
    <bndbox>
        <xmin>137.67162074704143</xmin>
        <ymin>73.26688506288754</ymin>
        <xmax>286.5992841293322</xmax>
        <ymax>230.6662699496195</ymax>
    </bndbox>
</object>
</annotation>