<annotation verified="yes">
    <folder>Annotation</folder>
    <filename>hand_1647</filename>
    <path>white_background-PascalVOC-export/Annotations/hand75.jpg</path>
    <source>
        <database>Unknown</database>
    </source>
    <size>
        <width>320</width>
        <height>240</height>
        <depth>3</depth>
    </size>
    <segmented>0</segmented>
    <object>
    <name>hand</name>
    <pose>Unspecified</pose>
    <truncated>0</truncated>
    <difficult>0</difficult>
    <bndbox>
        <xmin>0.8484434536409822</xmin>
        <ymin>0.9568728065921276</ymin>
        <xmax>56.24146644792549</xmax>
        <ymax>105.2654574633183</ymax>
    </bndbox>
</object>
</annotation>