<annotation verified="yes">
    <folder>Annotation</folder>
    <filename>hand_1479</filename>
    <path>openmv_auto_exposure-PascalVOC-export/Annotations/frame_1222.jpg</path>
    <source>
        <database>Unknown</database>
    </source>
    <size>
        <width>320</width>
        <height>240</height>
        <depth>3</depth>
    </size>
    <segmented>0</segmented>
    <object>
    <name>apple</name>
    <pose>Unspecified</pose>
    <truncated>0</truncated>
    <difficult>0</difficult>
    <bndbox>
        <xmin>120.49074748411017</xmin>
        <ymin>109.16909427966101</ymin>
        <xmax>176.49978482521186</xmax>
        <ymax>170.53873146186442</ymax>
    </bndbox>
</object><object>
    <name>hand</name>
    <pose>Unspecified</pose>
    <truncated>0</truncated>
    <difficult>0</difficult>
    <bndbox>
        <xmin>197.81074549788136</xmin>
        <ymin>86.21098715572033</ymin>
        <xmax>320</xmax>
        <ymax>240</ymax>
    </bndbox>
</object>
</annotation>