<annotation verified="yes">
    <folder>Annotation</folder>
    <filename>hand_3911</filename>
    <path>white_background-PascalVOC-export/Annotations/hand1511.jpg</path>
    <source>
        <database>Unknown</database>
    </source>
    <size>
        <width>320</width>
        <height>240</height>
        <depth>3</depth>
    </size>
    <segmented>0</segmented>
    <object>
    <name>hand</name>
    <pose>Unspecified</pose>
    <truncated>0</truncated>
    <difficult>0</difficult>
    <bndbox>
        <xmin>53.494574836221474</xmin>
        <ymin>91.45589284456031</ymin>
        <xmax>213.68831889264584</xmax>
        <ymax>240</ymax>
    </bndbox>
</object>
</annotation>