<annotation verified="yes">
    <folder>Annotation</folder>
    <filename>hand_2158</filename>
    <path>opemv4_ver2-PascalVOC-export/Annotations/frame_594.jpg</path>
    <source>
        <database>Unknown</database>
    </source>
    <size>
        <width>320</width>
        <height>240</height>
        <depth>3</depth>
    </size>
    <segmented>0</segmented>
    <object>
    <name>hand</name>
    <pose>Unspecified</pose>
    <truncated>0</truncated>
    <difficult>0</difficult>
    <bndbox>
        <xmin>52.996514525021205</xmin>
        <ymin>51.83948637673218</ymin>
        <xmax>192.5304482082273</xmax>
        <ymax>143.15742320065044</ymax>
    </bndbox>
</object>
</annotation>