<annotation verified="yes">
    <folder>Annotation</folder>
    <filename>hand_734</filename>
    <path>white_background-PascalVOC-export/Annotations/hand690.jpg</path>
    <source>
        <database>Unknown</database>
    </source>
    <size>
        <width>320</width>
        <height>240</height>
        <depth>3</depth>
    </size>
    <segmented>0</segmented>
    <object>
    <name>hand</name>
    <pose>Unspecified</pose>
    <truncated>0</truncated>
    <difficult>0</difficult>
    <bndbox>
        <xmin>77.59663090071973</xmin>
        <ymin>41.57498534054035</ymin>
        <xmax>246.93370951524133</xmax>
        <ymax>198.1975753474182</ymax>
    </bndbox>
</object>
</annotation>