<annotation verified="yes">
    <folder>Annotation</folder>
    <filename>hand_2428</filename>
    <path>openmv_auto_exposure-PascalVOC-export/Annotations/frame_1017.jpg</path>
    <source>
        <database>Unknown</database>
    </source>
    <size>
        <width>320</width>
        <height>240</height>
        <depth>3</depth>
    </size>
    <segmented>0</segmented>
    <object>
    <name>apple</name>
    <pose>Unspecified</pose>
    <truncated>0</truncated>
    <difficult>0</difficult>
    <bndbox>
        <xmin>44.30006681308213</xmin>
        <ymin>48.98688805022574</ymin>
        <xmax>88.35565397438612</xmax>
        <ymax>94.36430851439053</ymax>
    </bndbox>
</object><object>
    <name>hand</name>
    <pose>Unspecified</pose>
    <truncated>0</truncated>
    <difficult>0</difficult>
    <bndbox>
        <xmin>31.405074814618644</xmin>
        <ymin>13.50926079184322</ymin>
        <xmax>183.45828919491527</xmax>
        <ymax>165.17746954449152</ymax>
    </bndbox>
</object>
</annotation>