<annotation verified="yes">
    <folder>Annotation</folder>
    <filename>hand_3864</filename>
    <path>white_background-PascalVOC-export/Annotations/hand220.jpg</path>
    <source>
        <database>Unknown</database>
    </source>
    <size>
        <width>320</width>
        <height>240</height>
        <depth>3</depth>
    </size>
    <segmented>0</segmented>
    <object>
    <name>hand</name>
    <pose>Unspecified</pose>
    <truncated>0</truncated>
    <difficult>0</difficult>
    <bndbox>
        <xmin>161.86819790786137</xmin>
        <ymin>82.7724246054115</ymin>
        <xmax>316.9201711749789</xmax>
        <ymax>233.99316626444477</ymax>
    </bndbox>
</object>
</annotation>