<annotation verified="yes">
    <folder>Annotation</folder>
    <filename>hand_1727</filename>
    <path>white_background-PascalVOC-export/Annotations/hand1122.jpg</path>
    <source>
        <database>Unknown</database>
    </source>
    <size>
        <width>320</width>
        <height>240</height>
        <depth>3</depth>
    </size>
    <segmented>0</segmented>
    <object>
    <name>hand</name>
    <pose>Unspecified</pose>
    <truncated>0</truncated>
    <difficult>0</difficult>
    <bndbox>
        <xmin>114.98613165680474</xmin>
        <ymin>50.33422768989571</ymin>
        <xmax>274.50823515426885</xmax>
        <ymax>209.01804273534384</ymax>
    </bndbox>
</object>
</annotation>