<annotation verified="yes">
    <folder>Annotation</folder>
    <filename>hand_3870</filename>
    <path>white_background-PascalVOC-export/Annotations/hand1275.jpg</path>
    <source>
        <database>Unknown</database>
    </source>
    <size>
        <width>320</width>
        <height>240</height>
        <depth>3</depth>
    </size>
    <segmented>0</segmented>
    <object>
    <name>hand</name>
    <pose>Unspecified</pose>
    <truncated>0</truncated>
    <difficult>0</difficult>
    <bndbox>
        <xmin>82.91760222950127</xmin>
        <ymin>35.16385083806017</ymin>
        <xmax>256.68923024091293</xmax>
        <ymax>179.66524934822434</ymax>
    </bndbox>
</object>
</annotation>