<annotation verified="yes">
    <folder>Annotation</folder>
    <filename>hand_720</filename>
    <path>white_background-PascalVOC-export/Annotations/hand385.jpg</path>
    <source>
        <database>Unknown</database>
    </source>
    <size>
        <width>320</width>
        <height>240</height>
        <depth>3</depth>
    </size>
    <segmented>0</segmented>
    <object>
    <name>hand</name>
    <pose>Unspecified</pose>
    <truncated>0</truncated>
    <difficult>0</difficult>
    <bndbox>
        <xmin>25.894276997041423</xmin>
        <ymin>5.856897812147689</ymin>
        <xmax>140.48958553465766</xmax>
        <ymax>166.89818647829762</ymax>
    </bndbox>
</object>
</annotation>