<annotation verified="yes">
    <folder>Annotation</folder>
    <filename>hand_1733</filename>
    <path>openmv_auto_exposure-PascalVOC-export/Annotations/frame_1019.jpg</path>
    <source>
        <database>Unknown</database>
    </source>
    <size>
        <width>320</width>
        <height>240</height>
        <depth>3</depth>
    </size>
    <segmented>0</segmented>
    <object>
    <name>apple</name>
    <pose>Unspecified</pose>
    <truncated>0</truncated>
    <difficult>0</difficult>
    <bndbox>
        <xmin>46.63412560859441</xmin>
        <ymin>57.93198286276101</ymin>
        <xmax>100.40820477878916</xmax>
        <ymax>111.24914578336626</ymax>
    </bndbox>
</object><object>
    <name>hand</name>
    <pose>Unspecified</pose>
    <truncated>0</truncated>
    <difficult>0</difficult>
    <bndbox>
        <xmin>42.121507547669495</xmin>
        <ymin>18.745146153336865</ymin>
        <xmax>198.215671345339</xmax>
        <ymax>169.74841101694915</ymax>
    </bndbox>
</object>
</annotation>