<annotation verified="yes">
    <folder>Annotation</folder>
    <filename>hand_3124</filename>
    <path>white_background-PascalVOC-export/Annotations/hand997.jpg</path>
    <source>
        <database>Unknown</database>
    </source>
    <size>
        <width>320</width>
        <height>240</height>
        <depth>3</depth>
    </size>
    <segmented>0</segmented>
    <object>
    <name>hand</name>
    <pose>Unspecified</pose>
    <truncated>0</truncated>
    <difficult>0</difficult>
    <bndbox>
        <xmin>89.39802074513125</xmin>
        <ymin>41.64366435789363</ymin>
        <xmax>239.49175751481795</xmax>
        <ymax>151.67344345196108</ymax>
    </bndbox>
</object>
</annotation>