<annotation verified="yes">
    <folder>Annotation</folder>
    <filename>hand_4105</filename>
    <path>openmv_auto_exposure-PascalVOC-export/Annotations/frame_1489.jpg</path>
    <source>
        <database>Unknown</database>
    </source>
    <size>
        <width>320</width>
        <height>240</height>
        <depth>3</depth>
    </size>
    <segmented>0</segmented>
    <object>
    <name>apple</name>
    <pose>Unspecified</pose>
    <truncated>0</truncated>
    <difficult>0</difficult>
    <bndbox>
        <xmin>90.97583421610169</xmin>
        <ymin>98.29382944915254</ymin>
        <xmax>149.98157772775423</xmax>
        <ymax>157.15869968220338</ymax>
    </bndbox>
</object><object>
    <name>hand</name>
    <pose>Unspecified</pose>
    <truncated>0</truncated>
    <difficult>0</difficult>
    <bndbox>
        <xmin>149.9034858315678</xmin>
        <ymin>76.11297503972457</ymin>
        <xmax>294.1723053495763</xmax>
        <ymax>232.9387910487288</ymax>
    </bndbox>
</object>
</annotation>