<annotation verified="yes">
    <folder>Annotation</folder>
    <filename>hand_2574</filename>
    <path>white_background-PascalVOC-export/Annotations/hand754.jpg</path>
    <source>
        <database>Unknown</database>
    </source>
    <size>
        <width>320</width>
        <height>240</height>
        <depth>3</depth>
    </size>
    <segmented>0</segmented>
    <object>
    <name>hand</name>
    <pose>Unspecified</pose>
    <truncated>0</truncated>
    <difficult>0</difficult>
    <bndbox>
        <xmin>33.58319882514818</xmin>
        <ymin>9.757979761127963</ymin>
        <xmax>261.7553979678239</xmax>
        <ymax>178.87914653287245</ymax>
    </bndbox>
</object>
</annotation>