<annotation verified="yes">
    <folder>Annotation</folder>
    <filename>hand_3656</filename>
    <path>white_background-PascalVOC-export/Annotations/hand1562.jpg</path>
    <source>
        <database>Unknown</database>
    </source>
    <size>
        <width>320</width>
        <height>240</height>
        <depth>3</depth>
    </size>
    <segmented>0</segmented>
    <object>
    <name>hand</name>
    <pose>Unspecified</pose>
    <truncated>0</truncated>
    <difficult>0</difficult>
    <bndbox>
        <xmin>171.6999616969569</xmin>
        <ymin>67.42209244204481</ymin>
        <xmax>319.83509879543533</xmax>
        <ymax>190.4661847343574</ymax>
    </bndbox>
</object>
</annotation>