<annotation verified="yes">
    <folder>Annotation</folder>
    <filename>hand_867</filename>
    <path>white_background-PascalVOC-export/Annotations/hand123.jpg</path>
    <source>
        <database>Unknown</database>
    </source>
    <size>
        <width>320</width>
        <height>240</height>
        <depth>3</depth>
    </size>
    <segmented>0</segmented>
    <object>
    <name>hand</name>
    <pose>Unspecified</pose>
    <truncated>0</truncated>
    <difficult>0</difficult>
    <bndbox>
        <xmin>1.2597243501690618</xmin>
        <ymin>0.9296803436795378</ymin>
        <xmax>124.95040416314457</xmax>
        <ymax>129.25323795976607</ymax>
    </bndbox>
</object>
</annotation>