<annotation verified="yes">
    <folder>Annotation</folder>
    <filename>hand_3497</filename>
    <path>openmv_auto_exposure-PascalVOC-export/Annotations/frame_1510.jpg</path>
    <source>
        <database>Unknown</database>
    </source>
    <size>
        <width>320</width>
        <height>240</height>
        <depth>3</depth>
    </size>
    <segmented>0</segmented>
    <object>
    <name>apple</name>
    <pose>Unspecified</pose>
    <truncated>0</truncated>
    <difficult>0</difficult>
    <bndbox>
        <xmin>88.0834216101695</xmin>
        <ymin>102.11974476959746</ymin>
        <xmax>147.95286016949154</xmax>
        <ymax>158.76784295550848</ymax>
    </bndbox>
</object>
</annotation>