<annotation verified="yes">
    <folder>Annotation</folder>
    <filename>hand_2986</filename>
    <path>white_background-PascalVOC-export/Annotations/hand1532.jpg</path>
    <source>
        <database>Unknown</database>
    </source>
    <size>
        <width>320</width>
        <height>240</height>
        <depth>3</depth>
    </size>
    <segmented>0</segmented>
    <object>
    <name>hand</name>
    <pose>Unspecified</pose>
    <truncated>0</truncated>
    <difficult>0</difficult>
    <bndbox>
        <xmin>71.36507422865597</xmin>
        <ymin>72.97013447276635</ymin>
        <xmax>235.07990807269655</xmax>
        <ymax>233.6296637189966</ymax>
    </bndbox>
</object>
</annotation>