<annotation verified="yes">
    <folder>Annotation</folder>
    <filename>hand_2978</filename>
    <path>white_background-PascalVOC-export/Annotations/hand163.jpg</path>
    <source>
        <database>Unknown</database>
    </source>
    <size>
        <width>320</width>
        <height>240</height>
        <depth>3</depth>
    </size>
    <segmented>0</segmented>
    <object>
    <name>hand</name>
    <pose>Unspecified</pose>
    <truncated>0</truncated>
    <difficult>0</difficult>
    <bndbox>
        <xmin>78.13077847633137</xmin>
        <ymin>72.67778501972943</ymin>
        <xmax>242.09633215342353</xmax>
        <ymax>202.41070563521703</ymax>
    </bndbox>
</object>
</annotation>