<annotation verified="yes">
    <folder>Annotation</folder>
    <filename>hand_1531</filename>
    <path>white_background-PascalVOC-export/Annotations/hand392.jpg</path>
    <source>
        <database>Unknown</database>
    </source>
    <size>
        <width>320</width>
        <height>240</height>
        <depth>3</depth>
    </size>
    <segmented>0</segmented>
    <object>
    <name>hand</name>
    <pose>Unspecified</pose>
    <truncated>0</truncated>
    <difficult>0</difficult>
    <bndbox>
        <xmin>67.93244465870669</xmin>
        <ymin>74.51405831630495</ymin>
        <xmax>213.36703560862216</xmax>
        <ymax>226.29903730975195</ymax>
    </bndbox>
</object>
</annotation>