<annotation verified="yes">
    <folder>Annotation</folder>
    <filename>hand_3680</filename>
    <path>white_background-PascalVOC-export/Annotations/hand104.jpg</path>
    <source>
        <database>Unknown</database>
    </source>
    <size>
        <width>320</width>
        <height>240</height>
        <depth>3</depth>
    </size>
    <segmented>0</segmented>
    <object>
    <name>hand</name>
    <pose>Unspecified</pose>
    <truncated>0</truncated>
    <difficult>0</difficult>
    <bndbox>
        <xmin>2.396433194209637</xmin>
        <ymin>0.39825336236964487</ymin>
        <xmax>103.95188345308539</xmax>
        <ymax>129.50138612422492</ymax>
    </bndbox>
</object>
</annotation>