<annotation verified="yes">
    <folder>Annotation</folder>
    <filename>hand_3125</filename>
    <path>white_background-PascalVOC-export/Annotations/hand599.jpg</path>
    <source>
        <database>Unknown</database>
    </source>
    <size>
        <width>320</width>
        <height>240</height>
        <depth>3</depth>
    </size>
    <segmented>0</segmented>
    <object>
    <name>hand</name>
    <pose>Unspecified</pose>
    <truncated>0</truncated>
    <difficult>0</difficult>
    <bndbox>
        <xmin>139.25185241441253</xmin>
        <ymin>41.43366696466319</ymin>
        <xmax>292.7510500316991</xmax>
        <ymax>188.83649239007892</ymax>
    </bndbox>
</object>
</annotation>