<annotation verified="yes">
    <folder>Annotation</folder>
    <filename>hand_2776</filename>
    <path>white_background-PascalVOC-export/Annotations/hand311.jpg</path>
    <source>
        <database>Unknown</database>
    </source>
    <size>
        <width>320</width>
        <height>240</height>
        <depth>3</depth>
    </size>
    <segmented>0</segmented>
    <object>
    <name>hand</name>
    <pose>Unspecified</pose>
    <truncated>0</truncated>
    <difficult>0</difficult>
    <bndbox>
        <xmin>98.43872173499578</xmin>
        <ymin>46.95539300310033</ymin>
        <xmax>256.6093882079459</xmax>
        <ymax>207.3614481309893</ymax>
    </bndbox>
</object>
</annotation>