<annotation verified="yes">
    <folder>Annotation</folder>
    <filename>hand_3736</filename>
    <path>white_background-PascalVOC-export/Annotations/hand676.jpg</path>
    <source>
        <database>Unknown</database>
    </source>
    <size>
        <width>320</width>
        <height>240</height>
        <depth>3</depth>
    </size>
    <segmented>0</segmented>
    <object>
    <name>hand</name>
    <pose>Unspecified</pose>
    <truncated>0</truncated>
    <difficult>0</difficult>
    <bndbox>
        <xmin>72.06009208298052</xmin>
        <ymin>39.35826010951609</ymin>
        <xmax>232.49940463590178</xmax>
        <ymax>200.22506128315464</ymax>
    </bndbox>
</object>
</annotation>