<annotation verified="yes">
    <folder>Annotation</folder>
    <filename>hand_3285</filename>
    <path>white_background-PascalVOC-export/Annotations/hand1216.jpg</path>
    <source>
        <database>Unknown</database>
    </source>
    <size>
        <width>320</width>
        <height>240</height>
        <depth>3</depth>
    </size>
    <segmented>0</segmented>
    <object>
    <name>hand</name>
    <pose>Unspecified</pose>
    <truncated>0</truncated>
    <difficult>0</difficult>
    <bndbox>
        <xmin>123.39716623520711</xmin>
        <ymin>60.76983566886274</ymin>
        <xmax>282.00331519442096</xmax>
        <ymax>215.51606979284105</ymax>
    </bndbox>
</object>
</annotation>