<annotation verified="yes">
    <folder>Annotation</folder>
    <filename>hand_2011</filename>
    <path>white_background-PascalVOC-export/Annotations/hand1236.jpg</path>
    <source>
        <database>Unknown</database>
    </source>
    <size>
        <width>320</width>
        <height>240</height>
        <depth>3</depth>
    </size>
    <segmented>0</segmented>
    <object>
    <name>hand</name>
    <pose>Unspecified</pose>
    <truncated>0</truncated>
    <difficult>0</difficult>
    <bndbox>
        <xmin>83.75574545646661</xmin>
        <ymin>36.04361997516206</ymin>
        <xmax>233.5791221999155</xmax>
        <ymax>158.84067058025647</ymax>
    </bndbox>
</object>
</annotation>