<annotation verified="yes">
    <folder>Annotation</folder>
    <filename>hand_2831</filename>
    <path>white_background-PascalVOC-export/Annotations/hand214.jpg</path>
    <source>
        <database>Unknown</database>
    </source>
    <size>
        <width>320</width>
        <height>240</height>
        <depth>3</depth>
    </size>
    <segmented>0</segmented>
    <object>
    <name>hand</name>
    <pose>Unspecified</pose>
    <truncated>0</truncated>
    <difficult>0</difficult>
    <bndbox>
        <xmin>135.27148932797974</xmin>
        <ymin>56.47721592710682</ymin>
        <xmax>300.9367405431108</xmax>
        <ymax>207.0865133085541</ymax>
    </bndbox>
</object>
</annotation>