<annotation verified="yes">
    <folder>Annotation</folder>
    <filename>hand_1257</filename>
    <path>white_background-PascalVOC-export/Annotations/hand1188.jpg</path>
    <source>
        <database>Unknown</database>
    </source>
    <size>
        <width>320</width>
        <height>240</height>
        <depth>3</depth>
    </size>
    <segmented>0</segmented>
    <object>
    <name>hand</name>
    <pose>Unspecified</pose>
    <truncated>0</truncated>
    <difficult>0</difficult>
    <bndbox>
        <xmin>47.07993779057482</xmin>
        <ymin>17.607632435967446</ymin>
        <xmax>182.30574413567206</xmax>
        <ymax>193.16707916431793</ymax>
    </bndbox>
</object>
</annotation>