<annotation verified="yes">
    <folder>Annotation</folder>
    <filename>hand_2400</filename>
    <path>openmv_auto_exposure-PascalVOC-export/Annotations/frame_1567.jpg</path>
    <source>
        <database>Unknown</database>
    </source>
    <size>
        <width>320</width>
        <height>240</height>
        <depth>3</depth>
    </size>
    <segmented>0</segmented>
    <object>
    <name>apple</name>
    <pose>Unspecified</pose>
    <truncated>0</truncated>
    <difficult>0</difficult>
    <bndbox>
        <xmin>116.61566472457628</xmin>
        <ymin>91.0054455773305</ymin>
        <xmax>173.39228019067798</xmax>
        <ymax>151.94959944385593</ymax>
    </bndbox>
</object><object>
    <name>hand</name>
    <pose>Unspecified</pose>
    <truncated>0</truncated>
    <difficult>0</difficult>
    <bndbox>
        <xmin>110.29723914194915</xmin>
        <ymin>63.923141220868644</ymin>
        <xmax>260.31667108050846</xmax>
        <ymax>219.4881157309322</ymax>
    </bndbox>
</object>
</annotation>