<annotation verified="yes">
    <folder>Annotation</folder>
    <filename>hand_536</filename>
    <path>white_background-PascalVOC-export/Annotations/hand295.jpg</path>
    <source>
        <database>Unknown</database>
    </source>
    <size>
        <width>320</width>
        <height>240</height>
        <depth>3</depth>
    </size>
    <segmented>0</segmented>
    <object>
    <name>hand</name>
    <pose>Unspecified</pose>
    <truncated>0</truncated>
    <difficult>0</difficult>
    <bndbox>
        <xmin>160.43856984361793</xmin>
        <ymin>85.8672909914036</ymin>
        <xmax>305.5737861897718</xmax>
        <ymax>234.10756279946446</ymax>
    </bndbox>
</object>
</annotation>