<annotation verified="yes">
    <folder>Annotation</folder>
    <filename>hand_1451</filename>
    <path>white_background-PascalVOC-export/Annotations/hand678.jpg</path>
    <source>
        <database>Unknown</database>
    </source>
    <size>
        <width>320</width>
        <height>240</height>
        <depth>3</depth>
    </size>
    <segmented>0</segmented>
    <object>
    <name>hand</name>
    <pose>Unspecified</pose>
    <truncated>0</truncated>
    <difficult>0</difficult>
    <bndbox>
        <xmin>72.21475444538527</xmin>
        <ymin>38.528680736808695</ymin>
        <xmax>233.14382012066045</xmax>
        <ymax>200.14432954465295</ymax>
    </bndbox>
</object>
</annotation>