<annotation verified="yes">
    <folder>Annotation</folder>
    <filename>hand_4111</filename>
    <path>white_background-PascalVOC-export/Annotations/hand1664.jpg</path>
    <source>
        <database>Unknown</database>
    </source>
    <size>
        <width>320</width>
        <height>240</height>
        <depth>3</depth>
    </size>
    <segmented>0</segmented>
    <object>
    <name>hand</name>
    <pose>Unspecified</pose>
    <truncated>0</truncated>
    <difficult>0</difficult>
    <bndbox>
        <xmin>42.899887072062555</xmin>
        <ymin>43.752793717411215</ymin>
        <xmax>212.21137336221472</xmax>
        <ymax>202.41225800627112</ymax>
    </bndbox>
</object>
</annotation>