<annotation verified="yes">
    <folder>Annotation</folder>
    <filename>hand_3858</filename>
    <path>white_background-PascalVOC-export/Annotations/hand1115.jpg</path>
    <source>
        <database>Unknown</database>
    </source>
    <size>
        <width>320</width>
        <height>240</height>
        <depth>3</depth>
    </size>
    <segmented>0</segmented>
    <object>
    <name>hand</name>
    <pose>Unspecified</pose>
    <truncated>0</truncated>
    <difficult>0</difficult>
    <bndbox>
        <xmin>68.18489803465765</xmin>
        <ymin>101.54830296117531</ymin>
        <xmax>198.0318839814032</xmax>
        <ymax>240</ymax>
    </bndbox>
</object>
</annotation>