<annotation verified="yes">
    <folder>Annotation</folder>
    <filename>hand_1726</filename>
    <path>white_background-PascalVOC-export/Annotations/hand1553.jpg</path>
    <source>
        <database>Unknown</database>
    </source>
    <size>
        <width>320</width>
        <height>240</height>
        <depth>3</depth>
    </size>
    <segmented>0</segmented>
    <object>
    <name>hand</name>
    <pose>Unspecified</pose>
    <truncated>0</truncated>
    <difficult>0</difficult>
    <bndbox>
        <xmin>113.98701658918006</xmin>
        <ymin>72.61483141910935</ymin>
        <xmax>281.20205515638213</xmax>
        <ymax>225.11092847202647</ymax>
    </bndbox>
</object>
</annotation>