<annotation verified="yes">
    <folder>Annotation</folder>
    <filename>hand_1337</filename>
    <path>openmv_auto_exposure-PascalVOC-export/Annotations/frame_1383.jpg</path>
    <source>
        <database>Unknown</database>
    </source>
    <size>
        <width>320</width>
        <height>240</height>
        <depth>3</depth>
    </size>
    <segmented>0</segmented>
    <object>
    <name>apple</name>
    <pose>Unspecified</pose>
    <truncated>0</truncated>
    <difficult>0</difficult>
    <bndbox>
        <xmin>62.87619173728814</xmin>
        <ymin>141.85247285487287</ymin>
        <xmax>120.98960540254237</xmax>
        <ymax>200.4325344279661</ymax>
    </bndbox>
</object><object>
    <name>hand</name>
    <pose>Unspecified</pose>
    <truncated>0</truncated>
    <difficult>0</difficult>
    <bndbox>
        <xmin>130.90717690677965</xmin>
        <ymin>180.5845471398305</ymin>
        <xmax>267.54237288135596</xmax>
        <ymax>238.80574682203388</ymax>
    </bndbox>
</object>
</annotation>