<annotation verified="yes">
    <folder>Annotation</folder>
    <filename>hand_899</filename>
    <path>white_background-PascalVOC-export/Annotations/hand105.jpg</path>
    <source>
        <database>Unknown</database>
    </source>
    <size>
        <width>320</width>
        <height>240</height>
        <depth>3</depth>
    </size>
    <segmented>0</segmented>
    <object>
    <name>hand</name>
    <pose>Unspecified</pose>
    <truncated>0</truncated>
    <difficult>0</difficult>
    <bndbox>
        <xmin>0.7833137415469147</xmin>
        <ymin>0.7252669307532412</ymin>
        <xmax>104.43190973689774</xmax>
        <ymax>129.25520319546223</ymax>
    </bndbox>
</object>
</annotation>