<annotation verified="yes">
    <folder>Annotation</folder>
    <filename>hand_3252</filename>
    <path>white_background-PascalVOC-export/Annotations/hand747.jpg</path>
    <source>
        <database>Unknown</database>
    </source>
    <size>
        <width>320</width>
        <height>240</height>
        <depth>3</depth>
    </size>
    <segmented>0</segmented>
    <object>
    <name>hand</name>
    <pose>Unspecified</pose>
    <truncated>0</truncated>
    <difficult>0</difficult>
    <bndbox>
        <xmin>35.75249887542337</xmin>
        <ymin>9.984993342621333</ymin>
        <xmax>194.4417138547841</xmax>
        <ymax>179.47024239912528</ymax>
    </bndbox>
</object>
</annotation>