<annotation verified="yes">
    <folder>Annotation</folder>
    <filename>hand_1280</filename>
    <path>white_background-PascalVOC-export/Annotations/hand1026.jpg</path>
    <source>
        <database>Unknown</database>
    </source>
    <size>
        <width>320</width>
        <height>240</height>
        <depth>3</depth>
    </size>
    <segmented>0</segmented>
    <object>
    <name>hand</name>
    <pose>Unspecified</pose>
    <truncated>0</truncated>
    <difficult>0</difficult>
    <bndbox>
        <xmin>82.74664187975486</xmin>
        <ymin>34.870799515131765</ymin>
        <xmax>221.55358463651734</xmax>
        <ymax>167.1981739272125</ymax>
    </bndbox>
</object>
</annotation>