<annotation verified="yes">
    <folder>Annotation</folder>
    <filename>hand_4312</filename>
    <path>white_background-PascalVOC-export/Annotations/hand1243.jpg</path>
    <source>
        <database>Unknown</database>
    </source>
    <size>
        <width>320</width>
        <height>240</height>
        <depth>3</depth>
    </size>
    <segmented>0</segmented>
    <object>
    <name>hand</name>
    <pose>Unspecified</pose>
    <truncated>0</truncated>
    <difficult>0</difficult>
    <bndbox>
        <xmin>76.6523965817836</xmin>
        <ymin>20.775125841142895</ymin>
        <xmax>254.60422390109892</xmax>
        <ymax>164.51376105376266</ymax>
    </bndbox>
</object>
</annotation>