<annotation verified="yes">
    <folder>Annotation</folder>
    <filename>hand_127</filename>
    <path>white_background-PascalVOC-export/Annotations/hand461.jpg</path>
    <source>
        <database>Unknown</database>
    </source>
    <size>
        <width>320</width>
        <height>240</height>
        <depth>3</depth>
    </size>
    <segmented>0</segmented>
    <object>
    <name>hand</name>
    <pose>Unspecified</pose>
    <truncated>0</truncated>
    <difficult>0</difficult>
    <bndbox>
        <xmin>184.15980954142015</xmin>
        <ymin>73.57444444933765</ymin>
        <xmax>320</xmax>
        <ymax>204.91619948738725</ymax>
    </bndbox>
</object>
</annotation>