<annotation verified="yes">
    <folder>Annotation</folder>
    <filename>hand_2616</filename>
    <path>white_background-PascalVOC-export/Annotations/hand1013.jpg</path>
    <source>
        <database>Unknown</database>
    </source>
    <size>
        <width>320</width>
        <height>240</height>
        <depth>3</depth>
    </size>
    <segmented>0</segmented>
    <object>
    <name>hand</name>
    <pose>Unspecified</pose>
    <truncated>0</truncated>
    <difficult>0</difficult>
    <bndbox>
        <xmin>83.57892408072698</xmin>
        <ymin>39.32216984040304</ymin>
        <xmax>215.9963744188504</xmax>
        <ymax>166.6362981785513</ymax>
    </bndbox>
</object>
</annotation>