<annotation verified="yes">
    <folder>Annotation</folder>
    <filename>hand_2010</filename>
    <path>opemv4_ver2-PascalVOC-export/Annotations/frame_436.jpg</path>
    <source>
        <database>Unknown</database>
    </source>
    <size>
        <width>320</width>
        <height>240</height>
        <depth>3</depth>
    </size>
    <segmented>0</segmented>
    <object>
    <name>hand</name>
    <pose>Unspecified</pose>
    <truncated>0</truncated>
    <difficult>0</difficult>
    <bndbox>
        <xmin>114.2887576865988</xmin>
        <ymin>98.55057798359728</ymin>
        <xmax>231.14530322307039</xmax>
        <ymax>240</ymax>
    </bndbox>
</object>
</annotation>