<annotation verified="yes">
    <folder>Annotation</folder>
    <filename>hand_481</filename>
    <path>white_background-PascalVOC-export/Annotations/hand1370.jpg</path>
    <source>
        <database>Unknown</database>
    </source>
    <size>
        <width>320</width>
        <height>240</height>
        <depth>3</depth>
    </size>
    <segmented>0</segmented>
    <object>
    <name>hand</name>
    <pose>Unspecified</pose>
    <truncated>0</truncated>
    <difficult>0</difficult>
    <bndbox>
        <xmin>53.98209662933221</xmin>
        <ymin>4.135380242830467</ymin>
        <xmax>219.44734652366864</xmax>
        <ymax>198.60439089804115</ymax>
    </bndbox>
</object>
</annotation>