<annotation verified="yes">
    <folder>Annotation</folder>
    <filename>hand_1690</filename>
    <path>white_background-PascalVOC-export/Annotations/hand1433.jpg</path>
    <source>
        <database>Unknown</database>
    </source>
    <size>
        <width>320</width>
        <height>240</height>
        <depth>3</depth>
    </size>
    <segmented>0</segmented>
    <object>
    <name>hand</name>
    <pose>Unspecified</pose>
    <truncated>0</truncated>
    <difficult>0</difficult>
    <bndbox>
        <xmin>134.14835164835165</xmin>
        <ymin>23.689021268584412</ymin>
        <xmax>303.5875422654269</xmax>
        <ymax>190.6952750669391</ymax>
    </bndbox>
</object>
</annotation>