<annotation verified="yes">
    <folder>Annotation</folder>
    <filename>hand_1519</filename>
    <path>white_background-PascalVOC-export/Annotations/hand351.jpg</path>
    <source>
        <database>Unknown</database>
    </source>
    <size>
        <width>320</width>
        <height>240</height>
        <depth>3</depth>
    </size>
    <segmented>0</segmented>
    <object>
    <name>hand</name>
    <pose>Unspecified</pose>
    <truncated>0</truncated>
    <difficult>0</difficult>
    <bndbox>
        <xmin>211.75952953296706</xmin>
        <ymin>83.76484386009723</ymin>
        <xmax>320.00000000000006</xmax>
        <ymax>213.15248577543684</ymax>
    </bndbox>
</object>
</annotation>