<annotation verified="yes">
    <folder>Annotation</folder>
    <filename>hand_2164</filename>
    <path>opemv4_ver2-PascalVOC-export/Annotations/frame_580.jpg</path>
    <source>
        <database>Unknown</database>
    </source>
    <size>
        <width>320</width>
        <height>240</height>
        <depth>3</depth>
    </size>
    <segmented>0</segmented>
    <object>
    <name>hand</name>
    <pose>Unspecified</pose>
    <truncated>0</truncated>
    <difficult>0</difficult>
    <bndbox>
        <xmin>63.83281316263783</xmin>
        <ymin>49.51780845676612</ymin>
        <xmax>162.62614967663274</xmax>
        <ymax>172.28244419011594</ymax>
    </bndbox>
</object>
</annotation>