<annotation verified="yes">
    <folder>Annotation</folder>
    <filename>hand_494</filename>
    <path>white_background-PascalVOC-export/Annotations/hand1301.jpg</path>
    <source>
        <database>Unknown</database>
    </source>
    <size>
        <width>320</width>
        <height>240</height>
        <depth>3</depth>
    </size>
    <segmented>0</segmented>
    <object>
    <name>hand</name>
    <pose>Unspecified</pose>
    <truncated>0</truncated>
    <difficult>0</difficult>
    <bndbox>
        <xmin>100.8851304945055</xmin>
        <ymin>41.032346018003096</ymin>
        <xmax>249.4265770287405</xmax>
        <ymax>215.35786006200675</ymax>
    </bndbox>
</object>
</annotation>