<annotation verified="yes">
    <folder>Annotation</folder>
    <filename>hand_1445</filename>
    <path>white_background-PascalVOC-export/Annotations/hand608.jpg</path>
    <source>
        <database>Unknown</database>
    </source>
    <size>
        <width>320</width>
        <height>240</height>
        <depth>3</depth>
    </size>
    <segmented>0</segmented>
    <object>
    <name>hand</name>
    <pose>Unspecified</pose>
    <truncated>0</truncated>
    <difficult>0</difficult>
    <bndbox>
        <xmin>14.322283785925615</xmin>
        <ymin>1.9646081419109356</ymin>
        <xmax>110.58484784446324</xmax>
        <ymax>144.78878945885003</ymax>
    </bndbox>
</object>
</annotation>