<annotation verified="yes">
    <folder>Annotation</folder>
    <filename>hand_3865</filename>
    <path>opemv4_ver2-PascalVOC-export/Annotations/frame_932.jpg</path>
    <source>
        <database>Unknown</database>
    </source>
    <size>
        <width>320</width>
        <height>240</height>
        <depth>3</depth>
    </size>
    <segmented>0</segmented>
    <object>
    <name>apple</name>
    <pose>Unspecified</pose>
    <truncated>0</truncated>
    <difficult>0</difficult>
    <bndbox>
        <xmin>130.20786948685327</xmin>
        <ymin>0.9216626197504242</ymin>
        <xmax>220.62072598600508</xmax>
        <ymax>48.27588111566742</ymax>
    </bndbox>
</object><object>
    <name>hand</name>
    <pose>Unspecified</pose>
    <truncated>0</truncated>
    <difficult>0</difficult>
    <bndbox>
        <xmin>102.89190057782018</xmin>
        <ymin>1.1463645141049208</ymin>
        <xmax>273.76514127438503</xmax>
        <ymax>175.6714198600113</ymax>
    </bndbox>
</object>
</annotation>