<annotation verified="yes">
    <folder>Annotation</folder>
    <filename>hand_1068</filename>
    <path>white_background-PascalVOC-export/Annotations/hand761.jpg</path>
    <source>
        <database>Unknown</database>
    </source>
    <size>
        <width>320</width>
        <height>240</height>
        <depth>3</depth>
    </size>
    <segmented>0</segmented>
    <object>
    <name>hand</name>
    <pose>Unspecified</pose>
    <truncated>0</truncated>
    <difficult>0</difficult>
    <bndbox>
        <xmin>30.643522438611345</xmin>
        <ymin>71.91648737302484</ymin>
        <xmax>256.63023920406437</xmax>
        <ymax>207.48314713247746</ymax>
    </bndbox>
</object>
</annotation>