<annotation verified="yes">
    <folder>Annotation</folder>
    <filename>hand_907</filename>
    <path>white_background-PascalVOC-export/Annotations/hand447.jpg</path>
    <source>
        <database>Unknown</database>
    </source>
    <size>
        <width>320</width>
        <height>240</height>
        <depth>3</depth>
    </size>
    <segmented>0</segmented>
    <object>
    <name>hand</name>
    <pose>Unspecified</pose>
    <truncated>0</truncated>
    <difficult>0</difficult>
    <bndbox>
        <xmin>99.31596048182588</xmin>
        <ymin>87.32666015625</ymin>
        <xmax>233.2340315934066</xmax>
        <ymax>240</ymax>
    </bndbox>
</object>
</annotation>