<annotation verified="yes">
    <folder>Annotation</folder>
    <filename>hand_3469</filename>
    <path>white_background-PascalVOC-export/Annotations/hand1303.jpg</path>
    <source>
        <database>Unknown</database>
    </source>
    <size>
        <width>320</width>
        <height>240</height>
        <depth>3</depth>
    </size>
    <segmented>0</segmented>
    <object>
    <name>hand</name>
    <pose>Unspecified</pose>
    <truncated>0</truncated>
    <difficult>0</difficult>
    <bndbox>
        <xmin>66.89728840870669</xmin>
        <ymin>9.362911323280722</ymin>
        <xmax>260.27495641377857</xmax>
        <ymax>215.83635366755917</ymax>
    </bndbox>
</object>
</annotation>