<annotation verified="yes">
    <folder>Annotation</folder>
    <filename>hand_2549</filename>
    <path>white_background-PascalVOC-export/Annotations/hand1088.jpg</path>
    <source>
        <database>Unknown</database>
    </source>
    <size>
        <width>320</width>
        <height>240</height>
        <depth>3</depth>
    </size>
    <segmented>0</segmented>
    <object>
    <name>hand</name>
    <pose>Unspecified</pose>
    <truncated>0</truncated>
    <difficult>0</difficult>
    <bndbox>
        <xmin>16.012446838017752</xmin>
        <ymin>1.2906107424076945</ymin>
        <xmax>224.20947141800508</xmax>
        <ymax>189.26025665868093</ymax>
    </bndbox>
</object>
</annotation>