<annotation verified="yes">
    <folder>Annotation</folder>
    <filename>hand_2213</filename>
    <path>white_background-PascalVOC-export/Annotations/hand561.jpg</path>
    <source>
        <database>Unknown</database>
    </source>
    <size>
        <width>320</width>
        <height>240</height>
        <depth>3</depth>
    </size>
    <segmented>0</segmented>
    <object>
    <name>hand</name>
    <pose>Unspecified</pose>
    <truncated>0</truncated>
    <difficult>0</difficult>
    <bndbox>
        <xmin>105.0947174820372</xmin>
        <ymin>46.4512027022266</ymin>
        <xmax>265.14013630600175</xmax>
        <ymax>187.49202345511554</ymax>
    </bndbox>
</object>
</annotation>