<annotation verified="yes">
    <folder>Annotation</folder>
    <filename>hand_4138</filename>
    <path>white_background-PascalVOC-export/Annotations/hand1328.jpg</path>
    <source>
        <database>Unknown</database>
    </source>
    <size>
        <width>320</width>
        <height>240</height>
        <depth>3</depth>
    </size>
    <segmented>0</segmented>
    <object>
    <name>hand</name>
    <pose>Unspecified</pose>
    <truncated>0</truncated>
    <difficult>0</difficult>
    <bndbox>
        <xmin>83.72738139264582</xmin>
        <ymin>2.9876165379262964</ymin>
        <xmax>205.3208210059172</xmax>
        <ymax>194.99099955080325</ymax>
    </bndbox>
</object>
</annotation>