<annotation verified="yes">
    <folder>Annotation</folder>
    <filename>hand_3131</filename>
    <path>white_background-PascalVOC-export/Annotations/hand185.jpg</path>
    <source>
        <database>Unknown</database>
    </source>
    <size>
        <width>320</width>
        <height>240</height>
        <depth>3</depth>
    </size>
    <segmented>0</segmented>
    <object>
    <name>hand</name>
    <pose>Unspecified</pose>
    <truncated>0</truncated>
    <difficult>0</difficult>
    <bndbox>
        <xmin>39.4727965844252</xmin>
        <ymin>46.32446977170237</ymin>
        <xmax>198.98876664201185</xmax>
        <ymax>218.78450447435176</ymax>
    </bndbox>
</object>
</annotation>