<annotation verified="yes">
    <folder>Annotation</folder>
    <filename>hand_1492</filename>
    <path>white_background-PascalVOC-export/Annotations/hand1338.jpg</path>
    <source>
        <database>Unknown</database>
    </source>
    <size>
        <width>320</width>
        <height>240</height>
        <depth>3</depth>
    </size>
    <segmented>0</segmented>
    <object>
    <name>hand</name>
    <pose>Unspecified</pose>
    <truncated>0</truncated>
    <difficult>0</difficult>
    <bndbox>
        <xmin>61.409271317624686</xmin>
        <ymin>5.067001050327649</ymin>
        <xmax>234.7463744188504</xmax>
        <ymax>205.8186555365699</ymax>
    </bndbox>
</object>
</annotation>