<annotation verified="yes">
    <folder>Annotation</folder>
    <filename>hand_3291</filename>
    <path>opemv4_3-PascalVOC-export/Annotations/frame_510.jpg</path>
    <source>
        <database>Unknown</database>
    </source>
    <size>
        <width>320</width>
        <height>240</height>
        <depth>3</depth>
    </size>
    <segmented>0</segmented>
    <object>
    <name>apple</name>
    <pose>Unspecified</pose>
    <truncated>0</truncated>
    <difficult>0</difficult>
    <bndbox>
        <xmin>71.8205241850127</xmin>
        <ymin>169.24189651523704</ymin>
        <xmax>127.94180977455545</xmax>
        <ymax>228.90903309290354</ymax>
    </bndbox>
</object><object>
    <name>hand</name>
    <pose>Unspecified</pose>
    <truncated>0</truncated>
    <difficult>0</difficult>
    <bndbox>
        <xmin>25.32050433954276</xmin>
        <ymin>113.57201431997744</ymin>
        <xmax>132.0005391352667</xmax>
        <ymax>240.00000000000003</ymax>
    </bndbox>
</object>
</annotation>