<annotation verified="yes">
    <folder>Annotation</folder>
    <filename>hand_3520</filename>
    <path>white_background-PascalVOC-export/Annotations/hand1714.jpg</path>
    <source>
        <database>Unknown</database>
    </source>
    <size>
        <width>320</width>
        <height>240</height>
        <depth>3</depth>
    </size>
    <segmented>0</segmented>
    <object>
    <name>hand</name>
    <pose>Unspecified</pose>
    <truncated>0</truncated>
    <difficult>0</difficult>
    <bndbox>
        <xmin>151.23959874260356</xmin>
        <ymin>45.2947192960823</ymin>
        <xmax>317.04673631656806</xmax>
        <ymax>172.45123242848084</ymax>
    </bndbox>
</object>
</annotation>