<annotation verified="yes">
    <folder>Annotation</folder>
    <filename>hand_2945</filename>
    <path>white_background-PascalVOC-export/Annotations/hand375.jpg</path>
    <source>
        <database>Unknown</database>
    </source>
    <size>
        <width>320</width>
        <height>240</height>
        <depth>3</depth>
    </size>
    <segmented>0</segmented>
    <object>
    <name>hand</name>
    <pose>Unspecified</pose>
    <truncated>0</truncated>
    <difficult>0</difficult>
    <bndbox>
        <xmin>30.70447055948859</xmin>
        <ymin>2.1445510675028183</ymin>
        <xmax>157.73794114539308</xmax>
        <ymax>143.78577609744926</ymax>
    </bndbox>
</object>
</annotation>