<annotation verified="yes">
    <folder>Annotation</folder>
    <filename>hand_2575</filename>
    <path>white_background-PascalVOC-export/Annotations/hand749.jpg</path>
    <source>
        <database>Unknown</database>
    </source>
    <size>
        <width>320</width>
        <height>240</height>
        <depth>3</depth>
    </size>
    <segmented>0</segmented>
    <object>
    <name>hand</name>
    <pose>Unspecified</pose>
    <truncated>0</truncated>
    <difficult>0</difficult>
    <bndbox>
        <xmin>37.125284451735816</xmin>
        <ymin>8.548830604983776</ymin>
        <xmax>196.77570649872987</xmax>
        <ymax>178.49433571705703</ymax>
    </bndbox>
</object>
</annotation>