<annotation verified="yes">
    <folder>Annotation</folder>
    <filename>hand_480</filename>
    <path>openmv_auto_exposure-PascalVOC-export/Annotations/frame_203.jpg</path>
    <source>
        <database>Unknown</database>
    </source>
    <size>
        <width>320</width>
        <height>240</height>
        <depth>3</depth>
    </size>
    <segmented>0</segmented>
    <object>
    <name>apple</name>
    <pose>Unspecified</pose>
    <truncated>0</truncated>
    <difficult>0</difficult>
    <bndbox>
        <xmin>81.58289194915254</xmin>
        <ymin>108.78252449682203</ymin>
        <xmax>135.28384864936442</xmax>
        <ymax>171.57744637182202</ymax>
    </bndbox>
</object><object>
    <name>hand</name>
    <pose>Unspecified</pose>
    <truncated>0</truncated>
    <difficult>0</difficult>
    <bndbox>
        <xmin>84.93688757944915</xmin>
        <ymin>64.41479905985169</ymin>
        <xmax>237.3400092690678</xmax>
        <ymax>219.67396054025426</ymax>
    </bndbox>
</object>
</annotation>