<annotation verified="yes">
    <folder>Annotation</folder>
    <filename>hand_2825</filename>
    <path>openmv_auto_exposure-PascalVOC-export/Annotations/frame_1366.jpg</path>
    <source>
        <database>Unknown</database>
    </source>
    <size>
        <width>320</width>
        <height>240</height>
        <depth>3</depth>
    </size>
    <segmented>0</segmented>
    <object>
    <name>apple</name>
    <pose>Unspecified</pose>
    <truncated>0</truncated>
    <difficult>0</difficult>
    <bndbox>
        <xmin>148.78121689618644</xmin>
        <ymin>179.50044690148306</ymin>
        <xmax>205.72384798728814</xmax>
        <ymax>237.36170881885593</ymax>
    </bndbox>
</object><object>
    <name>hand</name>
    <pose>Unspecified</pose>
    <truncated>0</truncated>
    <difficult>0</difficult>
    <bndbox>
        <xmin>196.75662076271186</xmin>
        <ymin>180.13248146186442</ymin>
        <xmax>317.15757415254234</xmax>
        <ymax>238.97255693855934</ymax>
    </bndbox>
</object>
</annotation>