<annotation verified="yes">
    <folder>Annotation</folder>
    <filename>hand_2950</filename>
    <path>white_background-PascalVOC-export/Annotations/hand413.jpg</path>
    <source>
        <database>Unknown</database>
    </source>
    <size>
        <width>320</width>
        <height>240</height>
        <depth>3</depth>
    </size>
    <segmented>0</segmented>
    <object>
    <name>hand</name>
    <pose>Unspecified</pose>
    <truncated>0</truncated>
    <difficult>0</difficult>
    <bndbox>
        <xmin>105.1478299344886</xmin>
        <ymin>70.46336074020574</ymin>
        <xmax>271.2054231825867</xmax>
        <ymax>238.51059906109072</ymax>
    </bndbox>
</object>
</annotation>