<annotation verified="yes">
    <folder>Annotation</folder>
    <filename>hand_3871</filename>
    <path>white_background-PascalVOC-export/Annotations/hand988.jpg</path>
    <source>
        <database>Unknown</database>
    </source>
    <size>
        <width>320</width>
        <height>240</height>
        <depth>3</depth>
    </size>
    <segmented>0</segmented>
    <object>
    <name>hand</name>
    <pose>Unspecified</pose>
    <truncated>0</truncated>
    <difficult>0</difficult>
    <bndbox>
        <xmin>65.04794334779848</xmin>
        <ymin>28.171082231853134</ymin>
        <xmax>232.6753016511431</xmax>
        <ymax>175.4921169582393</ymax>
    </bndbox>
</object>
</annotation>