<annotation verified="yes">
    <folder>Annotation</folder>
    <filename>hand_456</filename>
    <path>white_background-PascalVOC-export/Annotations/hand1252.jpg</path>
    <source>
        <database>Unknown</database>
    </source>
    <size>
        <width>320</width>
        <height>240</height>
        <depth>3</depth>
    </size>
    <segmented>0</segmented>
    <object>
    <name>hand</name>
    <pose>Unspecified</pose>
    <truncated>0</truncated>
    <difficult>0</difficult>
    <bndbox>
        <xmin>86.48987280748099</xmin>
        <ymin>32.466379055982244</ymin>
        <xmax>250.4854250316991</xmax>
        <ymax>183.83648688521703</ymax>
    </bndbox>
</object>
</annotation>