<annotation verified="yes">
    <folder>Annotation</folder>
    <filename>hand_3087</filename>
    <path>white_background-PascalVOC-export/Annotations/hand563.jpg</path>
    <source>
        <database>Unknown</database>
    </source>
    <size>
        <width>320</width>
        <height>240</height>
        <depth>3</depth>
    </size>
    <segmented>0</segmented>
    <object>
    <name>hand</name>
    <pose>Unspecified</pose>
    <truncated>0</truncated>
    <difficult>0</difficult>
    <bndbox>
        <xmin>94.58842389581574</xmin>
        <ymin>49.02976533874718</ymin>
        <xmax>261.36989512890955</xmax>
        <ymax>176.98697990064824</ymax>
    </bndbox>
</object>
</annotation>