<annotation verified="yes">
    <folder>Annotation</folder>
    <filename>hand_1525</filename>
    <path>white_background-PascalVOC-export/Annotations/hand1497.jpg</path>
    <source>
        <database>Unknown</database>
    </source>
    <size>
        <width>320</width>
        <height>240</height>
        <depth>3</depth>
    </size>
    <segmented>0</segmented>
    <object>
    <name>hand</name>
    <pose>Unspecified</pose>
    <truncated>0</truncated>
    <difficult>0</difficult>
    <bndbox>
        <xmin>33.88807256445478</xmin>
        <ymin>135.9523300979425</ymin>
        <xmax>217.96729712595098</xmax>
        <ymax>240</ymax>
    </bndbox>
</object>
</annotation>