<annotation verified="yes">
    <folder>Annotation</folder>
    <filename>hand_1848</filename>
    <path>openmv_auto_exposure-PascalVOC-export/Annotations/frame_15.jpg</path>
    <source>
        <database>Unknown</database>
    </source>
    <size>
        <width>320</width>
        <height>240</height>
        <depth>3</depth>
    </size>
    <segmented>0</segmented>
    <object>
    <name>apple</name>
    <pose>Unspecified</pose>
    <truncated>0</truncated>
    <difficult>0</difficult>
    <bndbox>
        <xmin>87.66914393538136</xmin>
        <ymin>109.82819120762711</ymin>
        <xmax>146.6060480667373</xmax>
        <ymax>166.6479409427966</ymax>
    </bndbox>
</object>
</annotation>