<annotation verified="yes">
    <folder>Annotation</folder>
    <filename>hand_2788</filename>
    <path>white_background-PascalVOC-export/Annotations/hand1600.jpg</path>
    <source>
        <database>Unknown</database>
    </source>
    <size>
        <width>320</width>
        <height>240</height>
        <depth>3</depth>
    </size>
    <segmented>0</segmented>
    <object>
    <name>hand</name>
    <pose>Unspecified</pose>
    <truncated>0</truncated>
    <difficult>0</difficult>
    <bndbox>
        <xmin>0.17298281646238378</xmin>
        <ymin>4.218915145856821</ymin>
        <xmax>92.32603484256128</xmax>
        <ymax>159.98039168193347</ymax>
    </bndbox>
</object>
</annotation>