<annotation verified="yes">
    <folder>Annotation</folder>
    <filename>hand_457</filename>
    <path>opemv4_ver2-PascalVOC-export/Annotations/frame_452.jpg</path>
    <source>
        <database>Unknown</database>
    </source>
    <size>
        <width>320</width>
        <height>240</height>
        <depth>3</depth>
    </size>
    <segmented>0</segmented>
    <object>
    <name>hand</name>
    <pose>Unspecified</pose>
    <truncated>0</truncated>
    <difficult>0</difficult>
    <bndbox>
        <xmin>61.87977099236641</xmin>
        <ymin>15.940768556896916</ymin>
        <xmax>194.93867286895673</xmax>
        <ymax>131.63616197680994</ymax>
    </bndbox>
</object>
</annotation>