<annotation verified="yes">
    <folder>Annotation</folder>
    <filename>hand_1121</filename>
    <path>white_background-PascalVOC-export/Annotations/hand1412.jpg</path>
    <source>
        <database>Unknown</database>
    </source>
    <size>
        <width>320</width>
        <height>240</height>
        <depth>3</depth>
    </size>
    <segmented>0</segmented>
    <object>
    <name>hand</name>
    <pose>Unspecified</pose>
    <truncated>0</truncated>
    <difficult>0</difficult>
    <bndbox>
        <xmin>64.75768372252747</xmin>
        <ymin>36.49010005636978</ymin>
        <xmax>225.0949321111581</xmax>
        <ymax>228.83017831348647</ymax>
    </bndbox>
</object>
</annotation>