<annotation verified="yes">
    <folder>Annotation</folder>
    <filename>hand_324</filename>
    <path>white_background-PascalVOC-export/Annotations/hand1509.jpg</path>
    <source>
        <database>Unknown</database>
    </source>
    <size>
        <width>320</width>
        <height>240</height>
        <depth>3</depth>
    </size>
    <segmented>0</segmented>
    <object>
    <name>hand</name>
    <pose>Unspecified</pose>
    <truncated>0</truncated>
    <difficult>0</difficult>
    <bndbox>
        <xmin>48.76880481297549</xmin>
        <ymin>90.55588095405862</ymin>
        <xmax>214.15409710481828</xmax>
        <ymax>240</ymax>
    </bndbox>
</object>
</annotation>