<annotation verified="yes">
    <folder>Annotation</folder>
    <filename>hand_287</filename>
    <path>white_background-PascalVOC-export/Annotations/hand1467.jpg</path>
    <source>
        <database>Unknown</database>
    </source>
    <size>
        <width>320</width>
        <height>240</height>
        <depth>3</depth>
    </size>
    <segmented>0</segmented>
    <object>
    <name>hand</name>
    <pose>Unspecified</pose>
    <truncated>0</truncated>
    <difficult>0</difficult>
    <bndbox>
        <xmin>1.068638392857143</xmin>
        <ymin>4.893110720388247</ymin>
        <xmax>81.5049793956044</xmax>
        <ymax>173.14818097343573</ymax>
    </bndbox>
</object>
</annotation>