<annotation verified="yes">
    <folder>Annotation</folder>
    <filename>hand_2561</filename>
    <path>white_background-PascalVOC-export/Annotations/hand1652.jpg</path>
    <source>
        <database>Unknown</database>
    </source>
    <size>
        <width>320</width>
        <height>240</height>
        <depth>3</depth>
    </size>
    <segmented>0</segmented>
    <object>
    <name>hand</name>
    <pose>Unspecified</pose>
    <truncated>0</truncated>
    <difficult>0</difficult>
    <bndbox>
        <xmin>25.37627786876585</xmin>
        <ymin>28.48428306880637</ymin>
        <xmax>217.93810756551142</xmax>
        <ymax>212.131504544814</ymax>
    </bndbox>
</object>
</annotation>