<annotation verified="yes">
    <folder>Annotation</folder>
    <filename>hand_2206</filename>
    <path>opemv4_ver2-PascalVOC-export/Annotations/frame_972.jpg</path>
    <source>
        <database>Unknown</database>
    </source>
    <size>
        <width>320</width>
        <height>240</height>
        <depth>3</depth>
    </size>
    <segmented>0</segmented>
    <object>
    <name>hand</name>
    <pose>Unspecified</pose>
    <truncated>0</truncated>
    <difficult>0</difficult>
    <bndbox>
        <xmin>142.31646588740458</xmin>
        <ymin>16.891197791466343</ymin>
        <xmax>219.0916560644614</xmax>
        <ymax>116.61576353047226</ymax>
    </bndbox>
</object><object>
    <name>apple</name>
    <pose>Unspecified</pose>
    <truncated>0</truncated>
    <difficult>0</difficult>
    <bndbox>
        <xmin>162.1117604961832</xmin>
        <ymin>12.871191792898047</ymin>
        <xmax>194.55063215648852</xmax>
        <ymax>46.32411766915299</ymax>
    </bndbox>
</object>
</annotation>