<annotation verified="yes">
    <folder>Annotation</folder>
    <filename>hand_2399</filename>
    <path>white_background-PascalVOC-export/Annotations/hand367.jpg</path>
    <source>
        <database>Unknown</database>
    </source>
    <size>
        <width>320</width>
        <height>240</height>
        <depth>3</depth>
    </size>
    <segmented>0</segmented>
    <object>
    <name>hand</name>
    <pose>Unspecified</pose>
    <truncated>0</truncated>
    <difficult>0</difficult>
    <bndbox>
        <xmin>80.74872543322063</xmin>
        <ymin>4.5477659618975474</ymin>
        <xmax>240.0949981508876</xmax>
        <ymax>147.42933959272827</ymax>
    </bndbox>
</object>
</annotation>