<annotation verified="yes">
    <folder>Annotation</folder>
    <filename>hand_1860</filename>
    <path>white_background-PascalVOC-export/Annotations/hand1546.jpg</path>
    <source>
        <database>Unknown</database>
    </source>
    <size>
        <width>320</width>
        <height>240</height>
        <depth>3</depth>
    </size>
    <segmented>0</segmented>
    <object>
    <name>hand</name>
    <pose>Unspecified</pose>
    <truncated>0</truncated>
    <difficult>0</difficult>
    <bndbox>
        <xmin>76.46111250528318</xmin>
        <ymin>64.32484795571449</ymin>
        <xmax>265.92719780219784</xmax>
        <ymax>212.0589724844983</ymax>
    </bndbox>
</object>
</annotation>