<annotation verified="yes">
    <folder>Annotation</folder>
    <filename>hand_13</filename>
    <path>white_background-PascalVOC-export/Annotations/hand1668.jpg</path>
    <source>
        <database>Unknown</database>
    </source>
    <size>
        <width>320</width>
        <height>240</height>
        <depth>3</depth>
    </size>
    <segmented>0</segmented>
    <object>
    <name>hand</name>
    <pose>Unspecified</pose>
    <truncated>0</truncated>
    <difficult>0</difficult>
    <bndbox>
        <xmin>66.31638643808115</xmin>
        <ymin>29.205375938028464</ymin>
        <xmax>182.3963506445478</xmax>
        <ymax>183.8376924499718</ymax>
    </bndbox>
</object>
</annotation>