<annotation verified="yes">
    <folder>Annotation</folder>
    <filename>hand_3483</filename>
    <path>white_background-PascalVOC-export/Annotations/hand1327.jpg</path>
    <source>
        <database>Unknown</database>
    </source>
    <size>
        <width>320</width>
        <height>240</height>
        <depth>3</depth>
    </size>
    <segmented>0</segmented>
    <object>
    <name>hand</name>
    <pose>Unspecified</pose>
    <truncated>0</truncated>
    <difficult>0</difficult>
    <bndbox>
        <xmin>84.75410106720204</xmin>
        <ymin>3.202661215385428</ymin>
        <xmax>207.28963044167375</xmax>
        <ymax>195.86985625704622</ymax>
    </bndbox>
</object>
</annotation>