<annotation verified="yes">
    <folder>Annotation</folder>
    <filename>hand_669</filename>
    <path>openmv4_20-PascalVOC-export/Annotations/frame_990.jpg</path>
    <source>
        <database>Unknown</database>
    </source>
    <size>
        <width>320</width>
        <height>240</height>
        <depth>3</depth>
    </size>
    <segmented>0</segmented>
    <object>
    <name>hand</name>
    <pose>Unspecified</pose>
    <truncated>0</truncated>
    <difficult>0</difficult>
    <bndbox>
        <xmin>0.3865070649872989</xmin>
        <ymin>36.87735460681787</ymin>
        <xmax>86.32442051227773</xmax>
        <ymax>156.97946793876977</ymax>
    </bndbox>
</object>
</annotation>