<annotation verified="yes">
    <folder>Annotation</folder>
    <filename>hand_1243</filename>
    <path>white_background-PascalVOC-export/Annotations/hand308.jpg</path>
    <source>
        <database>Unknown</database>
    </source>
    <size>
        <width>320</width>
        <height>240</height>
        <depth>3</depth>
    </size>
    <segmented>0</segmented>
    <object>
    <name>hand</name>
    <pose>Unspecified</pose>
    <truncated>0</truncated>
    <difficult>0</difficult>
    <bndbox>
        <xmin>97.90677171386307</xmin>
        <ymin>49.125591222167415</ymin>
        <xmax>257.73622411242604</xmax>
        <ymax>207.03720075570743</ymax>
    </bndbox>
</object>
</annotation>