<annotation verified="yes">
    <folder>Annotation</folder>
    <filename>hand_682</filename>
    <path>white_background-PascalVOC-export/Annotations/hand479.jpg</path>
    <source>
        <database>Unknown</database>
    </source>
    <size>
        <width>320</width>
        <height>240</height>
        <depth>3</depth>
    </size>
    <segmented>0</segmented>
    <object>
    <name>hand</name>
    <pose>Unspecified</pose>
    <truncated>0</truncated>
    <difficult>0</difficult>
    <bndbox>
        <xmin>102.33012930579038</xmin>
        <ymin>0.13344198095758172</ymin>
        <xmax>261.01602123837705</xmax>
        <ymax>121.25056700077508</ymax>
    </bndbox>
</object>
</annotation>