<annotation verified="yes">
    <folder>Annotation</folder>
    <filename>hand_4267</filename>
    <path>white_background-PascalVOC-export/Annotations/hand1627.jpg</path>
    <source>
        <database>Unknown</database>
    </source>
    <size>
        <width>320</width>
        <height>240</height>
        <depth>3</depth>
    </size>
    <segmented>0</segmented>
    <object>
    <name>hand</name>
    <pose>Unspecified</pose>
    <truncated>0</truncated>
    <difficult>0</difficult>
    <bndbox>
        <xmin>68.73910344463229</xmin>
        <ymin>72.45918970634864</ymin>
        <xmax>245.17771291208794</xmax>
        <ymax>235.05749828248307</ymax>
    </bndbox>
</object>
</annotation>