<annotation verified="yes">
    <folder>Annotation</folder>
    <filename>hand_2212</filename>
    <path>white_background-PascalVOC-export/Annotations/hand1633.jpg</path>
    <source>
        <database>Unknown</database>
    </source>
    <size>
        <width>320</width>
        <height>240</height>
        <depth>3</depth>
    </size>
    <segmented>0</segmented>
    <object>
    <name>hand</name>
    <pose>Unspecified</pose>
    <truncated>0</truncated>
    <difficult>0</difficult>
    <bndbox>
        <xmin>101.17180896027051</xmin>
        <ymin>81.25817747234358</ymin>
        <xmax>276.3195068153001</xmax>
        <ymax>240</ymax>
    </bndbox>
</object>
</annotation>