<annotation verified="yes">
    <folder>Annotation</folder>
    <filename>hand_1281</filename>
    <path>white_background-PascalVOC-export/Annotations/hand742.jpg</path>
    <source>
        <database>Unknown</database>
    </source>
    <size>
        <width>320</width>
        <height>240</height>
        <depth>3</depth>
    </size>
    <segmented>0</segmented>
    <object>
    <name>hand</name>
    <pose>Unspecified</pose>
    <truncated>0</truncated>
    <difficult>0</difficult>
    <bndbox>
        <xmin>77.83730683742591</xmin>
        <ymin>19.140692510669442</ymin>
        <xmax>195.34329355419135</xmax>
        <ymax>191.93518645069133</ymax>
    </bndbox>
</object>
</annotation>