<annotation verified="yes">
    <folder>Annotation</folder>
    <filename>hand_2819</filename>
    <path>white_background-PascalVOC-export/Annotations/hand1311.jpg</path>
    <source>
        <database>Unknown</database>
    </source>
    <size>
        <width>320</width>
        <height>240</height>
        <depth>3</depth>
    </size>
    <segmented>0</segmented>
    <object>
    <name>hand</name>
    <pose>Unspecified</pose>
    <truncated>0</truncated>
    <difficult>0</difficult>
    <bndbox>
        <xmin>78.14690868026206</xmin>
        <ymin>15.38987221013599</ymin>
        <xmax>221.53245192307696</xmax>
        <ymax>211.79721630143743</ymax>
    </bndbox>
</object>
</annotation>