<annotation verified="yes">
    <folder>Annotation</folder>
    <filename>hand_3643</filename>
    <path>openmv_auto_exposure-PascalVOC-export/Annotations/frame_1102.jpg</path>
    <source>
        <database>Unknown</database>
    </source>
    <size>
        <width>320</width>
        <height>240</height>
        <depth>3</depth>
    </size>
    <segmented>0</segmented>
    <object>
    <name>apple</name>
    <pose>Unspecified</pose>
    <truncated>0</truncated>
    <difficult>0</difficult>
    <bndbox>
        <xmin>55.77446371822034</xmin>
        <ymin>69.26122219279661</ymin>
        <xmax>120.0803926112288</xmax>
        <ymax>129.46466167902543</ymax>
    </bndbox>
</object><object>
    <name>hand</name>
    <pose>Unspecified</pose>
    <truncated>0</truncated>
    <difficult>0</difficult>
    <bndbox>
        <xmin>167.68265029131356</xmin>
        <ymin>90.13284560381356</ymin>
        <xmax>298.91452595338984</xmax>
        <ymax>240</ymax>
    </bndbox>
</object>
</annotation>