<annotation verified="yes">
    <folder>Annotation</folder>
    <filename>hand_1069</filename>
    <path>white_background-PascalVOC-export/Annotations/hand555.jpg</path>
    <source>
        <database>Unknown</database>
    </source>
    <size>
        <width>320</width>
        <height>240</height>
        <depth>3</depth>
    </size>
    <segmented>0</segmented>
    <object>
    <name>hand</name>
    <pose>Unspecified</pose>
    <truncated>0</truncated>
    <difficult>0</difficult>
    <bndbox>
        <xmin>156.82835944103974</xmin>
        <ymin>63.10915975989994</ymin>
        <xmax>309.55489222316146</xmax>
        <ymax>205.19914388387824</ymax>
    </bndbox>
</object>
</annotation>