<annotation verified="yes">
    <folder>Annotation</folder>
    <filename>hand_4307</filename>
    <path>white_background-PascalVOC-export/Annotations/hand161.jpg</path>
    <source>
        <database>Unknown</database>
    </source>
    <size>
        <width>320</width>
        <height>240</height>
        <depth>3</depth>
    </size>
    <segmented>0</segmented>
    <object>
    <name>hand</name>
    <pose>Unspecified</pose>
    <truncated>0</truncated>
    <difficult>0</difficult>
    <bndbox>
        <xmin>80.01865622358412</xmin>
        <ymin>73.30183818348365</ymin>
        <xmax>241.2430658284024</xmax>
        <ymax>219.4905360414318</ymax>
    </bndbox>
</object>
</annotation>