<annotation verified="yes">
    <folder>Annotation</folder>
    <filename>hand_4273</filename>
    <path>white_background-PascalVOC-export/Annotations/hand515.jpg</path>
    <source>
        <database>Unknown</database>
    </source>
    <size>
        <width>320</width>
        <height>240</height>
        <depth>3</depth>
    </size>
    <segmented>0</segmented>
    <object>
    <name>hand</name>
    <pose>Unspecified</pose>
    <truncated>0</truncated>
    <difficult>0</difficult>
    <bndbox>
        <xmin>123.41493092244295</xmin>
        <ymin>83.19672559804819</ymin>
        <xmax>260.82242577134406</xmax>
        <ymax>240</ymax>
    </bndbox>
</object>
</annotation>