<annotation verified="yes">
    <folder>Annotation</folder>
    <filename>hand_4071</filename>
    <path>white_background-PascalVOC-export/Annotations/hand1464.jpg</path>
    <source>
        <database>Unknown</database>
    </source>
    <size>
        <width>320</width>
        <height>240</height>
        <depth>3</depth>
    </size>
    <segmented>0</segmented>
    <object>
    <name>hand</name>
    <pose>Unspecified</pose>
    <truncated>0</truncated>
    <difficult>0</difficult>
    <bndbox>
        <xmin>0.16884707840236687</xmin>
        <ymin>0.4558603658751409</ymin>
        <xmax>79.82684382924768</xmax>
        <ymax>162.14540432109638</ymax>
    </bndbox>
</object>
</annotation>