<annotation verified="yes">
    <folder>Annotation</folder>
    <filename>hand_1874</filename>
    <path>white_background-PascalVOC-export/Annotations/hand1397.jpg</path>
    <source>
        <database>Unknown</database>
    </source>
    <size>
        <width>320</width>
        <height>240</height>
        <depth>3</depth>
    </size>
    <segmented>0</segmented>
    <object>
    <name>hand</name>
    <pose>Unspecified</pose>
    <truncated>0</truncated>
    <difficult>0</difficult>
    <bndbox>
        <xmin>63.71285265215554</xmin>
        <ymin>52.763911336492384</ymin>
        <xmax>199.0268385460693</xmax>
        <ymax>240</ymax>
    </bndbox>
</object>
</annotation>