<annotation verified="yes">
    <folder>Annotation</folder>
    <filename>hand_3326</filename>
    <path>white_background-PascalVOC-export/Annotations/hand202.jpg</path>
    <source>
        <database>Unknown</database>
    </source>
    <size>
        <width>320</width>
        <height>240</height>
        <depth>3</depth>
    </size>
    <segmented>0</segmented>
    <object>
    <name>hand</name>
    <pose>Unspecified</pose>
    <truncated>0</truncated>
    <difficult>0</difficult>
    <bndbox>
        <xmin>146.37616890321218</xmin>
        <ymin>68.82627811883455</ymin>
        <xmax>304.1433656487743</xmax>
        <ymax>219.1050525824408</ymax>
    </bndbox>
</object>
</annotation>