<annotation verified="yes">
    <folder>Annotation</folder>
    <filename>hand_3722</filename>
    <path>white_background-PascalVOC-export/Annotations/hand306.jpg</path>
    <source>
        <database>Unknown</database>
    </source>
    <size>
        <width>320</width>
        <height>240</height>
        <depth>3</depth>
    </size>
    <segmented>0</segmented>
    <object>
    <name>hand</name>
    <pose>Unspecified</pose>
    <truncated>0</truncated>
    <difficult>0</difficult>
    <bndbox>
        <xmin>96.78521898774304</xmin>
        <ymin>48.53864633244081</ymin>
        <xmax>257.1866414835165</xmax>
        <ymax>206.0447236999718</ymax>
    </bndbox>
</object>
</annotation>