<annotation verified="yes">
    <folder>Annotation</folder>
    <filename>hand_3246</filename>
    <path>opemv4_ver2-PascalVOC-export/Annotations/frame_614.jpg</path>
    <source>
        <database>Unknown</database>
    </source>
    <size>
        <width>320</width>
        <height>240</height>
        <depth>3</depth>
    </size>
    <segmented>0</segmented>
    <object>
    <name>hand</name>
    <pose>Unspecified</pose>
    <truncated>0</truncated>
    <difficult>0</difficult>
    <bndbox>
        <xmin>21.751268951441897</xmin>
        <ymin>0.5383839326746324</ymin>
        <xmax>139.80980637722644</xmax>
        <ymax>64.0054031303026</ymax>
    </bndbox>
</object>
</annotation>