<annotation verified="yes">
    <folder>Annotation</folder>
    <filename>hand_132</filename>
    <path>white_background-PascalVOC-export/Annotations/hand286.jpg</path>
    <source>
        <database>Unknown</database>
    </source>
    <size>
        <width>320</width>
        <height>240</height>
        <depth>3</depth>
    </size>
    <segmented>0</segmented>
    <object>
    <name>hand</name>
    <pose>Unspecified</pose>
    <truncated>0</truncated>
    <difficult>0</difficult>
    <bndbox>
        <xmin>146.09975961538464</xmin>
        <ymin>1.1619414767122322</ymin>
        <xmax>302.887323013525</xmax>
        <ymax>125.26954005777903</ymax>
    </bndbox>
</object>
</annotation>