<annotation verified="yes">
    <folder>Annotation</folder>
    <filename>hand_3454</filename>
    <path>openmv4_2-PascalVOC-export/Annotations/frame_406.jpg</path>
    <source>
        <database>Unknown</database>
    </source>
    <size>
        <width>320</width>
        <height>240</height>
        <depth>3</depth>
    </size>
    <segmented>0</segmented>
    <object>
    <name>hand</name>
    <pose>Unspecified</pose>
    <truncated>0</truncated>
    <difficult>0</difficult>
    <bndbox>
        <xmin>16.330874946988974</xmin>
        <ymin>32.20331804784714</ymin>
        <xmax>161.1926155640373</xmax>
        <ymax>165.2045810060803</ymax>
    </bndbox>
</object>
</annotation>