<annotation verified="yes">
    <folder>Annotation</folder>
    <filename>hand_1732</filename>
    <path>white_background-PascalVOC-export/Annotations/hand619.jpg</path>
    <source>
        <database>Unknown</database>
    </source>
    <size>
        <width>320</width>
        <height>240</height>
        <depth>3</depth>
    </size>
    <segmented>0</segmented>
    <object>
    <name>hand</name>
    <pose>Unspecified</pose>
    <truncated>0</truncated>
    <difficult>0</difficult>
    <bndbox>
        <xmin>13.04356475855875</xmin>
        <ymin>1.1634814618270857</ymin>
        <xmax>109.98874022612004</xmax>
        <ymax>140.0865749630073</ymax>
    </bndbox>
</object>
</annotation>