<annotation verified="yes">
    <folder>Annotation</folder>
    <filename>hand_1928</filename>
    <path>white_background-PascalVOC-export/Annotations/hand1630.jpg</path>
    <source>
        <database>Unknown</database>
    </source>
    <size>
        <width>320</width>
        <height>240</height>
        <depth>3</depth>
    </size>
    <segmented>0</segmented>
    <object>
    <name>hand</name>
    <pose>Unspecified</pose>
    <truncated>0</truncated>
    <difficult>0</difficult>
    <bndbox>
        <xmin>89.6639568364328</xmin>
        <ymin>77.09552751990557</ymin>
        <xmax>266.4625488693998</xmax>
        <ymax>239.99999999999997</ymax>
    </bndbox>
</object>
</annotation>