<annotation verified="yes">
    <folder>Annotation</folder>
    <filename>hand_3482</filename>
    <path>white_background-PascalVOC-export/Annotations/hand662.jpg</path>
    <source>
        <database>Unknown</database>
    </source>
    <size>
        <width>320</width>
        <height>240</height>
        <depth>3</depth>
    </size>
    <segmented>0</segmented>
    <object>
    <name>hand</name>
    <pose>Unspecified</pose>
    <truncated>0</truncated>
    <difficult>0</difficult>
    <bndbox>
        <xmin>72.91269877958581</xmin>
        <ymin>34.06089533275789</ymin>
        <xmax>237.31241414835168</xmax>
        <ymax>215.37155065353718</ymax>
    </bndbox>
</object>
</annotation>