<annotation verified="yes">
    <folder>Annotation</folder>
    <filename>hand_495</filename>
    <path>white_background-PascalVOC-export/Annotations/hand156.jpg</path>
    <source>
        <database>Unknown</database>
    </source>
    <size>
        <width>320</width>
        <height>240</height>
        <depth>3</depth>
    </size>
    <segmented>0</segmented>
    <object>
    <name>hand</name>
    <pose>Unspecified</pose>
    <truncated>0</truncated>
    <difficult>0</difficult>
    <bndbox>
        <xmin>73.04137719251902</xmin>
        <ymin>74.03686110572858</ymin>
        <xmax>238.5622490490279</xmax>
        <ymax>239.77302353438557</ymax>
    </bndbox>
</object>
</annotation>