<annotation verified="yes">
    <folder>Annotation</folder>
    <filename>hand_3044</filename>
    <path>white_background-PascalVOC-export/Annotations/hand96.jpg</path>
    <source>
        <database>Unknown</database>
    </source>
    <size>
        <width>320</width>
        <height>240</height>
        <depth>3</depth>
    </size>
    <segmented>0</segmented>
    <object>
    <name>hand</name>
    <pose>Unspecified</pose>
    <truncated>0</truncated>
    <difficult>0</difficult>
    <bndbox>
        <xmin>6.6496050751481794</xmin>
        <ymin>1.1195969420146727</ymin>
        <xmax>89.37091514077052</xmax>
        <ymax>110.26080611597065</ymax>
    </bndbox>
</object>
</annotation>