<annotation verified="yes">
    <folder>Annotation</folder>
    <filename>hand_3905</filename>
    <path>white_background-PascalVOC-export/Annotations/hand1434.jpg</path>
    <source>
        <database>Unknown</database>
    </source>
    <size>
        <width>320</width>
        <height>240</height>
        <depth>3</depth>
    </size>
    <segmented>0</segmented>
    <object>
    <name>hand</name>
    <pose>Unspecified</pose>
    <truncated>0</truncated>
    <difficult>0</difficult>
    <bndbox>
        <xmin>128.58503275570584</xmin>
        <ymin>13.622439963976182</ymin>
        <xmax>298.9282742497887</xmax>
        <ymax>172.96647098717585</ymax>
    </bndbox>
</object>
</annotation>