<annotation verified="yes">
    <folder>Annotation</folder>
    <filename>hand_1684</filename>
    <path>white_background-PascalVOC-export/Annotations/hand1180.jpg</path>
    <source>
        <database>Unknown</database>
    </source>
    <size>
        <width>320</width>
        <height>240</height>
        <depth>3</depth>
    </size>
    <segmented>0</segmented>
    <object>
    <name>hand</name>
    <pose>Unspecified</pose>
    <truncated>0</truncated>
    <difficult>0</difficult>
    <bndbox>
        <xmin>108.13375026415893</xmin>
        <ymin>1.941165687535231</ymin>
        <xmax>253.2072855029586</xmax>
        <ymax>150.464852557779</ymax>
    </bndbox>
</object>
</annotation>