<annotation verified="yes">
    <folder>Annotation</folder>
    <filename>hand_126</filename>
    <path>white_background-PascalVOC-export/Annotations/hand1680.jpg</path>
    <source>
        <database>Unknown</database>
    </source>
    <size>
        <width>320</width>
        <height>240</height>
        <depth>3</depth>
    </size>
    <segmented>0</segmented>
    <object>
    <name>hand</name>
    <pose>Unspecified</pose>
    <truncated>0</truncated>
    <difficult>0</difficult>
    <bndbox>
        <xmin>1.6401297020287406</xmin>
        <ymin>13.433884681951099</ymin>
        <xmax>75.39092217878277</xmax>
        <ymax>192.8940435192362</ymax>
    </bndbox>
</object>
</annotation>