<annotation verified="yes">
    <folder>Annotation</folder>
    <filename>hand_3657</filename>
    <path>white_background-PascalVOC-export/Annotations/hand1620.jpg</path>
    <source>
        <database>Unknown</database>
    </source>
    <size>
        <width>320</width>
        <height>240</height>
        <depth>3</depth>
    </size>
    <segmented>0</segmented>
    <object>
    <name>hand</name>
    <pose>Unspecified</pose>
    <truncated>0</truncated>
    <difficult>0</difficult>
    <bndbox>
        <xmin>55.03272268596788</xmin>
        <ymin>72.60937334854142</ymin>
        <xmax>233.9467983939138</xmax>
        <ymax>234.8946974968292</ymax>
    </bndbox>
</object>
</annotation>