<annotation verified="yes">
    <folder>Annotation</folder>
    <filename>hand_2789</filename>
    <path>white_background-PascalVOC-export/Annotations/hand1173.jpg</path>
    <source>
        <database>Unknown</database>
    </source>
    <size>
        <width>320</width>
        <height>240</height>
        <depth>3</depth>
    </size>
    <segmented>0</segmented>
    <object>
    <name>hand</name>
    <pose>Unspecified</pose>
    <truncated>0</truncated>
    <difficult>0</difficult>
    <bndbox>
        <xmin>151.11646766694844</xmin>
        <ymin>11.630524954639938</ymin>
        <xmax>304.439619875317</xmax>
        <ymax>167.9751026106257</ymax>
    </bndbox>
</object>
</annotation>