<annotation verified="yes">
    <folder>Annotation</folder>
    <filename>hand_4313</filename>
    <path>openmv_auto_exposure-PascalVOC-export/Annotations/frame_230.jpg</path>
    <source>
        <database>Unknown</database>
    </source>
    <size>
        <width>320</width>
        <height>240</height>
        <depth>3</depth>
    </size>
    <segmented>0</segmented>
    <object>
    <name>apple</name>
    <pose>Unspecified</pose>
    <truncated>0</truncated>
    <difficult>0</difficult>
    <bndbox>
        <xmin>78.19134004237289</xmin>
        <ymin>110.51168564618644</ymin>
        <xmax>132.20067531779662</xmax>
        <ymax>168.3282905190678</ymax>
    </bndbox>
</object><object>
    <name>hand</name>
    <pose>Unspecified</pose>
    <truncated>0</truncated>
    <difficult>0</difficult>
    <bndbox>
        <xmin>76.44753045550847</xmin>
        <ymin>59.14701403601695</ymin>
        <xmax>231.87106064618644</xmax>
        <ymax>219.3387678760593</ymax>
    </bndbox>
</object>
</annotation>