<annotation verified="yes">
    <folder>Annotation</folder>
    <filename>hand_3859</filename>
    <path>white_background-PascalVOC-export/Annotations/hand1101.jpg</path>
    <source>
        <database>Unknown</database>
    </source>
    <size>
        <width>320</width>
        <height>240</height>
        <depth>3</depth>
    </size>
    <segmented>0</segmented>
    <object>
    <name>hand</name>
    <pose>Unspecified</pose>
    <truncated>0</truncated>
    <difficult>0</difficult>
    <bndbox>
        <xmin>1.7037589814032124</xmin>
        <ymin>27.035549297139234</ymin>
        <xmax>221.56725486052412</xmax>
        <ymax>164.7061064332018</ymax>
    </bndbox>
</object>
</annotation>