<annotation verified="yes">
    <folder>Annotation</folder>
    <filename>hand_293</filename>
    <path>white_background-PascalVOC-export/Annotations/hand1455.jpg</path>
    <source>
        <database>Unknown</database>
    </source>
    <size>
        <width>320</width>
        <height>240</height>
        <depth>3</depth>
    </size>
    <segmented>0</segmented>
    <object>
    <name>hand</name>
    <pose>Unspecified</pose>
    <truncated>0</truncated>
    <difficult>0</difficult>
    <bndbox>
        <xmin>1.1626294378698225</xmin>
        <ymin>1.2063491976113303</ymin>
        <xmax>127.75666340870669</xmax>
        <ymax>144.60260401987034</ymax>
    </bndbox>
</object>
</annotation>