<annotation verified="yes">
    <folder>Annotation</folder>
    <filename>hand_3468</filename>
    <path>white_background-PascalVOC-export/Annotations/hand689.jpg</path>
    <source>
        <database>Unknown</database>
    </source>
    <size>
        <width>320</width>
        <height>240</height>
        <depth>3</depth>
    </size>
    <segmented>0</segmented>
    <object>
    <name>hand</name>
    <pose>Unspecified</pose>
    <truncated>0</truncated>
    <difficult>0</difficult>
    <bndbox>
        <xmin>78.44070835097375</xmin>
        <ymin>41.89019954500565</ymin>
        <xmax>246.3385769475021</xmax>
        <ymax>200.0937378756349</ymax>
    </bndbox>
</object>
</annotation>