<annotation verified="yes">
    <folder>Annotation</folder>
    <filename>hand_325</filename>
    <path>openmv4_2-PascalVOC-export/Annotations/frame_154.jpg</path>
    <source>
        <database>Unknown</database>
    </source>
    <size>
        <width>320</width>
        <height>240</height>
        <depth>3</depth>
    </size>
    <segmented>0</segmented>
    <object>
    <name>hand</name>
    <pose>Unspecified</pose>
    <truncated>0</truncated>
    <difficult>0</difficult>
    <bndbox>
        <xmin>112.67124218087362</xmin>
        <ymin>110.23535819075225</ymin>
        <xmax>226.18095313825273</xmax>
        <ymax>239.26509253040155</ymax>
    </bndbox>
</object>
</annotation>