<annotation verified="yes">
    <folder>Annotation</folder>
    <filename>hand_3078</filename>
    <path>white_background-PascalVOC-export/Annotations/hand1617.jpg</path>
    <source>
        <database>Unknown</database>
    </source>
    <size>
        <width>320</width>
        <height>240</height>
        <depth>3</depth>
    </size>
    <segmented>0</segmented>
    <object>
    <name>hand</name>
    <pose>Unspecified</pose>
    <truncated>0</truncated>
    <difficult>0</difficult>
    <bndbox>
        <xmin>44.06956625105664</xmin>
        <ymin>80.94510221427565</ymin>
        <xmax>211.1684079142012</xmax>
        <ymax>240</ymax>
    </bndbox>
</object>
</annotation>