<annotation verified="yes">
    <folder>Annotation</folder>
    <filename>hand_4104</filename>
    <path>white_background-PascalVOC-export/Annotations/hand1114.jpg</path>
    <source>
        <database>Unknown</database>
    </source>
    <size>
        <width>320</width>
        <height>240</height>
        <depth>3</depth>
    </size>
    <segmented>0</segmented>
    <object>
    <name>hand</name>
    <pose>Unspecified</pose>
    <truncated>0</truncated>
    <difficult>0</difficult>
    <bndbox>
        <xmin>60.668272532755715</xmin>
        <ymin>91.00305464786499</ymin>
        <xmax>187.2093261306002</xmax>
        <ymax>239.99999999999997</ymax>
    </bndbox>
</object>
</annotation>