<annotation verified="yes">
    <folder>Annotation</folder>
    <filename>apple219</filename>
    <path>apple_dataset-PascalVOC-export/Annotations/frame_219.jpg</path>
    <source>
        <database>Unknown</database>
    </source>
    <size>
        <width>320</width>
        <height>240</height>
        <depth>3</depth>
    </size>
    <segmented>0</segmented>
    <object>
    <name>apple</name>
    <pose>Unspecified</pose>
    <truncated>0</truncated>
    <difficult>0</difficult>
    <bndbox>
        <xmin>38.13254127857748</xmin>
        <ymin>79.13158683690746</ymin>
        <xmax>159.35192964119392</xmax>
        <ymax>200.8986414097771</ymax>
    </bndbox>
</object>
</annotation>