<annotation verified="yes">
    <folder>Annotation</folder>
    <filename>apple816</filename>
    <path>apple_dataset-PascalVOC-export/Annotations/frame_816.jpg</path>
    <source>
        <database>Unknown</database>
    </source>
    <size>
        <width>320</width>
        <height>240</height>
        <depth>3</depth>
    </size>
    <segmented>0</segmented>
    <object>
    <name>apple</name>
    <pose>Unspecified</pose>
    <truncated>0</truncated>
    <difficult>0</difficult>
    <bndbox>
        <xmin>48.88240236028789</xmin>
        <ymin>36.88652641348053</ymin>
        <xmax>136.06692553979678</xmax>
        <ymax>127.52594063029065</ymax>
    </bndbox>
</object>
</annotation>