<annotation verified="yes">
    <folder>Annotation</folder>
    <filename>apple225</filename>
    <path>apple_dataset-PascalVOC-export/Annotations/frame_225.jpg</path>
    <source>
        <database>Unknown</database>
    </source>
    <size>
        <width>320</width>
        <height>240</height>
        <depth>3</depth>
    </size>
    <segmented>0</segmented>
    <object>
    <name>apple</name>
    <pose>Unspecified</pose>
    <truncated>0</truncated>
    <difficult>0</difficult>
    <bndbox>
        <xmin>33.028319485605415</xmin>
        <ymin>92.93477973335216</ymin>
        <xmax>161.7350563611346</xmax>
        <ymax>218.83649632301075</ymax>
    </bndbox>
</object>
</annotation>