<annotation verified="yes">
    <folder>Annotation</folder>
    <filename>apple597</filename>
    <path>apple_dataset-PascalVOC-export/Annotations/frame_597.jpg</path>
    <source>
        <database>Unknown</database>
    </source>
    <size>
        <width>320</width>
        <height>240</height>
        <depth>3</depth>
    </size>
    <segmented>0</segmented>
    <object>
    <name>apple</name>
    <pose>Unspecified</pose>
    <truncated>0</truncated>
    <difficult>0</difficult>
    <bndbox>
        <xmin>97.29972613251482</xmin>
        <ymin>69.19591210496614</ymin>
        <xmax>153.75226569115156</xmax>
        <ymax>127.89344115935384</ymax>
    </bndbox>
</object>
</annotation>