<annotation verified="yes">
    <folder>Annotation</folder>
    <filename>apple636</filename>
    <path>apple_dataset-PascalVOC-export/Annotations/frame_636.jpg</path>
    <source>
        <database>Unknown</database>
    </source>
    <size>
        <width>320</width>
        <height>240</height>
        <depth>3</depth>
    </size>
    <segmented>0</segmented>
    <object>
    <name>apple</name>
    <pose>Unspecified</pose>
    <truncated>0</truncated>
    <difficult>0</difficult>
    <bndbox>
        <xmin>120.22536184906859</xmin>
        <ymin>71.73708534671276</ymin>
        <xmax>158.73660430779</xmax>
        <ymax>113.65972307950057</ymax>
    </bndbox>
</object>
</annotation>