<annotation verified="yes">
    <folder>Annotation</folder>
    <filename>apple381</filename>
    <path>apple_dataset-PascalVOC-export/Annotations/frame_381.jpg</path>
    <source>
        <database>Unknown</database>
    </source>
    <size>
        <width>320</width>
        <height>240</height>
        <depth>3</depth>
    </size>
    <segmented>0</segmented>
    <object>
    <name>apple</name>
    <pose>Unspecified</pose>
    <truncated>0</truncated>
    <difficult>0</difficult>
    <bndbox>
        <xmin>153.4613311018205</xmin>
        <ymin>25.689825398120064</ymin>
        <xmax>283.43974915326</xmax>
        <ymax>132.67491601121617</ymax>
    </bndbox>
</object>
</annotation>