<annotation verified="yes">
    <folder>Annotation</folder>
    <filename>apple222</filename>
    <path>apple_dataset-PascalVOC-export/Annotations/frame_222.jpg</path>
    <source>
        <database>Unknown</database>
    </source>
    <size>
        <width>320</width>
        <height>240</height>
        <depth>3</depth>
    </size>
    <segmented>0</segmented>
    <object>
    <name>apple</name>
    <pose>Unspecified</pose>
    <truncated>0</truncated>
    <difficult>0</difficult>
    <bndbox>
        <xmin>40.418780760478406</xmin>
        <ymin>86.24765228202597</ymin>
        <xmax>164.63219729043183</xmax>
        <ymax>212.17722735609482</ymax>
    </bndbox>
</object>
</annotation>