<annotation verified="yes">
    <folder>Annotation</folder>
    <filename>apple192</filename>
    <path>apple_dataset-PascalVOC-export/Annotations/frame_192.jpg</path>
    <source>
        <database>Unknown</database>
    </source>
    <size>
        <width>320</width>
        <height>240</height>
        <depth>3</depth>
    </size>
    <segmented>0</segmented>
    <object>
    <name>apple</name>
    <pose>Unspecified</pose>
    <truncated>0</truncated>
    <difficult>0</difficult>
    <bndbox>
        <xmin>212.6859520533446</xmin>
        <ymin>102.36233885616535</ymin>
        <xmax>273.7717307895851</xmax>
        <ymax>170.51855909636004</ymax>
    </bndbox>
</object>
</annotation>