<annotation verified="yes">
    <folder>Annotation</folder>
    <filename>apple423</filename>
    <path>apple_dataset-PascalVOC-export/Annotations/frame_423.jpg</path>
    <source>
        <database>Unknown</database>
    </source>
    <size>
        <width>320</width>
        <height>240</height>
        <depth>3</depth>
    </size>
    <segmented>0</segmented>
    <object>
    <name>apple</name>
    <pose>Unspecified</pose>
    <truncated>0</truncated>
    <difficult>0</difficult>
    <bndbox>
        <xmin>98.79594226291279</xmin>
        <ymin>70.93244634417326</ymin>
        <xmax>181.79674269686706</xmax>
        <ymax>159.02353669935104</ymax>
    </bndbox>
</object>
</annotation>