<annotation verified="yes">
    <folder>Annotation</folder>
    <filename>apple627</filename>
    <path>apple_dataset-PascalVOC-export/Annotations/frame_627.jpg</path>
    <source>
        <database>Unknown</database>
    </source>
    <size>
        <width>320</width>
        <height>240</height>
        <depth>3</depth>
    </size>
    <segmented>0</segmented>
    <object>
    <name>apple</name>
    <pose>Unspecified</pose>
    <truncated>0</truncated>
    <difficult>0</difficult>
    <bndbox>
        <xmin>122.10712584674005</xmin>
        <ymin>109.9308194748166</ymin>
        <xmax>169.56558266299746</xmax>
        <ymax>152.9140801354402</ymax>
    </bndbox>
</object>
</annotation>