<annotation verified="yes">
    <folder>Annotation</folder>
    <filename>apple630</filename>
    <path>apple_dataset-PascalVOC-export/Annotations/frame_630.jpg</path>
    <source>
        <database>Unknown</database>
    </source>
    <size>
        <width>320</width>
        <height>240</height>
        <depth>3</depth>
    </size>
    <segmented>0</segmented>
    <object>
    <name>apple</name>
    <pose>Unspecified</pose>
    <truncated>0</truncated>
    <difficult>0</difficult>
    <bndbox>
        <xmin>106.32863767464013</xmin>
        <ymin>105.39590460990406</ymin>
        <xmax>149.24635174110924</xmax>
        <ymax>149.88714420499437</ymax>
    </bndbox>
</object>
</annotation>