<annotation verified="yes">
    <folder>Annotation</folder>
    <filename>apple1014</filename>
    <path>apple_dataset-PascalVOC-export/Annotations/frame_1014.jpg</path>
    <source>
        <database>Unknown</database>
    </source>
    <size>
        <width>320</width>
        <height>240</height>
        <depth>3</depth>
    </size>
    <segmented>0</segmented>
    <object>
    <name>apple</name>
    <pose>Unspecified</pose>
    <truncated>0</truncated>
    <difficult>0</difficult>
    <bndbox>
        <xmin>0.6463008044030483</xmin>
        <ymin>10.681819183831829</ymin>
        <xmax>88.51967678344624</xmax>
        <ymax>116.54280341774832</ymax>
    </bndbox>
</object>
</annotation>