<annotation verified="yes">
    <folder>Annotation</folder>
    <filename>apple618</filename>
    <path>apple_dataset-PascalVOC-export/Annotations/frame_618.jpg</path>
    <source>
        <database>Unknown</database>
    </source>
    <size>
        <width>320</width>
        <height>240</height>
        <depth>3</depth>
    </size>
    <segmented>0</segmented>
    <object>
    <name>apple</name>
    <pose>Unspecified</pose>
    <truncated>0</truncated>
    <difficult>0</difficult>
    <bndbox>
        <xmin>126.44217030059272</xmin>
        <ymin>76.99456828442439</ymin>
        <xmax>179.03344292442847</xmax>
        <ymax>125.6731612849182</ymax>
    </bndbox>
</object>
</annotation>