<annotation verified="yes">
    <folder>Annotation</folder>
    <filename>hand497</filename>
    <path>white_background-PascalVOC-export/Annotations/hand497.jpg</path>
    <source>
        <database>Unknown</database>
    </source>
    <size>
        <width>320</width>
        <height>240</height>
        <depth>3</depth>
    </size>
    <segmented>0</segmented>
    <object>
    <name>hand</name>
    <pose>Unspecified</pose>
    <truncated>0</truncated>
    <difficult>0</difficult>
    <bndbox>
        <xmin>20.114752284974642</xmin>
        <ymin>0.19780757865346674</ymin>
        <xmax>140.29146634615387</xmax>
        <ymax>154.53386480939963</ymax>
    </bndbox>
</object>
</annotation>