<annotation verified="yes">
    <folder>Annotation</folder>
    <filename>hand1531</filename>
    <path>white_background-PascalVOC-export/Annotations/hand1531.jpg</path>
    <source>
        <database>Unknown</database>
    </source>
    <size>
        <width>320</width>
        <height>240</height>
        <depth>3</depth>
    </size>
    <segmented>0</segmented>
    <object>
    <name>hand</name>
    <pose>Unspecified</pose>
    <truncated>0</truncated>
    <difficult>0</difficult>
    <bndbox>
        <xmin>63.82465791420119</xmin>
        <ymin>79.7342032483089</ymin>
        <xmax>220.1792648457312</xmax>
        <ymax>240</ymax>
    </bndbox>
</object>
</annotation>