<annotation verified="yes">
    <folder>Annotation</folder>
    <filename>hand280</filename>
    <path>white_background-PascalVOC-export/Annotations/hand280.jpg</path>
    <source>
        <database>Unknown</database>
    </source>
    <size>
        <width>320</width>
        <height>240</height>
        <depth>3</depth>
    </size>
    <segmented>0</segmented>
    <object>
    <name>hand</name>
    <pose>Unspecified</pose>
    <truncated>0</truncated>
    <difficult>0</difficult>
    <bndbox>
        <xmin>161.9081189243449</xmin>
        <ymin>57.210554361612175</ymin>
        <xmax>309.1634747464075</xmax>
        <ymax>208.56623670025365</ymax>
    </bndbox>
</object>
</annotation>