<annotation verified="yes">
    <folder>Annotation</folder>
    <filename>hand1721</filename>
    <path>white_background-PascalVOC-export/Annotations/hand1721.jpg</path>
    <source>
        <database>Unknown</database>
    </source>
    <size>
        <width>320</width>
        <height>240</height>
        <depth>3</depth>
    </size>
    <segmented>0</segmented>
    <object>
    <name>hand</name>
    <pose>Unspecified</pose>
    <truncated>0</truncated>
    <difficult>0</difficult>
    <bndbox>
        <xmin>183.01246830092987</xmin>
        <ymin>57.39056334554679</ymin>
        <xmax>319.50476806847007</xmax>
        <ymax>181.06419990135288</ymax>
    </bndbox>
</object>
</annotation>