<annotation verified="yes">
    <folder>Annotation</folder>
    <filename>hand1735</filename>
    <path>white_background-PascalVOC-export/Annotations/hand1735.jpg</path>
    <source>
        <database>Unknown</database>
    </source>
    <size>
        <width>320</width>
        <height>240</height>
        <depth>3</depth>
    </size>
    <segmented>0</segmented>
    <object>
    <name>hand</name>
    <pose>Unspecified</pose>
    <truncated>0</truncated>
    <difficult>0</difficult>
    <bndbox>
        <xmin>200.17427884615387</xmin>
        <ymin>54.16932734991544</ymin>
        <xmax>320</xmax>
        <ymax>176.95304242707158</ymax>
    </bndbox>
</object>
</annotation>