<annotation verified="yes">
    <folder>Annotation</folder>
    <filename>hand486</filename>
    <path>white_background-PascalVOC-export/Annotations/hand486.jpg</path>
    <source>
        <database>Unknown</database>
    </source>
    <size>
        <width>320</width>
        <height>240</height>
        <depth>3</depth>
    </size>
    <segmented>0</segmented>
    <object>
    <name>hand</name>
    <pose>Unspecified</pose>
    <truncated>0</truncated>
    <difficult>0</difficult>
    <bndbox>
        <xmin>43.85643953402367</xmin>
        <ymin>0.6364102024908399</ymin>
        <xmax>174.10778674450552</xmax>
        <ymax>140.9783130460823</ymax>
    </bndbox>
</object>
</annotation>