<annotation verified="yes">
    <folder>Annotation</folder>
    <filename>hand1132</filename>
    <path>white_background-PascalVOC-export/Annotations/hand1132.jpg</path>
    <source>
        <database>Unknown</database>
    </source>
    <size>
        <width>320</width>
        <height>240</height>
        <depth>3</depth>
    </size>
    <segmented>0</segmented>
    <object>
    <name>hand</name>
    <pose>Unspecified</pose>
    <truncated>0</truncated>
    <difficult>0</difficult>
    <bndbox>
        <xmin>97.4184079142012</xmin>
        <ymin>22.298868860978015</ymin>
        <xmax>263.3147651627219</xmax>
        <ymax>179.26265677846675</ymax>
    </bndbox>
</object>
</annotation>