<annotation verified="yes">
    <folder>Annotation</folder>
    <filename>hand1482</filename>
    <path>white_background-PascalVOC-export/Annotations/hand1482.jpg</path>
    <source>
        <database>Unknown</database>
    </source>
    <size>
        <width>320</width>
        <height>240</height>
        <depth>3</depth>
    </size>
    <segmented>0</segmented>
    <object>
    <name>hand</name>
    <pose>Unspecified</pose>
    <truncated>0</truncated>
    <difficult>0</difficult>
    <bndbox>
        <xmin>30.655031566990704</xmin>
        <ymin>95.40802311601607</ymin>
        <xmax>172.26933973478447</xmax>
        <ymax>240</ymax>
    </bndbox>
</object>
</annotation>