<annotation verified="yes">
    <folder>Annotation</folder>
    <filename>hand251</filename>
    <path>white_background-PascalVOC-export/Annotations/hand251.jpg</path>
    <source>
        <database>Unknown</database>
    </source>
    <size>
        <width>320</width>
        <height>240</height>
        <depth>3</depth>
    </size>
    <segmented>0</segmented>
    <object>
    <name>hand</name>
    <pose>Unspecified</pose>
    <truncated>0</truncated>
    <difficult>0</difficult>
    <bndbox>
        <xmin>66.93691224640745</xmin>
        <ymin>9.162626556774944</ymin>
        <xmax>221.1173922231615</xmax>
        <ymax>161.07147732877675</ymax>
    </bndbox>
</object>
</annotation>