<annotation verified="yes">
    <folder>Annotation</folder>
    <filename>hand491</filename>
    <path>white_background-PascalVOC-export/Annotations/hand491.jpg</path>
    <source>
        <database>Unknown</database>
    </source>
    <size>
        <width>320</width>
        <height>240</height>
        <depth>3</depth>
    </size>
    <segmented>0</segmented>
    <object>
    <name>hand</name>
    <pose>Unspecified</pose>
    <truncated>0</truncated>
    <difficult>0</difficult>
    <bndbox>
        <xmin>34.007183471576504</xmin>
        <ymin>3.65948355587655</ymin>
        <xmax>163.0424668480558</xmax>
        <ymax>147.1216233177142</ymax>
    </bndbox>
</object>
</annotation>