<annotation verified="yes">
    <folder>Annotation</folder>
    <filename>hand1685</filename>
    <path>white_background-PascalVOC-export/Annotations/hand1685.jpg</path>
    <source>
        <database>Unknown</database>
    </source>
    <size>
        <width>320</width>
        <height>240</height>
        <depth>3</depth>
    </size>
    <segmented>0</segmented>
    <object>
    <name>hand</name>
    <pose>Unspecified</pose>
    <truncated>0</truncated>
    <difficult>0</difficult>
    <bndbox>
        <xmin>2.2369967772612007</xmin>
        <ymin>47.316707365945604</ymin>
        <xmax>94.5543308854607</xmax>
        <ymax>225.2513189649098</ymax>
    </bndbox>
</object>
</annotation>