<annotation verified="yes">
    <folder>Annotation</folder>
    <filename>hand1645</filename>
    <path>white_background-PascalVOC-export/Annotations/hand1645.jpg</path>
    <source>
        <database>Unknown</database>
    </source>
    <size>
        <width>320</width>
        <height>240</height>
        <depth>3</depth>
    </size>
    <segmented>0</segmented>
    <object>
    <name>hand</name>
    <pose>Unspecified</pose>
    <truncated>0</truncated>
    <difficult>0</difficult>
    <bndbox>
        <xmin>87.47741441251057</xmin>
        <ymin>30.61324023877889</ymin>
        <xmax>272.160753909552</xmax>
        <ymax>170.23812931581173</ymax>
    </bndbox>
</object>
</annotation>