<annotation verified="yes">
    <folder>Annotation</folder>
    <filename>hand442</filename>
    <path>white_background-PascalVOC-export/Annotations/hand442.jpg</path>
    <source>
        <database>Unknown</database>
    </source>
    <size>
        <width>320</width>
        <height>240</height>
        <depth>3</depth>
    </size>
    <segmented>0</segmented>
    <object>
    <name>hand</name>
    <pose>Unspecified</pose>
    <truncated>0</truncated>
    <difficult>0</difficult>
    <bndbox>
        <xmin>43.6402419695689</xmin>
        <ymin>44.135048574901354</ymin>
        <xmax>173.65067624683013</xmax>
        <ymax>218.19169690670802</ymax>
    </bndbox>
</object>
</annotation>