<annotation verified="yes">
    <folder>Annotation</folder>
    <filename>hand1530</filename>
    <path>white_background-PascalVOC-export/Annotations/hand1530.jpg</path>
    <source>
        <database>Unknown</database>
    </source>
    <size>
        <width>320</width>
        <height>240</height>
        <depth>3</depth>
    </size>
    <segmented>0</segmented>
    <object>
    <name>hand</name>
    <pose>Unspecified</pose>
    <truncated>0</truncated>
    <difficult>0</difficult>
    <bndbox>
        <xmin>53.71153185756552</xmin>
        <ymin>86.80981142545096</ymin>
        <xmax>207.95045699492817</xmax>
        <ymax>240</ymax>
    </bndbox>
</object>
</annotation>