<annotation verified="yes">
    <folder>Annotation</folder>
    <filename>hand669</filename>
    <path>white_background-PascalVOC-export/Annotations/hand669.jpg</path>
    <source>
        <database>Unknown</database>
    </source>
    <size>
        <width>320</width>
        <height>240</height>
        <depth>3</depth>
    </size>
    <segmented>0</segmented>
    <object>
    <name>hand</name>
    <pose>Unspecified</pose>
    <truncated>0</truncated>
    <difficult>0</difficult>
    <bndbox>
        <xmin>68.36929746935758</xmin>
        <ymin>40.17547022530299</ymin>
        <xmax>221.86459874260356</xmax>
        <ymax>213.42669395610204</ymax>
    </bndbox>
</object>
</annotation>