<annotation verified="yes">
    <folder>Annotation</folder>
    <filename>hand1085</filename>
    <path>white_background-PascalVOC-export/Annotations/hand1085.jpg</path>
    <source>
        <database>Unknown</database>
    </source>
    <size>
        <width>320</width>
        <height>240</height>
        <depth>3</depth>
    </size>
    <segmented>0</segmented>
    <object>
    <name>hand</name>
    <pose>Unspecified</pose>
    <truncated>0</truncated>
    <difficult>0</difficult>
    <bndbox>
        <xmin>30.484071217244296</xmin>
        <ymin>2.65264293924394</ymin>
        <xmax>236.61255811496198</xmax>
        <ymax>203.3585602804397</ymax>
    </bndbox>
</object>
</annotation>