<annotation verified="yes">
    <folder>Annotation</folder>
    <filename>hand1718</filename>
    <path>white_background-PascalVOC-export/Annotations/hand1718.jpg</path>
    <source>
        <database>Unknown</database>
    </source>
    <size>
        <width>320</width>
        <height>240</height>
        <depth>3</depth>
    </size>
    <segmented>0</segmented>
    <object>
    <name>hand</name>
    <pose>Unspecified</pose>
    <truncated>0</truncated>
    <difficult>0</difficult>
    <bndbox>
        <xmin>171.96552395921387</xmin>
        <ymin>54.33854405210682</ymin>
        <xmax>318.8107565511412</xmax>
        <ymax>179.96465878664034</ymax>
    </bndbox>
</object>
</annotation>