<annotation verified="yes">
    <folder>Annotation</folder>
    <filename>hand1294</filename>
    <path>white_background-PascalVOC-export/Annotations/hand1294.jpg</path>
    <source>
        <database>Unknown</database>
    </source>
    <size>
        <width>320</width>
        <height>240</height>
        <depth>3</depth>
    </size>
    <segmented>0</segmented>
    <object>
    <name>hand</name>
    <pose>Unspecified</pose>
    <truncated>0</truncated>
    <difficult>0</difficult>
    <bndbox>
        <xmin>43.07745139475909</xmin>
        <ymin>43.64830593380073</ymin>
        <xmax>237.11696956889267</xmax>
        <ymax>214.09546861788328</ymax>
    </bndbox>
</object>
</annotation>