<annotation verified="yes">
    <folder>Annotation</folder>
    <filename>hand697</filename>
    <path>white_background-PascalVOC-export/Annotations/hand697.jpg</path>
    <source>
        <database>Unknown</database>
    </source>
    <size>
        <width>320</width>
        <height>240</height>
        <depth>3</depth>
    </size>
    <segmented>0</segmented>
    <object>
    <name>hand</name>
    <pose>Unspecified</pose>
    <truncated>0</truncated>
    <difficult>0</difficult>
    <bndbox>
        <xmin>67.9389652571973</xmin>
        <ymin>42.19276583221642</ymin>
        <xmax>217.87762621718883</xmax>
        <ymax>195.12130427306718</ymax>
    </bndbox>
</object>
</annotation>