<annotation verified="yes">
    <folder>Annotation</folder>
    <filename>hand1523</filename>
    <path>white_background-PascalVOC-export/Annotations/hand1523.jpg</path>
    <source>
        <database>Unknown</database>
    </source>
    <size>
        <width>320</width>
        <height>240</height>
        <depth>3</depth>
    </size>
    <segmented>0</segmented>
    <object>
    <name>hand</name>
    <pose>Unspecified</pose>
    <truncated>0</truncated>
    <difficult>0</difficult>
    <bndbox>
        <xmin>50.89475578508031</xmin>
        <ymin>90.62505229618799</ymin>
        <xmax>211.52736686390534</xmax>
        <ymax>240</ymax>
    </bndbox>
</object>
</annotation>