<annotation verified="yes">
    <folder>Annotation</folder>
    <filename>hand541</filename>
    <path>white_background-PascalVOC-export/Annotations/hand541.jpg</path>
    <source>
        <database>Unknown</database>
    </source>
    <size>
        <width>320</width>
        <height>240</height>
        <depth>3</depth>
    </size>
    <segmented>0</segmented>
    <object>
    <name>hand</name>
    <pose>Unspecified</pose>
    <truncated>0</truncated>
    <difficult>0</difficult>
    <bndbox>
        <xmin>24.406674305262047</xmin>
        <ymin>3.6177388119186866</ymin>
        <xmax>148.20591517857144</xmax>
        <ymax>176.80028250951239</ymax>
    </bndbox>
</object>
</annotation>