<annotation verified="yes">
    <folder>Annotation</folder>
    <filename>hand297</filename>
    <path>white_background-PascalVOC-export/Annotations/hand297.jpg</path>
    <source>
        <database>Unknown</database>
    </source>
    <size>
        <width>320</width>
        <height>240</height>
        <depth>3</depth>
    </size>
    <segmented>0</segmented>
    <object>
    <name>hand</name>
    <pose>Unspecified</pose>
    <truncated>0</truncated>
    <difficult>0</difficult>
    <bndbox>
        <xmin>151.07618343195267</xmin>
        <ymin>113.11738127113867</ymin>
        <xmax>295.46211300718517</xmax>
        <ymax>240</ymax>
    </bndbox>
</object>
</annotation>