<annotation verified="yes">
    <folder>Annotation</folder>
    <filename>hand252</filename>
    <path>white_background-PascalVOC-export/Annotations/hand252.jpg</path>
    <source>
        <database>Unknown</database>
    </source>
    <size>
        <width>320</width>
        <height>240</height>
        <depth>3</depth>
    </size>
    <segmented>0</segmented>
    <object>
    <name>hand</name>
    <pose>Unspecified</pose>
    <truncated>0</truncated>
    <difficult>0</difficult>
    <bndbox>
        <xmin>61.91308841398986</xmin>
        <ymin>13.183882755249435</ymin>
        <xmax>213.5758532333052</xmax>
        <ymax>173.01291000211387</ymax>
    </bndbox>
</object>
</annotation>