<annotation verified="yes">
    <folder>Annotation</folder>
    <filename>hand1637</filename>
    <path>white_background-PascalVOC-export/Annotations/hand1637.jpg</path>
    <source>
        <database>Unknown</database>
    </source>
    <size>
        <width>320</width>
        <height>240</height>
        <depth>3</depth>
    </size>
    <segmented>0</segmented>
    <object>
    <name>hand</name>
    <pose>Unspecified</pose>
    <truncated>0</truncated>
    <difficult>0</difficult>
    <bndbox>
        <xmin>143.75483741018598</xmin>
        <ymin>54.85189169074126</ymin>
        <xmax>311.83293269230774</xmax>
        <ymax>189.34667748555523</ymax>
    </bndbox>
</object>
</annotation>