<annotation verified="yes">
    <folder>Annotation</folder>
    <filename>hand849</filename>
    <path>white_background-PascalVOC-export/Annotations/hand849.jpg</path>
    <source>
        <database>Unknown</database>
    </source>
    <size>
        <width>320</width>
        <height>240</height>
        <depth>3</depth>
    </size>
    <segmented>0</segmented>
    <object>
    <name>hand</name>
    <pose>Unspecified</pose>
    <truncated>0</truncated>
    <difficult>0</difficult>
    <bndbox>
        <xmin>33.382891881879765</xmin>
        <ymin>44.95552562429459</ymin>
        <xmax>155.16031832133785</xmax>
        <ymax>214.61635753209652</ymax>
    </bndbox>
</object>
</annotation>