<annotation verified="yes">
    <folder>Annotation</folder>
    <filename>hand1091</filename>
    <path>white_background-PascalVOC-export/Annotations/hand1091.jpg</path>
    <source>
        <database>Unknown</database>
    </source>
    <size>
        <width>320</width>
        <height>240</height>
        <depth>3</depth>
    </size>
    <segmented>0</segmented>
    <object>
    <name>hand</name>
    <pose>Unspecified</pose>
    <truncated>0</truncated>
    <difficult>0</difficult>
    <bndbox>
        <xmin>4.528410291631446</xmin>
        <ymin>1.5716353183131342</ymin>
        <xmax>205.18398668639054</xmax>
        <ymax>171.49832432003944</ymax>
    </bndbox>
</object>
</annotation>