<annotation verified="yes">
    <folder>Annotation</folder>
    <filename>hand874</filename>
    <path>white_background-PascalVOC-export/Annotations/hand874.jpg</path>
    <source>
        <database>Unknown</database>
    </source>
    <size>
        <width>320</width>
        <height>240</height>
        <depth>3</depth>
    </size>
    <segmented>0</segmented>
    <object>
    <name>hand</name>
    <pose>Unspecified</pose>
    <truncated>0</truncated>
    <difficult>0</difficult>
    <bndbox>
        <xmin>153.0785450624471</xmin>
        <ymin>126.03361866005926</ymin>
        <xmax>295.0220946232007</xmax>
        <ymax>240</ymax>
    </bndbox>
</object>
</annotation>