<annotation verified="yes">
    <folder>Annotation</folder>
    <filename>hand569</filename>
    <path>white_background-PascalVOC-export/Annotations/hand569.jpg</path>
    <source>
        <database>Unknown</database>
    </source>
    <size>
        <width>320</width>
        <height>240</height>
        <depth>3</depth>
    </size>
    <segmented>0</segmented>
    <object>
    <name>hand</name>
    <pose>Unspecified</pose>
    <truncated>0</truncated>
    <difficult>0</difficult>
    <bndbox>
        <xmin>95.8654671650465</xmin>
        <ymin>48.67256310773675</ymin>
        <xmax>266.26109467455626</xmax>
        <ymax>237.01190041044248</ymax>
    </bndbox>
</object>
</annotation>