<annotation verified="yes">
    <folder>Annotation</folder>
    <filename>hand1087</filename>
    <path>white_background-PascalVOC-export/Annotations/hand1087.jpg</path>
    <source>
        <database>Unknown</database>
    </source>
    <size>
        <width>320</width>
        <height>240</height>
        <depth>3</depth>
    </size>
    <segmented>0</segmented>
    <object>
    <name>hand</name>
    <pose>Unspecified</pose>
    <truncated>0</truncated>
    <difficult>0</difficult>
    <bndbox>
        <xmin>17.27909710481826</xmin>
        <ymin>0.8486680436161217</ymin>
        <xmax>223.8516681635672</xmax>
        <ymax>188.635410794814</ymax>
    </bndbox>
</object>
</annotation>