<annotation verified="yes">
    <folder>Annotation</folder>
    <filename>hand1256</filename>
    <path>white_background-PascalVOC-export/Annotations/hand1256.jpg</path>
    <source>
        <database>Unknown</database>
    </source>
    <size>
        <width>320</width>
        <height>240</height>
        <depth>3</depth>
    </size>
    <segmented>0</segmented>
    <object>
    <name>hand</name>
    <pose>Unspecified</pose>
    <truncated>0</truncated>
    <difficult>0</difficult>
    <bndbox>
        <xmin>89.0239823277684</xmin>
        <ymin>31.086721667576803</ymin>
        <xmax>263.629774672443</xmax>
        <ymax>166.81267395363585</ymax>
    </bndbox>
</object>
</annotation>