<annotation verified="yes">
    <folder>Annotation</folder>
    <filename>hand1278</filename>
    <path>white_background-PascalVOC-export/Annotations/hand1278.jpg</path>
    <source>
        <database>Unknown</database>
    </source>
    <size>
        <width>320</width>
        <height>240</height>
        <depth>3</depth>
    </size>
    <segmented>0</segmented>
    <object>
    <name>hand</name>
    <pose>Unspecified</pose>
    <truncated>0</truncated>
    <difficult>0</difficult>
    <bndbox>
        <xmin>76.36553650676248</xmin>
        <ymin>40.12663659544109</ymin>
        <xmax>245.48644864750636</xmax>
        <ymax>197.9656727822012</ymax>
    </bndbox>
</object>
</annotation>