<annotation verified="yes">
    <folder>Annotation</folder>
    <filename>hand1452</filename>
    <path>white_background-PascalVOC-export/Annotations/hand1452.jpg</path>
    <source>
        <database>Unknown</database>
    </source>
    <size>
        <width>320</width>
        <height>240</height>
        <depth>3</depth>
    </size>
    <segmented>0</segmented>
    <object>
    <name>hand</name>
    <pose>Unspecified</pose>
    <truncated>0</truncated>
    <difficult>0</difficult>
    <bndbox>
        <xmin>12.490242629966188</xmin>
        <ymin>0.782361982102593</ymin>
        <xmax>153.7670712700761</xmax>
        <ymax>141.16007257609922</ymax>
    </bndbox>
</object>
</annotation>