<annotation verified="yes">
    <folder>Annotation</folder>
    <filename>hand122</filename>
    <path>white_background-PascalVOC-export/Annotations/hand122.jpg</path>
    <source>
        <database>Unknown</database>
    </source>
    <size>
        <width>320</width>
        <height>240</height>
        <depth>3</depth>
    </size>
    <segmented>0</segmented>
    <object>
    <name>hand</name>
    <pose>Unspecified</pose>
    <truncated>0</truncated>
    <difficult>0</difficult>
    <bndbox>
        <xmin>5.584435096153847</xmin>
        <ymin>0.8258903013141206</ymin>
        <xmax>123.54309752747253</xmax>
        <ymax>119.77429515748308</ymax>
    </bndbox>
</object>
</annotation>