<annotation verified="yes">
    <folder>Annotation</folder>
    <filename>hand281</filename>
    <path>white_background-PascalVOC-export/Annotations/hand281.jpg</path>
    <source>
        <database>Unknown</database>
    </source>
    <size>
        <width>320</width>
        <height>240</height>
        <depth>3</depth>
    </size>
    <segmented>0</segmented>
    <object>
    <name>hand</name>
    <pose>Unspecified</pose>
    <truncated>0</truncated>
    <difficult>0</difficult>
    <bndbox>
        <xmin>157.36093683960272</xmin>
        <ymin>50.18628177406285</ymin>
        <xmax>309.87062816990704</xmax>
        <ymax>195.43661261626266</ymax>
    </bndbox>
</object>
</annotation>