<annotation verified="yes">
    <folder>Annotation</folder>
    <filename>hand521</filename>
    <path>white_background-PascalVOC-export/Annotations/hand521.jpg</path>
    <source>
        <database>Unknown</database>
    </source>
    <size>
        <width>320</width>
        <height>240</height>
        <depth>3</depth>
    </size>
    <segmented>0</segmented>
    <object>
    <name>hand</name>
    <pose>Unspecified</pose>
    <truncated>0</truncated>
    <difficult>0</difficult>
    <bndbox>
        <xmin>144.7555209213863</xmin>
        <ymin>61.15479066111189</ymin>
        <xmax>294.3595467032967</xmax>
        <ymax>210.1577968661922</ymax>
    </bndbox>
</object>
</annotation>