<annotation verified="yes">
    <folder>Annotation</folder>
    <filename>hand257</filename>
    <path>white_background-PascalVOC-export/Annotations/hand257.jpg</path>
    <source>
        <database>Unknown</database>
    </source>
    <size>
        <width>320</width>
        <height>240</height>
        <depth>3</depth>
    </size>
    <segmented>0</segmented>
    <object>
    <name>hand</name>
    <pose>Unspecified</pose>
    <truncated>0</truncated>
    <difficult>0</difficult>
    <bndbox>
        <xmin>58.33723518068471</xmin>
        <ymin>19.590237347625422</ymin>
        <xmax>205.38345968934914</xmax>
        <ymax>178.11008732912907</ymax>
    </bndbox>
</object>
</annotation>