<annotation verified="yes">
    <folder>Annotation</folder>
    <filename>hand1297</filename>
    <path>white_background-PascalVOC-export/Annotations/hand1297.jpg</path>
    <source>
        <database>Unknown</database>
    </source>
    <size>
        <width>320</width>
        <height>240</height>
        <depth>3</depth>
    </size>
    <segmented>0</segmented>
    <object>
    <name>hand</name>
    <pose>Unspecified</pose>
    <truncated>0</truncated>
    <difficult>0</difficult>
    <bndbox>
        <xmin>60.73064705726966</xmin>
        <ymin>52.396750810315666</ymin>
        <xmax>240.0454353338969</xmax>
        <ymax>238.63835589592728</ymax>
    </bndbox>
</object>
</annotation>