<annotation verified="yes">
    <folder>Annotation</folder>
    <filename>hand1678</filename>
    <path>white_background-PascalVOC-export/Annotations/hand1678.jpg</path>
    <source>
        <database>Unknown</database>
    </source>
    <size>
        <width>320</width>
        <height>240</height>
        <depth>3</depth>
    </size>
    <segmented>0</segmented>
    <object>
    <name>hand</name>
    <pose>Unspecified</pose>
    <truncated>0</truncated>
    <difficult>0</difficult>
    <bndbox>
        <xmin>1.9715335745984786</xmin>
        <ymin>3.136573972132187</ymin>
        <xmax>112.31210045963653</xmax>
        <ymax>167.92549279523675</ymax>
    </bndbox>
</object>
</annotation>