<annotation verified="yes">
    <folder>Annotation</folder>
    <filename>hand875</filename>
    <path>white_background-PascalVOC-export/Annotations/hand875.jpg</path>
    <source>
        <database>Unknown</database>
    </source>
    <size>
        <width>320</width>
        <height>240</height>
        <depth>3</depth>
    </size>
    <segmented>0</segmented>
    <object>
    <name>hand</name>
    <pose>Unspecified</pose>
    <truncated>0</truncated>
    <difficult>0</difficult>
    <bndbox>
        <xmin>155.85767159716343</xmin>
        <ymin>125.99679916760724</ymin>
        <xmax>296.0499576629975</xmax>
        <ymax>240.00000000000003</ymax>
    </bndbox>
</object>
</annotation>