<annotation verified="yes">
    <folder>Annotation</folder>
    <filename>hand284</filename>
    <path>white_background-PascalVOC-export/Annotations/hand284.jpg</path>
    <source>
        <database>Unknown</database>
    </source>
    <size>
        <width>320</width>
        <height>240</height>
        <depth>3</depth>
    </size>
    <segmented>0</segmented>
    <object>
    <name>hand</name>
    <pose>Unspecified</pose>
    <truncated>0</truncated>
    <difficult>0</difficult>
    <bndbox>
        <xmin>154.6355267328825</xmin>
        <ymin>18.256643267333708</ymin>
        <xmax>307.56382739856303</xmax>
        <ymax>157.87185892580328</ymax>
    </bndbox>
</object>
</annotation>