<annotation verified="yes">
    <folder>Annotation</folder>
    <filename>hand1519</filename>
    <path>white_background-PascalVOC-export/Annotations/hand1519.jpg</path>
    <source>
        <database>Unknown</database>
    </source>
    <size>
        <width>320</width>
        <height>240</height>
        <depth>3</depth>
    </size>
    <segmented>0</segmented>
    <object>
    <name>hand</name>
    <pose>Unspecified</pose>
    <truncated>0</truncated>
    <difficult>0</difficult>
    <bndbox>
        <xmin>55.471754807692314</xmin>
        <ymin>85.07781948016488</ymin>
        <xmax>212.25717191462385</xmax>
        <ymax>212.17602786781285</ymax>
    </bndbox>
</object>
</annotation>