<annotation verified="yes">
    <folder>Annotation</folder>
    <filename>hand1109</filename>
    <path>white_background-PascalVOC-export/Annotations/hand1109.jpg</path>
    <source>
        <database>Unknown</database>
    </source>
    <size>
        <width>320</width>
        <height>240</height>
        <depth>3</depth>
    </size>
    <segmented>0</segmented>
    <object>
    <name>hand</name>
    <pose>Unspecified</pose>
    <truncated>0</truncated>
    <difficult>0</difficult>
    <bndbox>
        <xmin>32.66962304522401</xmin>
        <ymin>51.64223241967305</ymin>
        <xmax>156.62520472316146</xmax>
        <ymax>240</ymax>
    </bndbox>
</object>
</annotation>