<annotation verified="yes">
    <folder>Annotation</folder>
    <filename>hand681</filename>
    <path>white_background-PascalVOC-export/Annotations/hand681.jpg</path>
    <source>
        <database>Unknown</database>
    </source>
    <size>
        <width>320</width>
        <height>240</height>
        <depth>3</depth>
    </size>
    <segmented>0</segmented>
    <object>
    <name>hand</name>
    <pose>Unspecified</pose>
    <truncated>0</truncated>
    <difficult>0</difficult>
    <bndbox>
        <xmin>72.86647967823878</xmin>
        <ymin>38.25626278569413</ymin>
        <xmax>212.84769263336153</xmax>
        <ymax>171.80052884276242</ymax>
    </bndbox>
</object>
</annotation>