<annotation verified="yes">
    <folder>Annotation</folder>
    <filename>hand455</filename>
    <path>white_background-PascalVOC-export/Annotations/hand455.jpg</path>
    <source>
        <database>Unknown</database>
    </source>
    <size>
        <width>320</width>
        <height>240</height>
        <depth>3</depth>
    </size>
    <segmented>0</segmented>
    <object>
    <name>hand</name>
    <pose>Unspecified</pose>
    <truncated>0</truncated>
    <difficult>0</difficult>
    <bndbox>
        <xmin>161.7869030008453</xmin>
        <ymin>79.60750334695602</ymin>
        <xmax>314.70926009087066</xmax>
        <ymax>224.03118834554675</ymax>
    </bndbox>
</object>
</annotation>