<annotation verified="yes">
    <folder>Annotation</folder>
    <filename>hand483</filename>
    <path>white_background-PascalVOC-export/Annotations/hand483.jpg</path>
    <source>
        <database>Unknown</database>
    </source>
    <size>
        <width>320</width>
        <height>240</height>
        <depth>3</depth>
    </size>
    <segmented>0</segmented>
    <object>
    <name>hand</name>
    <pose>Unspecified</pose>
    <truncated>0</truncated>
    <difficult>0</difficult>
    <bndbox>
        <xmin>58.66099495456467</xmin>
        <ymin>1.6444109687676154</ymin>
        <xmax>206.547409921809</xmax>
        <ymax>126.46131513352593</ymax>
    </bndbox>
</object>
</annotation>