<annotation verified="yes">
    <folder>Annotation</folder>
    <filename>hand1491</filename>
    <path>white_background-PascalVOC-export/Annotations/hand1491.jpg</path>
    <source>
        <database>Unknown</database>
    </source>
    <size>
        <width>320</width>
        <height>240</height>
        <depth>3</depth>
    </size>
    <segmented>0</segmented>
    <object>
    <name>hand</name>
    <pose>Unspecified</pose>
    <truncated>0</truncated>
    <difficult>0</difficult>
    <bndbox>
        <xmin>80.19227467244295</xmin>
        <ymin>73.08392822540868</ymin>
        <xmax>247.65885856931533</xmax>
        <ymax>240</ymax>
    </bndbox>
</object>
</annotation>