<annotation verified="yes">
    <folder>Annotation</folder>
    <filename>hand718</filename>
    <path>white_background-PascalVOC-export/Annotations/hand718.jpg</path>
    <source>
        <database>Unknown</database>
    </source>
    <size>
        <width>320</width>
        <height>240</height>
        <depth>3</depth>
    </size>
    <segmented>0</segmented>
    <object>
    <name>hand</name>
    <pose>Unspecified</pose>
    <truncated>0</truncated>
    <difficult>0</difficult>
    <bndbox>
        <xmin>61.46209845999153</xmin>
        <ymin>37.030712670182</ymin>
        <xmax>235.13518072607957</xmax>
        <ymax>203.04025619885724</ymax>
    </bndbox>
</object>
</annotation>