<annotation verified="yes">
    <folder>Annotation</folder>
    <filename>hand1282</filename>
    <path>white_background-PascalVOC-export/Annotations/hand1282.jpg</path>
    <source>
        <database>Unknown</database>
    </source>
    <size>
        <width>320</width>
        <height>240</height>
        <depth>3</depth>
    </size>
    <segmented>0</segmented>
    <object>
    <name>hand</name>
    <pose>Unspecified</pose>
    <truncated>0</truncated>
    <difficult>0</difficult>
    <bndbox>
        <xmin>74.14749313186815</xmin>
        <ymin>43.98544294320744</ymin>
        <xmax>244.48360233516487</xmax>
        <ymax>199.18403634089626</ymax>
    </bndbox>
</object>
</annotation>