<annotation verified="yes">
    <folder>Annotation</folder>
    <filename>hand1254</filename>
    <path>white_background-PascalVOC-export/Annotations/hand1254.jpg</path>
    <source>
        <database>Unknown</database>
    </source>
    <size>
        <width>320</width>
        <height>240</height>
        <depth>3</depth>
    </size>
    <segmented>0</segmented>
    <object>
    <name>hand</name>
    <pose>Unspecified</pose>
    <truncated>0</truncated>
    <difficult>0</difficult>
    <bndbox>
        <xmin>84.83306807375318</xmin>
        <ymin>35.345635139955604</ymin>
        <xmax>259.61271000633985</xmax>
        <ymax>174.15846075253666</ymax>
    </bndbox>
</object>
</annotation>