<annotation verified="yes">
    <folder>Annotation</folder>
    <filename>hand1054</filename>
    <path>white_background-PascalVOC-export/Annotations/hand1054.jpg</path>
    <source>
        <database>Unknown</database>
    </source>
    <size>
        <width>320</width>
        <height>240</height>
        <depth>3</depth>
    </size>
    <segmented>0</segmented>
    <object>
    <name>hand</name>
    <pose>Unspecified</pose>
    <truncated>0</truncated>
    <difficult>0</difficult>
    <bndbox>
        <xmin>82.4272242180896</xmin>
        <ymin>22.719222867636695</ymin>
        <xmax>220.92161744505495</xmax>
        <ymax>198.6882684787204</ymax>
    </bndbox>
</object>
</annotation>