<annotation verified="yes">
    <folder>Annotation</folder>
    <filename>hand509</filename>
    <path>white_background-PascalVOC-export/Annotations/hand509.jpg</path>
    <source>
        <database>Unknown</database>
    </source>
    <size>
        <width>320</width>
        <height>240</height>
        <depth>3</depth>
    </size>
    <segmented>0</segmented>
    <object>
    <name>hand</name>
    <pose>Unspecified</pose>
    <truncated>0</truncated>
    <difficult>0</difficult>
    <bndbox>
        <xmin>32.318919061707525</xmin>
        <ymin>14.84587762912204</ymin>
        <xmax>153.29237769442096</xmax>
        <ymax>184.66738523463923</ymax>
    </bndbox>
</object>
</annotation>