<annotation verified="yes">
    <folder>Annotation</folder>
    <filename>hand1095</filename>
    <path>white_background-PascalVOC-export/Annotations/hand1095.jpg</path>
    <source>
        <database>Unknown</database>
    </source>
    <size>
        <width>320</width>
        <height>240</height>
        <depth>3</depth>
    </size>
    <segmented>0</segmented>
    <object>
    <name>hand</name>
    <pose>Unspecified</pose>
    <truncated>0</truncated>
    <difficult>0</difficult>
    <bndbox>
        <xmin>2.3554720519864754</xmin>
        <ymin>2.7543067287027903</ymin>
        <xmax>196.44267091081997</xmax>
        <ymax>168.1658130460823</ymax>
    </bndbox>
</object>
</annotation>