<annotation verified="yes">
    <folder>Annotation</folder>
    <filename>hand1123</filename>
    <path>white_background-PascalVOC-export/Annotations/hand1123.jpg</path>
    <source>
        <database>Unknown</database>
    </source>
    <size>
        <width>320</width>
        <height>240</height>
        <depth>3</depth>
    </size>
    <segmented>0</segmented>
    <object>
    <name>hand</name>
    <pose>Unspecified</pose>
    <truncated>0</truncated>
    <difficult>0</difficult>
    <bndbox>
        <xmin>106.92913606825867</xmin>
        <ymin>29.559873905633456</ymin>
        <xmax>273.5085587489434</xmax>
        <ymax>186.30421187993235</ymax>
    </bndbox>
</object>
</annotation>