<annotation verified="yes">
    <folder>Annotation</folder>
    <filename>hand693</filename>
    <path>white_background-PascalVOC-export/Annotations/hand693.jpg</path>
    <source>
        <database>Unknown</database>
    </source>
    <size>
        <width>320</width>
        <height>240</height>
        <depth>3</depth>
    </size>
    <segmented>0</segmented>
    <object>
    <name>hand</name>
    <pose>Unspecified</pose>
    <truncated>0</truncated>
    <difficult>0</difficult>
    <bndbox>
        <xmin>73.65034266511431</xmin>
        <ymin>41.509786567085214</ymin>
        <xmax>242.9754313082134</xmax>
        <ymax>199.83924194060387</ymax>
    </bndbox>
</object>
</annotation>