<annotation verified="yes">
    <folder>Annotation</folder>
    <filename>hand870</filename>
    <path>white_background-PascalVOC-export/Annotations/hand870.jpg</path>
    <source>
        <database>Unknown</database>
    </source>
    <size>
        <width>320</width>
        <height>240</height>
        <depth>3</depth>
    </size>
    <segmented>0</segmented>
    <object>
    <name>hand</name>
    <pose>Unspecified</pose>
    <truncated>0</truncated>
    <difficult>0</difficult>
    <bndbox>
        <xmin>97.87873425592718</xmin>
        <ymin>139.74176204500566</ymin>
        <xmax>219.36471343141406</xmax>
        <ymax>240.00000000000003</ymax>
    </bndbox>
</object>
</annotation>