<annotation verified="yes">
    <folder>Annotation</folder>
    <filename>hand331</filename>
    <path>white_background-PascalVOC-export/Annotations/hand331.jpg</path>
    <source>
        <database>Unknown</database>
    </source>
    <size>
        <width>320</width>
        <height>240</height>
        <depth>3</depth>
    </size>
    <segmented>0</segmented>
    <object>
    <name>hand</name>
    <pose>Unspecified</pose>
    <truncated>0</truncated>
    <difficult>0</difficult>
    <bndbox>
        <xmin>79.46124788672866</xmin>
        <ymin>54.817128487880495</ymin>
        <xmax>226.8603721999155</xmax>
        <ymax>225.8874608053833</ymax>
    </bndbox>
</object>
</annotation>