<annotation verified="yes">
    <folder>Annotation</folder>
    <filename>hand1456</filename>
    <path>white_background-PascalVOC-export/Annotations/hand1456.jpg</path>
    <source>
        <database>Unknown</database>
    </source>
    <size>
        <width>320</width>
        <height>240</height>
        <depth>3</depth>
    </size>
    <segmented>0</segmented>
    <object>
    <name>hand</name>
    <pose>Unspecified</pose>
    <truncated>0</truncated>
    <difficult>0</difficult>
    <bndbox>
        <xmin>1.0887062156593408</xmin>
        <ymin>1.1201141598259583</ymin>
        <xmax>113.04025451711752</xmax>
        <ymax>144.8522384970406</ymax>
    </bndbox>
</object>
</annotation>