<annotation verified="yes">
    <folder>Annotation</folder>
    <filename>hand1443</filename>
    <path>white_background-PascalVOC-export/Annotations/hand1443.jpg</path>
    <source>
        <database>Unknown</database>
    </source>
    <size>
        <width>320</width>
        <height>240</height>
        <depth>3</depth>
    </size>
    <segmented>0</segmented>
    <object>
    <name>hand</name>
    <pose>Unspecified</pose>
    <truncated>0</truncated>
    <difficult>0</difficult>
    <bndbox>
        <xmin>80.27941409551987</xmin>
        <ymin>2.243242231538895</ymin>
        <xmax>247.34556609256128</xmax>
        <ymax>107.6601199179115</ymax>
    </bndbox>
</object>
</annotation>