<annotation verified="yes">
    <folder>Annotation</folder>
    <filename>hand1096</filename>
    <path>white_background-PascalVOC-export/Annotations/hand1096.jpg</path>
    <source>
        <database>Unknown</database>
    </source>
    <size>
        <width>320</width>
        <height>240</height>
        <depth>3</depth>
    </size>
    <segmented>0</segmented>
    <object>
    <name>hand</name>
    <pose>Unspecified</pose>
    <truncated>0</truncated>
    <difficult>0</difficult>
    <bndbox>
        <xmin>0</xmin>
        <ymin>0.5975678969666008</ymin>
        <xmax>192.48190511411667</xmax>
        <ymax>170.62245675380495</ymax>
    </bndbox>
</object>
</annotation>