<annotation verified="yes">
    <folder>Annotation</folder>
    <filename>hand523</filename>
    <path>white_background-PascalVOC-export/Annotations/hand523.jpg</path>
    <source>
        <database>Unknown</database>
    </source>
    <size>
        <width>320</width>
        <height>240</height>
        <depth>3</depth>
    </size>
    <segmented>0</segmented>
    <object>
    <name>hand</name>
    <pose>Unspecified</pose>
    <truncated>0</truncated>
    <difficult>0</difficult>
    <bndbox>
        <xmin>139.59900676246832</xmin>
        <ymin>21.279105581049183</ymin>
        <xmax>294.7411572802198</xmax>
        <ymax>156.26672377043403</ymax>
    </bndbox>
</object>
</annotation>