<annotation verified="yes">
    <folder>Annotation</folder>
    <filename>hand684</filename>
    <path>white_background-PascalVOC-export/Annotations/hand684.jpg</path>
    <source>
        <database>Unknown</database>
    </source>
    <size>
        <width>320</width>
        <height>240</height>
        <depth>3</depth>
    </size>
    <segmented>0</segmented>
    <object>
    <name>hand</name>
    <pose>Unspecified</pose>
    <truncated>0</truncated>
    <difficult>0</difficult>
    <bndbox>
        <xmin>75.64601966024556</xmin>
        <ymin>41.04623626640096</ymin>
        <xmax>204.56382964648606</xmax>
        <ymax>165.07223366076468</ymax>
    </bndbox>
</object>
</annotation>