<annotation verified="yes">
    <folder>Annotation</folder>
    <filename>hand119</filename>
    <path>white_background-PascalVOC-export/Annotations/hand119.jpg</path>
    <source>
        <database>Unknown</database>
    </source>
    <size>
        <width>320</width>
        <height>240</height>
        <depth>3</depth>
    </size>
    <segmented>0</segmented>
    <object>
    <name>hand</name>
    <pose>Unspecified</pose>
    <truncated>0</truncated>
    <difficult>0</difficult>
    <bndbox>
        <xmin>11.333243079036349</xmin>
        <ymin>1.4916097647442221</ymin>
        <xmax>118.56127496301777</xmax>
        <ymax>121.17567335470687</ymax>
    </bndbox>
</object>
</annotation>