<annotation verified="yes">
    <folder>Annotation</folder>
    <filename>hand480</filename>
    <path>white_background-PascalVOC-export/Annotations/hand480.jpg</path>
    <source>
        <database>Unknown</database>
    </source>
    <size>
        <width>320</width>
        <height>240</height>
        <depth>3</depth>
    </size>
    <segmented>0</segmented>
    <object>
    <name>hand</name>
    <pose>Unspecified</pose>
    <truncated>0</truncated>
    <difficult>0</difficult>
    <bndbox>
        <xmin>103.71991890321218</xmin>
        <ymin>1.3442377307638105</ymin>
        <xmax>257.2803848795436</xmax>
        <ymax>124.86947421963077</ymax>
    </bndbox>
</object>
</annotation>