<annotation verified="yes">
    <folder>Annotation</folder>
    <filename>hand1642</filename>
    <path>white_background-PascalVOC-export/Annotations/hand1642.jpg</path>
    <source>
        <database>Unknown</database>
    </source>
    <size>
        <width>320</width>
        <height>240</height>
        <depth>3</depth>
    </size>
    <segmented>0</segmented>
    <object>
    <name>hand</name>
    <pose>Unspecified</pose>
    <truncated>0</truncated>
    <difficult>0</difficult>
    <bndbox>
        <xmin>146.3266556160186</xmin>
        <ymin>36.25959772671223</ymin>
        <xmax>311.83418744716823</xmax>
        <ymax>160.1614906285231</ymax>
    </bndbox>
</object>
</annotation>