<annotation verified="yes">
    <folder>Annotation</folder>
    <filename>hand1042</filename>
    <path>white_background-PascalVOC-export/Annotations/hand1042.jpg</path>
    <source>
        <database>Unknown</database>
    </source>
    <size>
        <width>320</width>
        <height>240</height>
        <depth>3</depth>
    </size>
    <segmented>0</segmented>
    <object>
    <name>hand</name>
    <pose>Unspecified</pose>
    <truncated>0</truncated>
    <difficult>0</difficult>
    <bndbox>
        <xmin>91.07922125950972</xmin>
        <ymin>35.980340211474775</ymin>
        <xmax>270.909829353339</xmax>
        <ymax>238.5584583303974</ymax>
    </bndbox>
</object>
</annotation>