<annotation verified="yes">
    <folder>Annotation</folder>
    <filename>hand1251</filename>
    <path>white_background-PascalVOC-export/Annotations/hand1251.jpg</path>
    <source>
        <database>Unknown</database>
    </source>
    <size>
        <width>320</width>
        <height>240</height>
        <depth>3</depth>
    </size>
    <segmented>0</segmented>
    <object>
    <name>hand</name>
    <pose>Unspecified</pose>
    <truncated>0</truncated>
    <difficult>0</difficult>
    <bndbox>
        <xmin>88.23216597104819</xmin>
        <ymin>34.8370230587655</ymin>
        <xmax>251.50441805790365</xmax>
        <ymax>185.18779285865276</ymax>
    </bndbox>
</object>
</annotation>