<annotation verified="yes">
    <folder>Annotation</folder>
    <filename>hand240</filename>
    <path>white_background-PascalVOC-export/Annotations/hand240.jpg</path>
    <source>
        <database>Unknown</database>
    </source>
    <size>
        <width>320</width>
        <height>240</height>
        <depth>3</depth>
    </size>
    <segmented>0</segmented>
    <object>
    <name>hand</name>
    <pose>Unspecified</pose>
    <truncated>0</truncated>
    <difficult>0</difficult>
    <bndbox>
        <xmin>151.69443086961118</xmin>
        <ymin>1.5372230503981115</ymin>
        <xmax>306.37765479712596</xmax>
        <ymax>106.12522955274098</ymax>
    </bndbox>
</object>
</annotation>