<annotation verified="yes">
    <folder>Annotation</folder>
    <filename>hand1694</filename>
    <path>white_background-PascalVOC-export/Annotations/hand1694.jpg</path>
    <source>
        <database>Unknown</database>
    </source>
    <size>
        <width>320</width>
        <height>240</height>
        <depth>3</depth>
    </size>
    <segmented>0</segmented>
    <object>
    <name>hand</name>
    <pose>Unspecified</pose>
    <truncated>0</truncated>
    <difficult>0</difficult>
    <bndbox>
        <xmin>60.40023378064244</xmin>
        <ymin>103.61054533363867</ymin>
        <xmax>203.66348795435334</xmax>
        <ymax>240</ymax>
    </bndbox>
</object>
</annotation>