<annotation verified="yes">
    <folder>Annotation</folder>
    <filename>hand1053</filename>
    <path>white_background-PascalVOC-export/Annotations/hand1053.jpg</path>
    <source>
        <database>Unknown</database>
    </source>
    <size>
        <width>320</width>
        <height>240</height>
        <depth>3</depth>
    </size>
    <segmented>0</segmented>
    <object>
    <name>hand</name>
    <pose>Unspecified</pose>
    <truncated>0</truncated>
    <difficult>0</difficult>
    <bndbox>
        <xmin>92.86562896238378</xmin>
        <ymin>23.032710990346672</ymin>
        <xmax>227.82451923076923</xmax>
        <ymax>195.17409676226043</ymax>
    </bndbox>
</object>
</annotation>