<annotation verified="yes">
    <folder>Annotation</folder>
    <filename>hand492</filename>
    <path>white_background-PascalVOC-export/Annotations/hand492.jpg</path>
    <source>
        <database>Unknown</database>
    </source>
    <size>
        <width>320</width>
        <height>240</height>
        <depth>3</depth>
    </size>
    <segmented>0</segmented>
    <object>
    <name>hand</name>
    <pose>Unspecified</pose>
    <truncated>0</truncated>
    <difficult>0</difficult>
    <bndbox>
        <xmin>25.71751340606509</xmin>
        <ymin>4.192058300891347</ymin>
        <xmax>153.86320860629755</xmax>
        <ymax>152.70239725725762</ymax>
    </bndbox>
</object>
</annotation>