<annotation verified="yes">
    <folder>Annotation</folder>
    <filename>hand525</filename>
    <path>white_background-PascalVOC-export/Annotations/hand525.jpg</path>
    <source>
        <database>Unknown</database>
    </source>
    <size>
        <width>320</width>
        <height>240</height>
        <depth>3</depth>
    </size>
    <segmented>0</segmented>
    <object>
    <name>hand</name>
    <pose>Unspecified</pose>
    <truncated>0</truncated>
    <difficult>0</difficult>
    <bndbox>
        <xmin>117.76118713017753</xmin>
        <ymin>6.054808606961668</ymin>
        <xmax>276.26746750845314</xmax>
        <ymax>142.73794215050734</ymax>
    </bndbox>
</object>
</annotation>