<annotation verified="yes">
    <folder>Annotation</folder>
    <filename>hand1484</filename>
    <path>white_background-PascalVOC-export/Annotations/hand1484.jpg</path>
    <source>
        <database>Unknown</database>
    </source>
    <size>
        <width>320</width>
        <height>240</height>
        <depth>3</depth>
    </size>
    <segmented>0</segmented>
    <object>
    <name>hand</name>
    <pose>Unspecified</pose>
    <truncated>0</truncated>
    <difficult>0</difficult>
    <bndbox>
        <xmin>59.95656236792055</xmin>
        <ymin>98.21410719947858</ymin>
        <xmax>198.4577741969569</xmax>
        <ymax>240</ymax>
    </bndbox>
</object>
</annotation>