<annotation verified="yes">
    <folder>Annotation</folder>
    <filename>hand708</filename>
    <path>white_background-PascalVOC-export/Annotations/hand708.jpg</path>
    <source>
        <database>Unknown</database>
    </source>
    <size>
        <width>320</width>
        <height>240</height>
        <depth>3</depth>
    </size>
    <segmented>0</segmented>
    <object>
    <name>hand</name>
    <pose>Unspecified</pose>
    <truncated>0</truncated>
    <difficult>0</difficult>
    <bndbox>
        <xmin>78.98751719940728</xmin>
        <ymin>39.23132627327878</ymin>
        <xmax>255.57217797417442</xmax>
        <ymax>186.33526735327314</ymax>
    </bndbox>
</object>
</annotation>