<annotation verified="yes">
    <folder>Annotation</folder>
    <filename>hand279</filename>
    <path>white_background-PascalVOC-export/Annotations/hand279.jpg</path>
    <source>
        <database>Unknown</database>
    </source>
    <size>
        <width>320</width>
        <height>240</height>
        <depth>3</depth>
    </size>
    <segmented>0</segmented>
    <object>
    <name>hand</name>
    <pose>Unspecified</pose>
    <truncated>0</truncated>
    <difficult>0</difficult>
    <bndbox>
        <xmin>155.97600116229924</xmin>
        <ymin>60.0121134485978</ymin>
        <xmax>304.1079353338969</xmax>
        <ymax>217.05110053198985</ymax>
    </bndbox>
</object>
</annotation>