<annotation verified="yes">
    <folder>Annotation</folder>
    <filename>hand1293</filename>
    <path>white_background-PascalVOC-export/Annotations/hand1293.jpg</path>
    <source>
        <database>Unknown</database>
    </source>
    <size>
        <width>320</width>
        <height>240</height>
        <depth>3</depth>
    </size>
    <segmented>0</segmented>
    <object>
    <name>hand</name>
    <pose>Unspecified</pose>
    <truncated>0</truncated>
    <difficult>0</difficult>
    <bndbox>
        <xmin>46.85300877007608</xmin>
        <ymin>49.202235414317926</ymin>
        <xmax>235.1729910714286</xmax>
        <ymax>200.74390501691093</ymax>
    </bndbox>
</object>
</annotation>