<annotation verified="yes">
    <folder>Annotation</folder>
    <filename>hand468</filename>
    <path>white_background-PascalVOC-export/Annotations/hand468.jpg</path>
    <source>
        <database>Unknown</database>
    </source>
    <size>
        <width>320</width>
        <height>240</height>
        <depth>3</depth>
    </size>
    <segmented>0</segmented>
    <object>
    <name>hand</name>
    <pose>Unspecified</pose>
    <truncated>0</truncated>
    <difficult>0</difficult>
    <bndbox>
        <xmin>176.150626717033</xmin>
        <ymin>33.45083828036922</ymin>
        <xmax>319.1191290680474</xmax>
        <ymax>151.70816965543966</ymax>
    </bndbox>
</object>
</annotation>