<annotation verified="yes">
    <folder>Annotation</folder>
    <filename>hand109</filename>
    <path>white_background-PascalVOC-export/Annotations/hand109.jpg</path>
    <source>
        <database>Unknown</database>
    </source>
    <size>
        <width>320</width>
        <height>240</height>
        <depth>3</depth>
    </size>
    <segmented>0</segmented>
    <object>
    <name>hand</name>
    <pose>Unspecified</pose>
    <truncated>0</truncated>
    <difficult>0</difficult>
    <bndbox>
        <xmin>0.8027129120879122</xmin>
        <ymin>1.0496010076099211</ymin>
        <xmax>112.87934871618766</xmax>
        <ymax>142.12358304854845</ymax>
    </bndbox>
</object>
</annotation>