<annotation verified="yes">
    <folder>Annotation</folder>
    <filename>hand527</filename>
    <path>white_background-PascalVOC-export/Annotations/hand527.jpg</path>
    <source>
        <database>Unknown</database>
    </source>
    <size>
        <width>320</width>
        <height>240</height>
        <depth>3</depth>
    </size>
    <segmented>0</segmented>
    <object>
    <name>hand</name>
    <pose>Unspecified</pose>
    <truncated>0</truncated>
    <difficult>0</difficult>
    <bndbox>
        <xmin>86.5654552778952</xmin>
        <ymin>3.8801927362246333</ymin>
        <xmax>230.40858780642435</xmax>
        <ymax>163.16090270927282</ymax>
    </bndbox>
</object>
</annotation>