<annotation verified="yes">
    <folder>Annotation</folder>
    <filename>hand1337</filename>
    <path>white_background-PascalVOC-export/Annotations/hand1337.jpg</path>
    <source>
        <database>Unknown</database>
    </source>
    <size>
        <width>320</width>
        <height>240</height>
        <depth>3</depth>
    </size>
    <segmented>0</segmented>
    <object>
    <name>hand</name>
    <pose>Unspecified</pose>
    <truncated>0</truncated>
    <difficult>0</difficult>
    <bndbox>
        <xmin>63.41111712806425</xmin>
        <ymin>9.696192176930666</ymin>
        <xmax>235.1182111158073</xmax>
        <ymax>204.92524948034105</ymax>
    </bndbox>
</object>
</annotation>