<annotation verified="yes">
    <folder>Annotation</folder>
    <filename>hand1092</filename>
    <path>white_background-PascalVOC-export/Annotations/hand1092.jpg</path>
    <source>
        <database>Unknown</database>
    </source>
    <size>
        <width>320</width>
        <height>240</height>
        <depth>3</depth>
    </size>
    <segmented>0</segmented>
    <object>
    <name>hand</name>
    <pose>Unspecified</pose>
    <truncated>0</truncated>
    <difficult>0</difficult>
    <bndbox>
        <xmin>0.30951170224006763</xmin>
        <ymin>1.17521920360062</ymin>
        <xmax>207.97208500633982</xmax>
        <ymax>170.69680541854567</ymax>
    </bndbox>
</object>
</annotation>