<annotation verified="yes">
    <folder>Annotation</folder>
    <filename>hand1247</filename>
    <path>white_background-PascalVOC-export/Annotations/hand1247.jpg</path>
    <source>
        <database>Unknown</database>
    </source>
    <size>
        <width>320</width>
        <height>240</height>
        <depth>3</depth>
    </size>
    <segmented>0</segmented>
    <object>
    <name>hand</name>
    <pose>Unspecified</pose>
    <truncated>0</truncated>
    <difficult>0</difficult>
    <bndbox>
        <xmin>85.09919167371092</xmin>
        <ymin>33.07667144121688</ymin>
        <xmax>249.98920250422657</xmax>
        <ymax>182.6689552212514</ymax>
    </bndbox>
</object>
</annotation>