<annotation verified="yes">
    <folder>Annotation</folder>
    <filename>hand1647</filename>
    <path>white_background-PascalVOC-export/Annotations/hand1647.jpg</path>
    <source>
        <database>Unknown</database>
    </source>
    <size>
        <width>320</width>
        <height>240</height>
        <depth>3</depth>
    </size>
    <segmented>0</segmented>
    <object>
    <name>hand</name>
    <pose>Unspecified</pose>
    <truncated>0</truncated>
    <difficult>0</difficult>
    <bndbox>
        <xmin>89.257416261623</xmin>
        <ymin>29.81092037987951</ymin>
        <xmax>271.5828732565512</xmax>
        <ymax>169.8810674587796</ymax>
    </bndbox>
</object>
</annotation>