<annotation verified="yes">
    <folder>Annotation</folder>
    <filename>hand1650</filename>
    <path>white_background-PascalVOC-export/Annotations/hand1650.jpg</path>
    <source>
        <database>Unknown</database>
    </source>
    <size>
        <width>320</width>
        <height>240</height>
        <depth>3</depth>
    </size>
    <segmented>0</segmented>
    <object>
    <name>hand</name>
    <pose>Unspecified</pose>
    <truncated>0</truncated>
    <difficult>0</difficult>
    <bndbox>
        <xmin>39.07612069420964</xmin>
        <ymin>29.510689340825817</ymin>
        <xmax>225.26003143491127</xmax>
        <ymax>206.3158766822858</ymax>
    </bndbox>
</object>
</annotation>