<annotation verified="yes">
    <folder>Annotation</folder>
    <filename>hand873</filename>
    <path>white_background-PascalVOC-export/Annotations/hand873.jpg</path>
    <source>
        <database>Unknown</database>
    </source>
    <size>
        <width>320</width>
        <height>240</height>
        <depth>3</depth>
    </size>
    <segmented>0</segmented>
    <object>
    <name>hand</name>
    <pose>Unspecified</pose>
    <truncated>0</truncated>
    <difficult>0</difficult>
    <bndbox>
        <xmin>147.51632289902625</xmin>
        <ymin>125.62504959967552</ymin>
        <xmax>291.1313571655377</xmax>
        <ymax>240.00000000000003</ymax>
    </bndbox>
</object>
</annotation>