<annotation verified="yes">
    <folder>Annotation</folder>
    <filename>hand132</filename>
    <path>white_background-PascalVOC-export/Annotations/hand132.jpg</path>
    <source>
        <database>Unknown</database>
    </source>
    <size>
        <width>320</width>
        <height>240</height>
        <depth>3</depth>
    </size>
    <segmented>0</segmented>
    <object>
    <name>hand</name>
    <pose>Unspecified</pose>
    <truncated>0</truncated>
    <difficult>0</difficult>
    <bndbox>
        <xmin>11.133266523140323</xmin>
        <ymin>1.7773946699725196</ymin>
        <xmax>157.06258585164838</xmax>
        <ymax>130.61924191445885</ymax>
    </bndbox>
</object>
</annotation>