<annotation verified="yes">
    <folder>Annotation</folder>
    <filename>hand725</filename>
    <path>white_background-PascalVOC-export/Annotations/hand725.jpg</path>
    <source>
        <database>Unknown</database>
    </source>
    <size>
        <width>320</width>
        <height>240</height>
        <depth>3</depth>
    </size>
    <segmented>0</segmented>
    <object>
    <name>hand</name>
    <pose>Unspecified</pose>
    <truncated>0</truncated>
    <difficult>0</difficult>
    <bndbox>
        <xmin>66.1292733911939</xmin>
        <ymin>36.169468037969104</ymin>
        <xmax>238.9576497671465</xmax>
        <ymax>220.17287691344526</ymax>
    </bndbox>
</object>
</annotation>