<annotation verified="yes">
    <folder>Annotation</folder>
    <filename>hand1522</filename>
    <path>white_background-PascalVOC-export/Annotations/hand1522.jpg</path>
    <source>
        <database>Unknown</database>
    </source>
    <size>
        <width>320</width>
        <height>240</height>
        <depth>3</depth>
    </size>
    <segmented>0</segmented>
    <object>
    <name>hand</name>
    <pose>Unspecified</pose>
    <truncated>0</truncated>
    <difficult>0</difficult>
    <bndbox>
        <xmin>52.188193417159766</xmin>
        <ymin>91.0664211131271</ymin>
        <xmax>213.16680314877433</xmax>
        <ymax>240</ymax>
    </bndbox>
</object>
</annotation>