<annotation verified="yes">
    <folder>Annotation</folder>
    <filename>hand250</filename>
    <path>white_background-PascalVOC-export/Annotations/hand250.jpg</path>
    <source>
        <database>Unknown</database>
    </source>
    <size>
        <width>320</width>
        <height>240</height>
        <depth>3</depth>
    </size>
    <segmented>0</segmented>
    <object>
    <name>hand</name>
    <pose>Unspecified</pose>
    <truncated>0</truncated>
    <difficult>0</difficult>
    <bndbox>
        <xmin>71.5623018808115</xmin>
        <ymin>5.12384838289177</ymin>
        <xmax>230.07746460270502</xmax>
        <ymax>150.64727267122322</ymax>
    </bndbox>
</object>
</annotation>