<annotation verified="yes">
    <folder>Annotation</folder>
    <filename>hand1445</filename>
    <path>white_background-PascalVOC-export/Annotations/hand1445.jpg</path>
    <source>
        <database>Unknown</database>
    </source>
    <size>
        <width>320</width>
        <height>240</height>
        <depth>3</depth>
    </size>
    <segmented>0</segmented>
    <object>
    <name>hand</name>
    <pose>Unspecified</pose>
    <truncated>0</truncated>
    <difficult>0</difficult>
    <bndbox>
        <xmin>54.43014317413356</xmin>
        <ymin>0.5943186522336528</ymin>
        <xmax>198.30515638207947</xmax>
        <ymax>121.44408491579763</ymax>
    </bndbox>
</object>
</annotation>