<annotation verified="yes">
    <folder>Annotation</folder>
    <filename>hand1324</filename>
    <path>white_background-PascalVOC-export/Annotations/hand1324.jpg</path>
    <source>
        <database>Unknown</database>
    </source>
    <size>
        <width>320</width>
        <height>240</height>
        <depth>3</depth>
    </size>
    <segmented>0</segmented>
    <object>
    <name>hand</name>
    <pose>Unspecified</pose>
    <truncated>0</truncated>
    <difficult>0</difficult>
    <bndbox>
        <xmin>80.07611078825022</xmin>
        <ymin>7.300293243993094</ymin>
        <xmax>213.63766642011836</xmax>
        <ymax>202.29819176296502</ymax>
    </bndbox>
</object>
</annotation>