<annotation verified="yes">
    <folder>Annotation</folder>
    <filename>hand520</filename>
    <path>white_background-PascalVOC-export/Annotations/hand520.jpg</path>
    <source>
        <database>Unknown</database>
    </source>
    <size>
        <width>320</width>
        <height>240</height>
        <depth>3</depth>
    </size>
    <segmented>0</segmented>
    <object>
    <name>hand</name>
    <pose>Unspecified</pose>
    <truncated>0</truncated>
    <difficult>0</difficult>
    <bndbox>
        <xmin>141.48272400676248</xmin>
        <ymin>60.29081359656848</ymin>
        <xmax>295.0419022083686</xmax>
        <ymax>209.7025062535231</ymax>
    </bndbox>
</object>
</annotation>