<annotation verified="yes">
    <folder>Annotation</folder>
    <filename>hand294</filename>
    <path>white_background-PascalVOC-export/Annotations/hand294.jpg</path>
    <source>
        <database>Unknown</database>
    </source>
    <size>
        <width>320</width>
        <height>240</height>
        <depth>3</depth>
    </size>
    <segmented>0</segmented>
    <object>
    <name>hand</name>
    <pose>Unspecified</pose>
    <truncated>0</truncated>
    <difficult>0</difficult>
    <bndbox>
        <xmin>154.9313186813187</xmin>
        <ymin>53.368122225549605</ymin>
        <xmax>305.5651349852071</xmax>
        <ymax>205.57879769412344</ymax>
    </bndbox>
</object>
</annotation>