<annotation verified="yes">
    <folder>Annotation</folder>
    <filename>hand457</filename>
    <path>white_background-PascalVOC-export/Annotations/hand457.jpg</path>
    <source>
        <database>Unknown</database>
    </source>
    <size>
        <width>320</width>
        <height>240</height>
        <depth>3</depth>
    </size>
    <segmented>0</segmented>
    <object>
    <name>hand</name>
    <pose>Unspecified</pose>
    <truncated>0</truncated>
    <difficult>0</difficult>
    <bndbox>
        <xmin>173.0617339391378</xmin>
        <ymin>75.90247256376831</ymin>
        <xmax>319.4600261517329</xmax>
        <ymax>214.88493187182917</ymax>
    </bndbox>
</object>
</annotation>