<annotation verified="yes">
    <folder>Annotation</folder>
    <filename>hand1078</filename>
    <path>white_background-PascalVOC-export/Annotations/hand1078.jpg</path>
    <source>
        <database>Unknown</database>
    </source>
    <size>
        <width>320</width>
        <height>240</height>
        <depth>3</depth>
    </size>
    <segmented>0</segmented>
    <object>
    <name>hand</name>
    <pose>Unspecified</pose>
    <truncated>0</truncated>
    <difficult>0</difficult>
    <bndbox>
        <xmin>50.968802831783606</xmin>
        <ymin>19.215447082863584</ymin>
        <xmax>256.02913012468304</xmax>
        <ymax>219.31202988479424</ymax>
    </bndbox>
</object>
</annotation>