<annotation verified="yes">
    <folder>Annotation</folder>
    <filename>hand1241</filename>
    <path>white_background-PascalVOC-export/Annotations/hand1241.jpg</path>
    <source>
        <database>Unknown</database>
    </source>
    <size>
        <width>320</width>
        <height>240</height>
        <depth>3</depth>
    </size>
    <segmented>0</segmented>
    <object>
    <name>hand</name>
    <pose>Unspecified</pose>
    <truncated>0</truncated>
    <difficult>0</difficult>
    <bndbox>
        <xmin>70.26079089180051</xmin>
        <ymin>21.59554568594983</ymin>
        <xmax>250.1743448858834</xmax>
        <ymax>160.8804531161922</ymax>
    </bndbox>
</object>
</annotation>