<annotation verified="yes">
    <folder>Annotation</folder>
    <filename>hand1097</filename>
    <path>white_background-PascalVOC-export/Annotations/hand1097.jpg</path>
    <source>
        <database>Unknown</database>
    </source>
    <size>
        <width>320</width>
        <height>240</height>
        <depth>3</depth>
    </size>
    <segmented>0</segmented>
    <object>
    <name>hand</name>
    <pose>Unspecified</pose>
    <truncated>0</truncated>
    <difficult>0</difficult>
    <bndbox>
        <xmin>1.1330106191885039</xmin>
        <ymin>4.4044565159949265</ymin>
        <xmax>200.95519864750636</xmax>
        <ymax>169.08729389797068</ymax>
    </bndbox>
</object>
</annotation>