<annotation verified="yes">
    <folder>Annotation</folder>
    <filename>hand319</filename>
    <path>white_background-PascalVOC-export/Annotations/hand319.jpg</path>
    <source>
        <database>Unknown</database>
    </source>
    <size>
        <width>320</width>
        <height>240</height>
        <depth>3</depth>
    </size>
    <segmented>0</segmented>
    <object>
    <name>hand</name>
    <pose>Unspecified</pose>
    <truncated>0</truncated>
    <difficult>0</difficult>
    <bndbox>
        <xmin>62.86592614116653</xmin>
        <ymin>25.39959379624084</ymin>
        <xmax>217.45027208368558</xmax>
        <ymax>185.28369305770858</ymax>
    </bndbox>
</object>
</annotation>