<annotation verified="yes">
    <folder>Annotation</folder>
    <filename>hand443</filename>
    <path>white_background-PascalVOC-export/Annotations/hand443.jpg</path>
    <source>
        <database>Unknown</database>
    </source>
    <size>
        <width>320</width>
        <height>240</height>
        <depth>3</depth>
    </size>
    <segmented>0</segmented>
    <object>
    <name>hand</name>
    <pose>Unspecified</pose>
    <truncated>0</truncated>
    <difficult>0</difficult>
    <bndbox>
        <xmin>54.819678518596795</xmin>
        <ymin>48.043596854742106</ymin>
        <xmax>185.1992748837701</xmax>
        <ymax>227.20428432391486</ymax>
    </bndbox>
</object>
</annotation>