<annotation verified="yes">
    <folder>Annotation</folder>
    <filename>hand535</filename>
    <path>white_background-PascalVOC-export/Annotations/hand535.jpg</path>
    <source>
        <database>Unknown</database>
    </source>
    <size>
        <width>320</width>
        <height>240</height>
        <depth>3</depth>
    </size>
    <segmented>0</segmented>
    <object>
    <name>hand</name>
    <pose>Unspecified</pose>
    <truncated>0</truncated>
    <difficult>0</difficult>
    <bndbox>
        <xmin>50.44561958474218</xmin>
        <ymin>4.111690069669532</ymin>
        <xmax>181.34536136939985</xmax>
        <ymax>170.6387236207018</ymax>
    </bndbox>
</object>
</annotation>