<annotation verified="yes">
    <folder>Annotation</folder>
    <filename>hand1134</filename>
    <path>white_background-PascalVOC-export/Annotations/hand1134.jpg</path>
    <source>
        <database>Unknown</database>
    </source>
    <size>
        <width>320</width>
        <height>240</height>
        <depth>3</depth>
    </size>
    <segmented>0</segmented>
    <object>
    <name>hand</name>
    <pose>Unspecified</pose>
    <truncated>0</truncated>
    <difficult>0</difficult>
    <bndbox>
        <xmin>96.25731390004228</xmin>
        <ymin>23.541657491896842</ymin>
        <xmax>257.99912827557057</xmax>
        <ymax>189.21039912450675</ymax>
    </bndbox>
</object>
</annotation>