<annotation verified="yes">
    <folder>Annotation</folder>
    <filename>hand1325</filename>
    <path>white_background-PascalVOC-export/Annotations/hand1325.jpg</path>
    <source>
        <database>Unknown</database>
    </source>
    <size>
        <width>320</width>
        <height>240</height>
        <depth>3</depth>
    </size>
    <segmented>0</segmented>
    <object>
    <name>hand</name>
    <pose>Unspecified</pose>
    <truncated>0</truncated>
    <difficult>0</difficult>
    <bndbox>
        <xmin>87.45203864644971</xmin>
        <ymin>4.258773098400507</ymin>
        <xmax>206.8120641377853</xmax>
        <ymax>197.78792629650505</ymax>
    </bndbox>
</object>
</annotation>