<annotation verified="yes">
    <folder>Annotation</folder>
    <filename>hand337</filename>
    <path>white_background-PascalVOC-export/Annotations/hand337.jpg</path>
    <source>
        <database>Unknown</database>
    </source>
    <size>
        <width>320</width>
        <height>240</height>
        <depth>3</depth>
    </size>
    <segmented>0</segmented>
    <object>
    <name>hand</name>
    <pose>Unspecified</pose>
    <truncated>0</truncated>
    <difficult>0</difficult>
    <bndbox>
        <xmin>143.3974469040575</xmin>
        <ymin>97.95609157007469</ymin>
        <xmax>286.471134034235</xmax>
        <ymax>238.4446067767052</ymax>
    </bndbox>
</object>
</annotation>