<annotation verified="yes">
    <folder>Annotation</folder>
    <filename>hand1292</filename>
    <path>white_background-PascalVOC-export/Annotations/hand1292.jpg</path>
    <source>
        <database>Unknown</database>
    </source>
    <size>
        <width>320</width>
        <height>240</height>
        <depth>3</depth>
    </size>
    <segmented>0</segmented>
    <object>
    <name>hand</name>
    <pose>Unspecified</pose>
    <truncated>0</truncated>
    <difficult>0</difficult>
    <bndbox>
        <xmin>56.96712542265428</xmin>
        <ymin>46.19321184470124</ymin>
        <xmax>232.60916367286563</xmax>
        <ymax>197.5382257609921</ymax>
    </bndbox>
</object>
</annotation>