<annotation verified="yes">
    <folder>Annotation</folder>
    <filename>hand1518</filename>
    <path>white_background-PascalVOC-export/Annotations/hand1518.jpg</path>
    <source>
        <database>Unknown</database>
    </source>
    <size>
        <width>320</width>
        <height>240</height>
        <depth>3</depth>
    </size>
    <segmented>0</segmented>
    <object>
    <name>hand</name>
    <pose>Unspecified</pose>
    <truncated>0</truncated>
    <difficult>0</difficult>
    <bndbox>
        <xmin>52.31536942624683</xmin>
        <ymin>83.50286473012964</ymin>
        <xmax>208.21240358199495</xmax>
        <ymax>206.80051371371195</ymax>
    </bndbox>
</object>
</annotation>