<annotation verified="yes">
    <folder>Annotation</folder>
    <filename>hand244</filename>
    <path>white_background-PascalVOC-export/Annotations/hand244.jpg</path>
    <source>
        <database>Unknown</database>
    </source>
    <size>
        <width>320</width>
        <height>240</height>
        <depth>3</depth>
    </size>
    <segmented>0</segmented>
    <object>
    <name>hand</name>
    <pose>Unspecified</pose>
    <truncated>0</truncated>
    <difficult>0</difficult>
    <bndbox>
        <xmin>113.15620377218936</xmin>
        <ymin>0.26314753690459414</ymin>
        <xmax>274.334484625951</xmax>
        <ymax>128.87024820321307</ymax>
    </bndbox>
</object>
</annotation>