<annotation verified="yes">
    <folder>Annotation</folder>
    <filename>hand334</filename>
    <path>white_background-PascalVOC-export/Annotations/hand334.jpg</path>
    <source>
        <database>Unknown</database>
    </source>
    <size>
        <width>320</width>
        <height>240</height>
        <depth>3</depth>
    </size>
    <segmented>0</segmented>
    <object>
    <name>hand</name>
    <pose>Unspecified</pose>
    <truncated>0</truncated>
    <difficult>0</difficult>
    <bndbox>
        <xmin>100.26539716293323</xmin>
        <ymin>75.67628879826663</ymin>
        <xmax>253.6015096682164</xmax>
        <ymax>238.75433783117248</ymax>
    </bndbox>
</object>
</annotation>