<annotation verified="yes">
    <folder>Annotation</folder>
    <filename>hand336</filename>
    <path>white_background-PascalVOC-export/Annotations/hand336.jpg</path>
    <source>
        <database>Unknown</database>
    </source>
    <size>
        <width>320</width>
        <height>240</height>
        <depth>3</depth>
    </size>
    <segmented>0</segmented>
    <object>
    <name>hand</name>
    <pose>Unspecified</pose>
    <truncated>0</truncated>
    <difficult>0</difficult>
    <bndbox>
        <xmin>122.5461617709214</xmin>
        <ymin>83.56208603438557</ymin>
        <xmax>268.8113509087067</xmax>
        <ymax>238.54818625810316</ymax>
    </bndbox>
</object>
</annotation>