<annotation verified="yes">
    <folder>Annotation</folder>
    <filename>hand536</filename>
    <path>white_background-PascalVOC-export/Annotations/hand536.jpg</path>
    <source>
        <database>Unknown</database>
    </source>
    <size>
        <width>320</width>
        <height>240</height>
        <depth>3</depth>
    </size>
    <segmented>0</segmented>
    <object>
    <name>hand</name>
    <pose>Unspecified</pose>
    <truncated>0</truncated>
    <difficult>0</difficult>
    <bndbox>
        <xmin>41.51163289835165</xmin>
        <ymin>4.552728594895011</ymin>
        <xmax>172.772512943787</xmax>
        <ymax>170.68463416889796</ymax>
    </bndbox>
</object>
</annotation>