<annotation verified="yes">
    <folder>Annotation</folder>
    <filename>hand723</filename>
    <path>white_background-PascalVOC-export/Annotations/hand723.jpg</path>
    <source>
        <database>Unknown</database>
    </source>
    <size>
        <width>320</width>
        <height>240</height>
        <depth>3</depth>
    </size>
    <segmented>0</segmented>
    <object>
    <name>hand</name>
    <pose>Unspecified</pose>
    <truncated>0</truncated>
    <difficult>0</difficult>
    <bndbox>
        <xmin>58.13012674640135</xmin>
        <ymin>38.615347903146166</ymin>
        <xmax>245.85871348433528</xmax>
        <ymax>212.00954738642778</ymax>
    </bndbox>
</object>
</annotation>