<annotation verified="yes">
    <folder>Annotation</folder>
    <filename>hand451</filename>
    <path>white_background-PascalVOC-export/Annotations/hand451.jpg</path>
    <source>
        <database>Unknown</database>
    </source>
    <size>
        <width>320</width>
        <height>240</height>
        <depth>3</depth>
    </size>
    <segmented>0</segmented>
    <object>
    <name>hand</name>
    <pose>Unspecified</pose>
    <truncated>0</truncated>
    <difficult>0</difficult>
    <bndbox>
        <xmin>143.54189230240914</xmin>
        <ymin>89.77312262189966</ymin>
        <xmax>289.3656883981404</xmax>
        <ymax>240</ymax>
    </bndbox>
</object>
</annotation>