<annotation verified="yes">
    <folder>Annotation</folder>
    <filename>hand1245</filename>
    <path>white_background-PascalVOC-export/Annotations/hand1245.jpg</path>
    <source>
        <database>Unknown</database>
    </source>
    <size>
        <width>320</width>
        <height>240</height>
        <depth>3</depth>
    </size>
    <segmented>0</segmented>
    <object>
    <name>hand</name>
    <pose>Unspecified</pose>
    <truncated>0</truncated>
    <difficult>0</difficult>
    <bndbox>
        <xmin>83.48778925401523</xmin>
        <ymin>27.359173246811583</ymin>
        <xmax>248.36654031065092</xmax>
        <ymax>175.9860638916291</ymax>
    </bndbox>
</object>
</annotation>