<annotation verified="yes">
    <folder>Annotation</folder>
    <filename>hand1330</filename>
    <path>white_background-PascalVOC-export/Annotations/hand1330.jpg</path>
    <source>
        <database>Unknown</database>
    </source>
    <size>
        <width>320</width>
        <height>240</height>
        <depth>3</depth>
    </size>
    <segmented>0</segmented>
    <object>
    <name>hand</name>
    <pose>Unspecified</pose>
    <truncated>0</truncated>
    <difficult>0</difficult>
    <bndbox>
        <xmin>86.05184779163146</xmin>
        <ymin>8.205899450394588</ymin>
        <xmax>209.54049556213022</xmax>
        <ymax>196.6909944863303</ymax>
    </bndbox>
</object>
</annotation>