<annotation verified="yes">
    <folder>Annotation</folder>
    <filename>hand518</filename>
    <path>white_background-PascalVOC-export/Annotations/hand518.jpg</path>
    <source>
        <database>Unknown</database>
    </source>
    <size>
        <width>320</width>
        <height>240</height>
        <depth>3</depth>
    </size>
    <segmented>0</segmented>
    <object>
    <name>hand</name>
    <pose>Unspecified</pose>
    <truncated>0</truncated>
    <difficult>0</difficult>
    <bndbox>
        <xmin>139.64975829459004</xmin>
        <ymin>74.83420181704481</ymin>
        <xmax>286.34007819103977</xmax>
        <ymax>229.7894775665868</ymax>
    </bndbox>
</object>
</annotation>