<annotation verified="yes">
    <folder>Annotation</folder>
    <filename>hand318</filename>
    <path>white_background-PascalVOC-export/Annotations/hand318.jpg</path>
    <source>
        <database>Unknown</database>
    </source>
    <size>
        <width>320</width>
        <height>240</height>
        <depth>3</depth>
    </size>
    <segmented>0</segmented>
    <object>
    <name>hand</name>
    <pose>Unspecified</pose>
    <truncated>0</truncated>
    <difficult>0</difficult>
    <bndbox>
        <xmin>63.60804760143703</xmin>
        <ymin>25.676200720476324</ymin>
        <xmax>217.9748586749789</xmax>
        <ymax>185.6877389110062</ymax>
    </bndbox>
</object>
</annotation>