<annotation verified="yes">
    <folder>Annotation</folder>
    <filename>hand453</filename>
    <path>white_background-PascalVOC-export/Annotations/hand453.jpg</path>
    <source>
        <database>Unknown</database>
    </source>
    <size>
        <width>320</width>
        <height>240</height>
        <depth>3</depth>
    </size>
    <segmented>0</segmented>
    <object>
    <name>hand</name>
    <pose>Unspecified</pose>
    <truncated>0</truncated>
    <difficult>0</difficult>
    <bndbox>
        <xmin>163.36477374788674</xmin>
        <ymin>82.84408139268602</ymin>
        <xmax>309.5354765426881</xmax>
        <ymax>226.569149873168</ymax>
    </bndbox>
</object>
</annotation>