<annotation verified="yes">
    <folder>Annotation</folder>
    <filename>hand1651</filename>
    <path>white_background-PascalVOC-export/Annotations/hand1651.jpg</path>
    <source>
        <database>Unknown</database>
    </source>
    <size>
        <width>320</width>
        <height>240</height>
        <depth>3</depth>
    </size>
    <segmented>0</segmented>
    <object>
    <name>hand</name>
    <pose>Unspecified</pose>
    <truncated>0</truncated>
    <difficult>0</difficult>
    <bndbox>
        <xmin>38.93326024936602</xmin>
        <ymin>28.70809286261626</ymin>
        <xmax>227.74071481403215</xmax>
        <ymax>205.02778854284102</ymax>
    </bndbox>
</object>
</annotation>