<annotation verified="yes">
    <folder>Annotation</folder>
    <filename>hand326</filename>
    <path>white_background-PascalVOC-export/Annotations/hand326.jpg</path>
    <source>
        <database>Unknown</database>
    </source>
    <size>
        <width>320</width>
        <height>240</height>
        <depth>3</depth>
    </size>
    <segmented>0</segmented>
    <object>
    <name>hand</name>
    <pose>Unspecified</pose>
    <truncated>0</truncated>
    <difficult>0</difficult>
    <bndbox>
        <xmin>58.44922205198648</xmin>
        <ymin>18.712132055031002</ymin>
        <xmax>209.86134958791212</xmax>
        <ymax>177.37480843080607</ymax>
    </bndbox>
</object>
</annotation>