<annotation verified="yes">
    <folder>Annotation</folder>
    <filename>hand1291</filename>
    <path>white_background-PascalVOC-export/Annotations/hand1291.jpg</path>
    <source>
        <database>Unknown</database>
    </source>
    <size>
        <width>320</width>
        <height>240</height>
        <depth>3</depth>
    </size>
    <segmented>0</segmented>
    <object>
    <name>hand</name>
    <pose>Unspecified</pose>
    <truncated>0</truncated>
    <difficult>0</difficult>
    <bndbox>
        <xmin>66.00302792159763</xmin>
        <ymin>42.59230552423901</ymin>
        <xmax>239.59362452451396</xmax>
        <ymax>194.0987825447435</ymax>
    </bndbox>
</object>
</annotation>