<annotation verified="yes">
    <folder>Annotation</folder>
    <filename>hand1079</filename>
    <path>white_background-PascalVOC-export/Annotations/hand1079.jpg</path>
    <source>
        <database>Unknown</database>
    </source>
    <size>
        <width>320</width>
        <height>240</height>
        <depth>3</depth>
    </size>
    <segmented>0</segmented>
    <object>
    <name>hand</name>
    <pose>Unspecified</pose>
    <truncated>0</truncated>
    <difficult>0</difficult>
    <bndbox>
        <xmin>48.78490199704142</xmin>
        <ymin>20.072058642192783</ymin>
        <xmax>257.08609599535083</xmax>
        <ymax>219.16759331841882</ymax>
    </bndbox>
</object>
</annotation>