<annotation verified="yes">
    <folder>Annotation</folder>
    <filename>hand490</filename>
    <path>white_background-PascalVOC-export/Annotations/hand490.jpg</path>
    <source>
        <database>Unknown</database>
    </source>
    <size>
        <width>320</width>
        <height>240</height>
        <depth>3</depth>
    </size>
    <segmented>0</segmented>
    <object>
    <name>hand</name>
    <pose>Unspecified</pose>
    <truncated>0</truncated>
    <difficult>0</difficult>
    <bndbox>
        <xmin>32.98913151151733</xmin>
        <ymin>1.6135534654206594</ymin>
        <xmax>167.26848121830096</xmax>
        <ymax>144.8216369697717</ymax>
    </bndbox>
</object>
</annotation>