<annotation verified="yes">
    <folder>Annotation</folder>
    <filename>hand290</filename>
    <path>white_background-PascalVOC-export/Annotations/hand290.jpg</path>
    <source>
        <database>Unknown</database>
    </source>
    <size>
        <width>320</width>
        <height>240</height>
        <depth>3</depth>
    </size>
    <segmented>0</segmented>
    <object>
    <name>hand</name>
    <pose>Unspecified</pose>
    <truncated>0</truncated>
    <difficult>0</difficult>
    <bndbox>
        <xmin>153.514568364328</xmin>
        <ymin>7.988311526740417</ymin>
        <xmax>302.63174926035504</xmax>
        <ymax>149.04058514479988</ymax>
    </bndbox>
</object>
</annotation>