<annotation verified="yes">
    <folder>Annotation</folder>
    <filename>hand133</filename>
    <path>white_background-PascalVOC-export/Annotations/hand133.jpg</path>
    <source>
        <database>Unknown</database>
    </source>
    <size>
        <width>320</width>
        <height>240</height>
        <depth>3</depth>
    </size>
    <segmented>0</segmented>
    <object>
    <name>hand</name>
    <pose>Unspecified</pose>
    <truncated>0</truncated>
    <difficult>0</difficult>
    <bndbox>
        <xmin>16.600670963651734</xmin>
        <ymin>0.27956303507257607</ymin>
        <xmax>156.37118290363483</xmax>
        <ymax>129.37561103967025</ymax>
    </bndbox>
</object>
</annotation>