<annotation verified="yes">
    <folder>Annotation</folder>
    <filename>hand1069</filename>
    <path>white_background-PascalVOC-export/Annotations/hand1069.jpg</path>
    <source>
        <database>Unknown</database>
    </source>
    <size>
        <width>320</width>
        <height>240</height>
        <depth>3</depth>
    </size>
    <segmented>0</segmented>
    <object>
    <name>hand</name>
    <pose>Unspecified</pose>
    <truncated>0</truncated>
    <difficult>0</difficult>
    <bndbox>
        <xmin>69.87710006339815</xmin>
        <ymin>10.233139158504791</ymin>
        <xmax>237.4192003909552</xmax>
        <ymax>213.51605437922774</ymax>
    </bndbox>
</object>
</annotation>