<annotation verified="yes">
    <folder>Annotation</folder>
    <filename>hand135</filename>
    <path>white_background-PascalVOC-export/Annotations/hand135.jpg</path>
    <source>
        <database>Unknown</database>
    </source>
    <size>
        <width>320</width>
        <height>240</height>
        <depth>3</depth>
    </size>
    <segmented>0</segmented>
    <object>
    <name>hand</name>
    <pose>Unspecified</pose>
    <truncated>0</truncated>
    <difficult>0</difficult>
    <bndbox>
        <xmin>25.736144864750635</xmin>
        <ymin>1.7927367200711668</ymin>
        <xmax>154.39758558748943</xmax>
        <ymax>125.60848541431791</ymax>
    </bndbox>
</object>
</annotation>