<annotation verified="yes">
    <folder>Annotation</folder>
    <filename>hand1120</filename>
    <path>white_background-PascalVOC-export/Annotations/hand1120.jpg</path>
    <source>
        <database>Unknown</database>
    </source>
    <size>
        <width>320</width>
        <height>240</height>
        <depth>3</depth>
    </size>
    <segmented>0</segmented>
    <object>
    <name>hand</name>
    <pose>Unspecified</pose>
    <truncated>0</truncated>
    <difficult>0</difficult>
    <bndbox>
        <xmin>104.14777380071853</xmin>
        <ymin>93.79221953829622</ymin>
        <xmax>249.62961617709215</xmax>
        <ymax>240</ymax>
    </bndbox>
</object>
</annotation>