<annotation verified="yes">
    <folder>Annotation</folder>
    <filename>hand737</filename>
    <path>white_background-PascalVOC-export/Annotations/hand737.jpg</path>
    <source>
        <database>Unknown</database>
    </source>
    <size>
        <width>320</width>
        <height>240</height>
        <depth>3</depth>
    </size>
    <segmented>0</segmented>
    <object>
    <name>hand</name>
    <pose>Unspecified</pose>
    <truncated>0</truncated>
    <difficult>0</difficult>
    <bndbox>
        <xmin>69.08714145850973</xmin>
        <ymin>9.780357481394612</ymin>
        <xmax>252.57521433107536</xmax>
        <ymax>195.3920689016648</ymax>
    </bndbox>
</object>
</annotation>