<annotation verified="yes">
    <folder>Annotation</folder>
    <filename>hand683</filename>
    <path>white_background-PascalVOC-export/Annotations/hand683.jpg</path>
    <source>
        <database>Unknown</database>
    </source>
    <size>
        <width>320</width>
        <height>240</height>
        <depth>3</depth>
    </size>
    <segmented>0</segmented>
    <object>
    <name>hand</name>
    <pose>Unspecified</pose>
    <truncated>0</truncated>
    <difficult>0</difficult>
    <bndbox>
        <xmin>71.76616413526672</xmin>
        <ymin>39.56067638526383</ymin>
        <xmax>206.24930540855206</xmax>
        <ymax>165.94505568390238</ymax>
    </bndbox>
</object>
</annotation>