<annotation verified="yes">
    <folder>Annotation</folder>
    <filename>hand1478</filename>
    <path>white_background-PascalVOC-export/Annotations/hand1478.jpg</path>
    <source>
        <database>Unknown</database>
    </source>
    <size>
        <width>320</width>
        <height>240</height>
        <depth>3</depth>
    </size>
    <segmented>0</segmented>
    <object>
    <name>hand</name>
    <pose>Unspecified</pose>
    <truncated>0</truncated>
    <difficult>0</difficult>
    <bndbox>
        <xmin>3.585825232459848</xmin>
        <ymin>80.28721892175169</ymin>
        <xmax>131.842095704776</xmax>
        <ymax>240</ymax>
    </bndbox>
</object>
</annotation>