<annotation verified="yes">
    <folder>Annotation</folder>
    <filename>hand1525</filename>
    <path>white_background-PascalVOC-export/Annotations/hand1525.jpg</path>
    <source>
        <database>Unknown</database>
    </source>
    <size>
        <width>320</width>
        <height>240</height>
        <depth>3</depth>
    </size>
    <segmented>0</segmented>
    <object>
    <name>hand</name>
    <pose>Unspecified</pose>
    <truncated>0</truncated>
    <difficult>0</difficult>
    <bndbox>
        <xmin>51.72340580092985</xmin>
        <ymin>91.78528451328212</ymin>
        <xmax>209.0174939243449</xmax>
        <ymax>240</ymax>
    </bndbox>
</object>
</annotation>