<annotation verified="yes">
    <folder>Annotation</folder>
    <filename>hand121</filename>
    <path>white_background-PascalVOC-export/Annotations/hand121.jpg</path>
    <source>
        <database>Unknown</database>
    </source>
    <size>
        <width>320</width>
        <height>240</height>
        <depth>3</depth>
    </size>
    <segmented>0</segmented>
    <object>
    <name>hand</name>
    <pose>Unspecified</pose>
    <truncated>0</truncated>
    <difficult>0</difficult>
    <bndbox>
        <xmin>11.211160384087067</xmin>
        <ymin>0.8787741333145433</ymin>
        <xmax>125.45843129226543</xmax>
        <ymax>116.14475254544814</ymax>
    </bndbox>
</object>
</annotation>