<annotation verified="yes">
    <folder>Annotation</folder>
    <filename>hand118</filename>
    <path>white_background-PascalVOC-export/Annotations/hand118.jpg</path>
    <source>
        <database>Unknown</database>
    </source>
    <size>
        <width>320</width>
        <height>240</height>
        <depth>3</depth>
    </size>
    <segmented>0</segmented>
    <object>
    <name>hand</name>
    <pose>Unspecified</pose>
    <truncated>0</truncated>
    <difficult>0</difficult>
    <bndbox>
        <xmin>0.32816792582417587</xmin>
        <ymin>0.5518018513951521</ymin>
        <xmax>117.1000799080727</xmax>
        <ymax>120.1096238197576</ymax>
    </bndbox>
</object>
</annotation>