<annotation verified="yes">
    <folder>Annotation</folder>
    <filename>hand1253</filename>
    <path>white_background-PascalVOC-export/Annotations/hand1253.jpg</path>
    <source>
        <database>Unknown</database>
    </source>
    <size>
        <width>320</width>
        <height>240</height>
        <depth>3</depth>
    </size>
    <segmented>0</segmented>
    <object>
    <name>hand</name>
    <pose>Unspecified</pose>
    <truncated>0</truncated>
    <difficult>0</difficult>
    <bndbox>
        <xmin>84.90952557058327</xmin>
        <ymin>34.35951207106116</ymin>
        <xmax>259.2234388207946</xmax>
        <ymax>174.7154812130073</ymax>
    </bndbox>
</object>
</annotation>