<annotation verified="yes">
    <folder>Annotation</folder>
    <filename>hand876</filename>
    <path>white_background-PascalVOC-export/Annotations/hand876.jpg</path>
    <source>
        <database>Unknown</database>
    </source>
    <size>
        <width>320</width>
        <height>240</height>
        <depth>3</depth>
    </size>
    <segmented>0</segmented>
    <object>
    <name>hand</name>
    <pose>Unspecified</pose>
    <truncated>0</truncated>
    <difficult>0</difficult>
    <bndbox>
        <xmin>153.12387542337004</xmin>
        <ymin>128.32163515801355</ymin>
        <xmax>297.2707186706181</xmax>
        <ymax>240</ymax>
    </bndbox>
</object>
</annotation>