<annotation verified="yes">
    <folder>Annotation</folder>
    <filename>hand98</filename>
    <path>white_background-PascalVOC-export/Annotations/hand98.jpg</path>
    <source>
        <database>Unknown</database>
    </source>
    <size>
        <width>320</width>
        <height>240</height>
        <depth>3</depth>
    </size>
    <segmented>0</segmented>
    <object>
    <name>hand</name>
    <pose>Unspecified</pose>
    <truncated>0</truncated>
    <difficult>0</difficult>
    <bndbox>
        <xmin>3.353338669559695</xmin>
        <ymin>0.5742939761745204</ymin>
        <xmax>93.49528339331074</xmax>
        <ymax>114.48155663621614</ymax>
    </bndbox>
</object>
</annotation>