<annotation verified="yes">
    <folder>Annotation</folder>
    <filename>hand1244</filename>
    <path>white_background-PascalVOC-export/Annotations/hand1244.jpg</path>
    <source>
        <database>Unknown</database>
    </source>
    <size>
        <width>320</width>
        <height>240</height>
        <depth>3</depth>
    </size>
    <segmented>0</segmented>
    <object>
    <name>hand</name>
    <pose>Unspecified</pose>
    <truncated>0</truncated>
    <difficult>0</difficult>
    <bndbox>
        <xmin>84.04392632607778</xmin>
        <ymin>21.82703063345547</ymin>
        <xmax>252.83039676669486</xmax>
        <ymax>168.67157223259582</ymax>
    </bndbox>
</object>
</annotation>