<annotation verified="yes">
    <folder>Annotation</folder>
    <filename>hand534</filename>
    <path>white_background-PascalVOC-export/Annotations/hand534.jpg</path>
    <source>
        <database>Unknown</database>
    </source>
    <size>
        <width>320</width>
        <height>240</height>
        <depth>3</depth>
    </size>
    <segmented>0</segmented>
    <object>
    <name>hand</name>
    <pose>Unspecified</pose>
    <truncated>0</truncated>
    <difficult>0</difficult>
    <bndbox>
        <xmin>53.73834398774303</xmin>
        <ymin>2.12171552415093</ymin>
        <xmax>188.33682243237533</xmax>
        <ymax>168.6007576891911</ymax>
    </bndbox>
</object>
</annotation>