<annotation verified="yes">
    <folder>Annotation</folder>
    <filename>hand134</filename>
    <path>white_background-PascalVOC-export/Annotations/hand134.jpg</path>
    <source>
        <database>Unknown</database>
    </source>
    <size>
        <width>320</width>
        <height>240</height>
        <depth>3</depth>
    </size>
    <segmented>0</segmented>
    <object>
    <name>hand</name>
    <pose>Unspecified</pose>
    <truncated>0</truncated>
    <difficult>0</difficult>
    <bndbox>
        <xmin>25.946696032333055</xmin>
        <ymin>0.6947438477663472</ymin>
        <xmax>156.25861818469994</xmax>
        <ymax>124.31435293651353</ymax>
    </bndbox>
</object>
</annotation>