<annotation verified="yes">
    <folder>Annotation</folder>
    <filename>hand285</filename>
    <path>white_background-PascalVOC-export/Annotations/hand285.jpg</path>
    <source>
        <database>Unknown</database>
    </source>
    <size>
        <width>320</width>
        <height>240</height>
        <depth>3</depth>
    </size>
    <segmented>0</segmented>
    <object>
    <name>hand</name>
    <pose>Unspecified</pose>
    <truncated>0</truncated>
    <difficult>0</difficult>
    <bndbox>
        <xmin>153.68554522400677</xmin>
        <ymin>2.7409092710682073</ymin>
        <xmax>304.0714814032122</xmax>
        <ymax>139.39677723365276</ymax>
    </bndbox>
</object>
</annotation>