<annotation verified="yes">
    <folder>Annotation</folder>
    <filename>hand493</filename>
    <path>white_background-PascalVOC-export/Annotations/hand493.jpg</path>
    <source>
        <database>Unknown</database>
    </source>
    <size>
        <width>320</width>
        <height>240</height>
        <depth>3</depth>
    </size>
    <segmented>0</segmented>
    <object>
    <name>hand</name>
    <pose>Unspecified</pose>
    <truncated>0</truncated>
    <difficult>0</difficult>
    <bndbox>
        <xmin>20.119350301141168</xmin>
        <ymin>4.754260212619785</ymin>
        <xmax>145.98706281699071</xmax>
        <ymax>152.9701317203354</ymax>
    </bndbox>
</object>
</annotation>