<annotation verified="yes">
    <folder>Annotation</folder>
    <filename>hand1726</filename>
    <path>white_background-PascalVOC-export/Annotations/hand1726.jpg</path>
    <source>
        <database>Unknown</database>
    </source>
    <size>
        <width>320</width>
        <height>240</height>
        <depth>3</depth>
    </size>
    <segmented>0</segmented>
    <object>
    <name>hand</name>
    <pose>Unspecified</pose>
    <truncated>0</truncated>
    <difficult>0</difficult>
    <bndbox>
        <xmin>213.45467032967034</xmin>
        <ymin>66.07893641664317</ymin>
        <xmax>320</xmax>
        <ymax>190.83711884336245</ymax>
    </bndbox>
</object>
</annotation>