<annotation verified="yes">
    <folder>Annotation</folder>
    <filename>hand278</filename>
    <path>white_background-PascalVOC-export/Annotations/hand278.jpg</path>
    <source>
        <database>Unknown</database>
    </source>
    <size>
        <width>320</width>
        <height>240</height>
        <depth>3</depth>
    </size>
    <segmented>0</segmented>
    <object>
    <name>hand</name>
    <pose>Unspecified</pose>
    <truncated>0</truncated>
    <difficult>0</difficult>
    <bndbox>
        <xmin>146.42612795857988</xmin>
        <ymin>62.61847839011415</ymin>
        <xmax>297.589781012257</xmax>
        <ymax>221.08733133103155</ymax>
    </bndbox>
</object>
</annotation>