<annotation verified="yes">
    <folder>Annotation</folder>
    <filename>hand1121</filename>
    <path>white_background-PascalVOC-export/Annotations/hand1121.jpg</path>
    <source>
        <database>Unknown</database>
    </source>
    <size>
        <width>320</width>
        <height>240</height>
        <depth>3</depth>
    </size>
    <segmented>0</segmented>
    <object>
    <name>hand</name>
    <pose>Unspecified</pose>
    <truncated>0</truncated>
    <difficult>0</difficult>
    <bndbox>
        <xmin>106.15275649830939</xmin>
        <ymin>80.79230101025225</ymin>
        <xmax>266.4312130177515</xmax>
        <ymax>240</ymax>
    </bndbox>
</object>
</annotation>