<annotation verified="yes">
    <folder>Annotation</folder>
    <filename>hand1655</filename>
    <path>white_background-PascalVOC-export/Annotations/hand1655.jpg</path>
    <source>
        <database>Unknown</database>
    </source>
    <size>
        <width>320</width>
        <height>240</height>
        <depth>3</depth>
    </size>
    <segmented>0</segmented>
    <object>
    <name>hand</name>
    <pose>Unspecified</pose>
    <truncated>0</truncated>
    <difficult>0</difficult>
    <bndbox>
        <xmin>39.9816079353339</xmin>
        <ymin>35.73997867416502</ymin>
        <xmax>211.33056846999156</xmax>
        <ymax>229.79998084308062</ymax>
    </bndbox>
</object>
</annotation>