<annotation verified="yes">
    <folder>Annotation</folder>
    <filename>hand333</filename>
    <path>white_background-PascalVOC-export/Annotations/hand333.jpg</path>
    <source>
        <database>Unknown</database>
    </source>
    <size>
        <width>320</width>
        <height>240</height>
        <depth>3</depth>
    </size>
    <segmented>0</segmented>
    <object>
    <name>hand</name>
    <pose>Unspecified</pose>
    <truncated>0</truncated>
    <difficult>0</difficult>
    <bndbox>
        <xmin>104.21389607988166</xmin>
        <ymin>74.74828468503382</ymin>
        <xmax>254.13243607354187</xmax>
        <ymax>238.01895984533542</ymax>
    </bndbox>
</object>
</annotation>