<annotation verified="yes">
    <folder>Annotation</folder>
    <filename>hand582</filename>
    <path>white_background-PascalVOC-export/Annotations/hand582.jpg</path>
    <source>
        <database>Unknown</database>
    </source>
    <size>
        <width>320</width>
        <height>240</height>
        <depth>3</depth>
    </size>
    <segmented>0</segmented>
    <object>
    <name>hand</name>
    <pose>Unspecified</pose>
    <truncated>0</truncated>
    <difficult>0</difficult>
    <bndbox>
        <xmin>89.40138287193577</xmin>
        <ymin>55.49954419743517</ymin>
        <xmax>261.5561601859679</xmax>
        <ymax>179.5029605147266</ymax>
    </bndbox>
</object>
</annotation>