<annotation verified="yes">
    <folder>Annotation</folder>
    <filename>hand120</filename>
    <path>white_background-PascalVOC-export/Annotations/hand120.jpg</path>
    <source>
        <database>Unknown</database>
    </source>
    <size>
        <width>320</width>
        <height>240</height>
        <depth>3</depth>
    </size>
    <segmented>0</segmented>
    <object>
    <name>hand</name>
    <pose>Unspecified</pose>
    <truncated>0</truncated>
    <difficult>0</difficult>
    <bndbox>
        <xmin>7.2191495403634836</xmin>
        <ymin>1.0530690706031567</ymin>
        <xmax>120.42813556635674</xmax>
        <ymax>113.86435249612457</ymax>
    </bndbox>
</object>
</annotation>