<annotation verified="yes">
    <folder>Annotation</folder>
    <filename>hand241</filename>
    <path>white_background-PascalVOC-export/Annotations/hand241.jpg</path>
    <source>
        <database>Unknown</database>
    </source>
    <size>
        <width>320</width>
        <height>240</height>
        <depth>3</depth>
    </size>
    <segmented>0</segmented>
    <object>
    <name>hand</name>
    <pose>Unspecified</pose>
    <truncated>0</truncated>
    <difficult>0</difficult>
    <bndbox>
        <xmin>140.58451764581574</xmin>
        <ymin>0.943853986841178</ymin>
        <xmax>297.07998732037197</xmax>
        <ymax>108.10498982701522</ymax>
    </bndbox>
</object>
</annotation>