<annotation verified="yes">
    <folder>Annotation</folder>
    <filename>hand1640</filename>
    <path>white_background-PascalVOC-export/Annotations/hand1640.jpg</path>
    <source>
        <database>Unknown</database>
    </source>
    <size>
        <width>320</width>
        <height>240</height>
        <depth>3</depth>
    </size>
    <segmented>0</segmented>
    <object>
    <name>hand</name>
    <pose>Unspecified</pose>
    <truncated>0</truncated>
    <difficult>0</difficult>
    <bndbox>
        <xmin>147.08787906804736</xmin>
        <ymin>39.8577543686584</ymin>
        <xmax>312.4105822062553</xmax>
        <ymax>161.21862228720406</ymax>
    </bndbox>
</object>
</annotation>