<annotation verified="yes">
    <folder>Annotation</folder>
    <filename>hand327</filename>
    <path>white_background-PascalVOC-export/Annotations/hand327.jpg</path>
    <source>
        <database>Unknown</database>
    </source>
    <size>
        <width>320</width>
        <height>240</height>
        <depth>3</depth>
    </size>
    <segmented>0</segmented>
    <object>
    <name>hand</name>
    <pose>Unspecified</pose>
    <truncated>0</truncated>
    <difficult>0</difficult>
    <bndbox>
        <xmin>58.132512019230774</xmin>
        <ymin>17.771601628558344</ymin>
        <xmax>210.02753856720204</xmax>
        <ymax>180.1296890413613</ymax>
    </bndbox>
</object>
</annotation>