<annotation verified="yes">
    <folder>Annotation</folder>
    <filename>hand1040</filename>
    <path>white_background-PascalVOC-export/Annotations/hand1040.jpg</path>
    <source>
        <database>Unknown</database>
    </source>
    <size>
        <width>320</width>
        <height>240</height>
        <depth>3</depth>
    </size>
    <segmented>0</segmented>
    <object>
    <name>hand</name>
    <pose>Unspecified</pose>
    <truncated>0</truncated>
    <difficult>0</difficult>
    <bndbox>
        <xmin>81.07071864433644</xmin>
        <ymin>55.438448487704335</ymin>
        <xmax>263.30888762679626</xmax>
        <ymax>240</ymax>
    </bndbox>
</object>
</annotation>