<annotation verified="yes">
    <folder>Annotation</folder>
    <filename>hand1323</filename>
    <path>white_background-PascalVOC-export/Annotations/hand1323.jpg</path>
    <source>
        <database>Unknown</database>
    </source>
    <size>
        <width>320</width>
        <height>240</height>
        <depth>3</depth>
    </size>
    <segmented>0</segmented>
    <object>
    <name>hand</name>
    <pose>Unspecified</pose>
    <truncated>0</truncated>
    <difficult>0</difficult>
    <bndbox>
        <xmin>80.59807230029587</xmin>
        <ymin>5.931841001972942</ymin>
        <xmax>214.67402789518178</xmax>
        <ymax>202.42771565846954</ymax>
    </bndbox>
</object>
</annotation>