<annotation verified="yes">
    <folder>Annotation</folder>
    <filename>hand719</filename>
    <path>white_background-PascalVOC-export/Annotations/hand719.jpg</path>
    <source>
        <database>Unknown</database>
    </source>
    <size>
        <width>320</width>
        <height>240</height>
        <depth>3</depth>
    </size>
    <segmented>0</segmented>
    <object>
    <name>hand</name>
    <pose>Unspecified</pose>
    <truncated>0</truncated>
    <difficult>0</difficult>
    <bndbox>
        <xmin>63.19791556414056</xmin>
        <ymin>38.583075047615694</ymin>
        <xmax>241.65276381244706</xmax>
        <ymax>206.38558897961346</ymax>
    </bndbox>
</object>
</annotation>