<annotation verified="yes">
    <folder>Annotation</folder>
    <filename>hand1094</filename>
    <path>white_background-PascalVOC-export/Annotations/hand1094.jpg</path>
    <source>
        <database>Unknown</database>
    </source>
    <size>
        <width>320</width>
        <height>240</height>
        <depth>3</depth>
    </size>
    <segmented>0</segmented>
    <object>
    <name>hand</name>
    <pose>Unspecified</pose>
    <truncated>0</truncated>
    <difficult>0</difficult>
    <bndbox>
        <xmin>6.674569420963652</xmin>
        <ymin>6.2046413142087085</ymin>
        <xmax>207.39770445900254</xmax>
        <ymax>167.84899723435737</ymax>
    </bndbox>
</object>
</annotation>