<annotation verified="yes">
    <folder>Annotation</folder>
    <filename>hand1641</filename>
    <path>white_background-PascalVOC-export/Annotations/hand1641.jpg</path>
    <source>
        <database>Unknown</database>
    </source>
    <size>
        <width>320</width>
        <height>240</height>
        <depth>3</depth>
    </size>
    <segmented>0</segmented>
    <object>
    <name>hand</name>
    <pose>Unspecified</pose>
    <truncated>0</truncated>
    <difficult>0</difficult>
    <bndbox>
        <xmin>146.9895294008876</xmin>
        <ymin>36.84609672262542</ymin>
        <xmax>310.7323806001691</xmax>
        <ymax>163.11145803974068</ymax>
    </bndbox>
</object>
</annotation>