<annotation verified="yes">
    <folder>Annotation</folder>
    <filename>hand444</filename>
    <path>white_background-PascalVOC-export/Annotations/hand444.jpg</path>
    <source>
        <database>Unknown</database>
    </source>
    <size>
        <width>320</width>
        <height>240</height>
        <depth>3</depth>
    </size>
    <segmented>0</segmented>
    <object>
    <name>hand</name>
    <pose>Unspecified</pose>
    <truncated>0</truncated>
    <difficult>0</difficult>
    <bndbox>
        <xmin>68.38610458051565</xmin>
        <ymin>56.43581386080186</ymin>
        <xmax>202.71951606086225</xmax>
        <ymax>234.85246970124012</ymax>
    </bndbox>
</object>
</annotation>