<annotation verified="yes">
    <folder>Annotation</folder>
    <filename>hand136</filename>
    <path>white_background-PascalVOC-export/Annotations/hand136.jpg</path>
    <source>
        <database>Unknown</database>
    </source>
    <size>
        <width>320</width>
        <height>240</height>
        <depth>3</depth>
    </size>
    <segmented>0</segmented>
    <object>
    <name>hand</name>
    <pose>Unspecified</pose>
    <truncated>0</truncated>
    <difficult>0</difficult>
    <bndbox>
        <xmin>31.799417529585803</xmin>
        <ymin>1.3544850311795378</ymin>
        <xmax>158.1189243448859</xmax>
        <ymax>125.02201944757608</ymax>
    </bndbox>
</object>
</annotation>