<annotation verified="yes">
    <folder>Annotation</folder>
    <filename>hand1286</filename>
    <path>white_background-PascalVOC-export/Annotations/hand1286.jpg</path>
    <source>
        <database>Unknown</database>
    </source>
    <size>
        <width>320</width>
        <height>240</height>
        <depth>3</depth>
    </size>
    <segmented>0</segmented>
    <object>
    <name>hand</name>
    <pose>Unspecified</pose>
    <truncated>0</truncated>
    <difficult>0</difficult>
    <bndbox>
        <xmin>77.34548354289942</xmin>
        <ymin>41.598845850655294</ymin>
        <xmax>246.9094066990702</xmax>
        <ymax>196.73923359110765</ymax>
    </bndbox>
</object>
</annotation>