<annotation verified="yes">
    <folder>Annotation</folder>
    <filename>hand1486</filename>
    <path>white_background-PascalVOC-export/Annotations/hand1486.jpg</path>
    <source>
        <database>Unknown</database>
    </source>
    <size>
        <width>320</width>
        <height>240</height>
        <depth>3</depth>
    </size>
    <segmented>0</segmented>
    <object>
    <name>hand</name>
    <pose>Unspecified</pose>
    <truncated>0</truncated>
    <difficult>0</difficult>
    <bndbox>
        <xmin>91.2996288567202</xmin>
        <ymin>84.78624621265502</ymin>
        <xmax>243.26097580304312</xmax>
        <ymax>240</ymax>
    </bndbox>
</object>
</annotation>