<annotation verified="yes">
    <folder>Annotation</folder>
    <filename>hand1441</filename>
    <path>white_background-PascalVOC-export/Annotations/hand1441.jpg</path>
    <source>
        <database>Unknown</database>
    </source>
    <size>
        <width>320</width>
        <height>240</height>
        <depth>3</depth>
    </size>
    <segmented>0</segmented>
    <object>
    <name>hand</name>
    <pose>Unspecified</pose>
    <truncated>0</truncated>
    <difficult>0</difficult>
    <bndbox>
        <xmin>87.42213915891801</xmin>
        <ymin>2.157453087566939</ymin>
        <xmax>255.13214549873206</xmax>
        <ymax>109.41373771314825</ymax>
    </bndbox>
</object>
</annotation>