<annotation verified="yes">
    <folder>Annotation</folder>
    <filename>hand865</filename>
    <path>white_background-PascalVOC-export/Annotations/hand865.jpg</path>
    <source>
        <database>Unknown</database>
    </source>
    <size>
        <width>320</width>
        <height>240</height>
        <depth>3</depth>
    </size>
    <segmented>0</segmented>
    <object>
    <name>hand</name>
    <pose>Unspecified</pose>
    <truncated>0</truncated>
    <difficult>0</difficult>
    <bndbox>
        <xmin>51.94285496930567</xmin>
        <ymin>120.52645095584087</ymin>
        <xmax>171.0145665749365</xmax>
        <ymax>240.00000000000003</ymax>
    </bndbox>
</object>
</annotation>