<annotation verified="yes">
    <folder>Annotation</folder>
    <filename>hand1321</filename>
    <path>white_background-PascalVOC-export/Annotations/hand1321.jpg</path>
    <source>
        <database>Unknown</database>
    </source>
    <size>
        <width>320</width>
        <height>240</height>
        <depth>3</depth>
    </size>
    <segmented>0</segmented>
    <object>
    <name>hand</name>
    <pose>Unspecified</pose>
    <truncated>0</truncated>
    <difficult>0</difficult>
    <bndbox>
        <xmin>76.04020828930686</xmin>
        <ymin>4.160127349475056</ymin>
        <xmax>216.11887811707527</xmax>
        <ymax>201.08725976782694</ymax>
    </bndbox>
</object>
</annotation>