<annotation verified="yes">
    <folder>Annotation</folder>
    <filename>hand325</filename>
    <path>white_background-PascalVOC-export/Annotations/hand325.jpg</path>
    <source>
        <database>Unknown</database>
    </source>
    <size>
        <width>320</width>
        <height>240</height>
        <depth>3</depth>
    </size>
    <segmented>0</segmented>
    <object>
    <name>hand</name>
    <pose>Unspecified</pose>
    <truncated>0</truncated>
    <difficult>0</difficult>
    <bndbox>
        <xmin>59.58520445900254</xmin>
        <ymin>19.015785741967306</ymin>
        <xmax>208.87451790997466</xmax>
        <ymax>178.3915123837373</ymax>
    </bndbox>
</object>
</annotation>