<annotation verified="yes">
    <folder>Annotation</folder>
    <filename>hand653</filename>
    <path>white_background-PascalVOC-export/Annotations/hand653.jpg</path>
    <source>
        <database>Unknown</database>
    </source>
    <size>
        <width>320</width>
        <height>240</height>
        <depth>3</depth>
    </size>
    <segmented>0</segmented>
    <object>
    <name>hand</name>
    <pose>Unspecified</pose>
    <truncated>0</truncated>
    <difficult>0</difficult>
    <bndbox>
        <xmin>55.58512851331361</xmin>
        <ymin>42.249157205644025</ymin>
        <xmax>215.75982010777685</xmax>
        <ymax>204.07854667242108</ymax>
    </bndbox>
</object>
</annotation>