<annotation verified="yes">
    <folder>Annotation</folder>
    <filename>hand1093</filename>
    <path>white_background-PascalVOC-export/Annotations/hand1093.jpg</path>
    <source>
        <database>Unknown</database>
    </source>
    <size>
        <width>320</width>
        <height>240</height>
        <depth>3</depth>
    </size>
    <segmented>0</segmented>
    <object>
    <name>hand</name>
    <pose>Unspecified</pose>
    <truncated>0</truncated>
    <difficult>0</difficult>
    <bndbox>
        <xmin>1.6194097368977178</xmin>
        <ymin>1.9839467217446447</ymin>
        <xmax>207.20708077979714</xmax>
        <ymax>169.00037763352591</ymax>
    </bndbox>
</object>
</annotation>