<annotation verified="yes">
    <folder>Annotation</folder>
    <filename>hand1295</filename>
    <path>white_background-PascalVOC-export/Annotations/hand1295.jpg</path>
    <source>
        <database>Unknown</database>
    </source>
    <size>
        <width>320</width>
        <height>240</height>
        <depth>3</depth>
    </size>
    <segmented>0</segmented>
    <object>
    <name>hand</name>
    <pose>Unspecified</pose>
    <truncated>0</truncated>
    <difficult>0</difficult>
    <bndbox>
        <xmin>45.414349772823336</xmin>
        <ymin>47.5181027383385</ymin>
        <xmax>235.76361739222318</xmax>
        <ymax>223.68737118623164</ymax>
    </bndbox>
</object>
</annotation>