<annotation verified="yes">
    <folder>Annotation</folder>
    <filename>hand1720</filename>
    <path>white_background-PascalVOC-export/Annotations/hand1720.jpg</path>
    <source>
        <database>Unknown</database>
    </source>
    <size>
        <width>320</width>
        <height>240</height>
        <depth>3</depth>
    </size>
    <segmented>0</segmented>
    <object>
    <name>hand</name>
    <pose>Unspecified</pose>
    <truncated>0</truncated>
    <difficult>0</difficult>
    <bndbox>
        <xmin>187.9576553254438</xmin>
        <ymin>55.35301853597097</ymin>
        <xmax>317.87708685545226</xmax>
        <ymax>180.97437706982805</ymax>
    </bndbox>
</object>
</annotation>