<annotation verified="yes">
    <folder>Annotation</folder>
    <filename>hand1192</filename>
    <path>white_background-PascalVOC-export/Annotations/hand1192.jpg</path>
    <source>
        <database>Unknown</database>
    </source>
    <size>
        <width>320</width>
        <height>240</height>
        <depth>3</depth>
    </size>
    <segmented>0</segmented>
    <object>
    <name>hand</name>
    <pose>Unspecified</pose>
    <truncated>0</truncated>
    <difficult>0</difficult>
    <bndbox>
        <xmin>50.250389634404065</xmin>
        <ymin>19.85762500440389</ymin>
        <xmax>181.25792476754017</xmax>
        <ymax>196.04340803797913</ymax>
    </bndbox>
</object>
</annotation>