<annotation verified="yes">
    <folder>Annotation</folder>
    <filename>hand1332</filename>
    <path>white_background-PascalVOC-export/Annotations/hand1332.jpg</path>
    <source>
        <database>Unknown</database>
    </source>
    <size>
        <width>320</width>
        <height>240</height>
        <depth>3</depth>
    </size>
    <segmented>0</segmented>
    <object>
    <name>hand</name>
    <pose>Unspecified</pose>
    <truncated>0</truncated>
    <difficult>0</difficult>
    <bndbox>
        <xmin>72.41716966927304</xmin>
        <ymin>3.61569926058695</ymin>
        <xmax>237.1560981086222</xmax>
        <ymax>202.6509102839628</ymax>
    </bndbox>
</object>
</annotation>