<annotation verified="yes">
    <folder>Annotation</folder>
    <filename>hand1133</filename>
    <path>white_background-PascalVOC-export/Annotations/hand1133.jpg</path>
    <source>
        <database>Unknown</database>
    </source>
    <size>
        <width>320</width>
        <height>240</height>
        <depth>3</depth>
    </size>
    <segmented>0</segmented>
    <object>
    <name>hand</name>
    <pose>Unspecified</pose>
    <truncated>0</truncated>
    <difficult>0</difficult>
    <bndbox>
        <xmin>96.89501003803889</xmin>
        <ymin>22.734024065054253</ymin>
        <xmax>262.955509034235</xmax>
        <ymax>180.66657822188557</ymax>
    </bndbox>
</object>
</annotation>