<annotation verified="yes">
    <folder>Annotation</folder>
    <filename>hand1454</filename>
    <path>white_background-PascalVOC-export/Annotations/hand1454.jpg</path>
    <source>
        <database>Unknown</database>
    </source>
    <size>
        <width>320</width>
        <height>240</height>
        <depth>3</depth>
    </size>
    <segmented>0</segmented>
    <object>
    <name>hand</name>
    <pose>Unspecified</pose>
    <truncated>0</truncated>
    <difficult>0</difficult>
    <bndbox>
        <xmin>1.1009648404480137</xmin>
        <ymin>0.7155935121899661</ymin>
        <xmax>129.2620885724852</xmax>
        <ymax>145.62072822717025</ymax>
    </bndbox>
</object>
</annotation>