<annotation verified="yes">
    <folder>Annotation</folder>
    <filename>hand1687</filename>
    <path>white_background-PascalVOC-export/Annotations/hand1687.jpg</path>
    <source>
        <database>Unknown</database>
    </source>
    <size>
        <width>320</width>
        <height>240</height>
        <depth>3</depth>
    </size>
    <segmented>0</segmented>
    <object>
    <name>hand</name>
    <pose>Unspecified</pose>
    <truncated>0</truncated>
    <difficult>0</difficult>
    <bndbox>
        <xmin>3.9548139660819954</xmin>
        <ymin>60.237620116086525</ymin>
        <xmax>113.62650570583264</xmax>
        <ymax>237.2514279611753</ymax>
    </bndbox>
</object>
</annotation>