<annotation verified="yes">
    <folder>Annotation</folder>
    <filename>hand469</filename>
    <path>white_background-PascalVOC-export/Annotations/hand469.jpg</path>
    <source>
        <database>Unknown</database>
    </source>
    <size>
        <width>320</width>
        <height>240</height>
        <depth>3</depth>
    </size>
    <segmented>0</segmented>
    <object>
    <name>hand</name>
    <pose>Unspecified</pose>
    <truncated>0</truncated>
    <difficult>0</difficult>
    <bndbox>
        <xmin>161.85357010777685</xmin>
        <ymin>22.746352203265925</ymin>
        <xmax>312.80873573541845</xmax>
        <ymax>140.1367958180665</ymax>
    </bndbox>
</object>
</annotation>