<annotation verified="yes">
    <folder>Annotation</folder>
    <filename>hand296</filename>
    <path>white_background-PascalVOC-export/Annotations/hand296.jpg</path>
    <source>
        <database>Unknown</database>
    </source>
    <size>
        <width>320</width>
        <height>240</height>
        <depth>3</depth>
    </size>
    <segmented>0</segmented>
    <object>
    <name>hand</name>
    <pose>Unspecified</pose>
    <truncated>0</truncated>
    <difficult>0</difficult>
    <bndbox>
        <xmin>150.92992194103974</xmin>
        <ymin>116.05484714099492</ymin>
        <xmax>294.7291710693153</xmax>
        <ymax>240</ymax>
    </bndbox>
</object>
</annotation>