<annotation verified="yes">
    <folder>Annotation</folder>
    <filename>hand1335</filename>
    <path>white_background-PascalVOC-export/Annotations/hand1335.jpg</path>
    <source>
        <database>Unknown</database>
    </source>
    <size>
        <width>320</width>
        <height>240</height>
        <depth>3</depth>
    </size>
    <segmented>0</segmented>
    <object>
    <name>hand</name>
    <pose>Unspecified</pose>
    <truncated>0</truncated>
    <difficult>0</difficult>
    <bndbox>
        <xmin>64.02282663250212</xmin>
        <ymin>4.287595179062148</ymin>
        <xmax>237.2764224957735</xmax>
        <ymax>199.728588289177</ymax>
    </bndbox>
</object>
</annotation>