<annotation verified="yes">
    <folder>Annotation</folder>
    <filename>hand1681</filename>
    <path>white_background-PascalVOC-export/Annotations/hand1681.jpg</path>
    <source>
        <database>Unknown</database>
    </source>
    <size>
        <width>320</width>
        <height>240</height>
        <depth>3</depth>
    </size>
    <segmented>0</segmented>
    <object>
    <name>hand</name>
    <pose>Unspecified</pose>
    <truncated>0</truncated>
    <difficult>0</difficult>
    <bndbox>
        <xmin>0.41393702451394765</xmin>
        <ymin>19.912370855939965</ymin>
        <xmax>73.10538620033813</xmax>
        <ymax>194.2916233617531</ymax>
    </bndbox>
</object>
</annotation>