<annotation verified="yes">
    <folder>Annotation</folder>
    <filename>hand127</filename>
    <path>white_background-PascalVOC-export/Annotations/hand127.jpg</path>
    <source>
        <database>Unknown</database>
    </source>
    <size>
        <width>320</width>
        <height>240</height>
        <depth>3</depth>
    </size>
    <segmented>0</segmented>
    <object>
    <name>hand</name>
    <pose>Unspecified</pose>
    <truncated>0</truncated>
    <difficult>0</difficult>
    <bndbox>
        <xmin>8.891919378698226</xmin>
        <ymin>1.0474375968855694</ymin>
        <xmax>139.30593895287404</xmax>
        <ymax>131.0722700288895</ymax>
    </bndbox>
</object>
</annotation>