<annotation verified="yes">
    <folder>Annotation</folder>
    <filename>hand1052</filename>
    <path>white_background-PascalVOC-export/Annotations/hand1052.jpg</path>
    <source>
        <database>Unknown</database>
    </source>
    <size>
        <width>320</width>
        <height>240</height>
        <depth>3</depth>
    </size>
    <segmented>0</segmented>
    <object>
    <name>hand</name>
    <pose>Unspecified</pose>
    <truncated>0</truncated>
    <difficult>0</difficult>
    <bndbox>
        <xmin>92.97495773457312</xmin>
        <ymin>27.608506332793123</ymin>
        <xmax>230.7732922125951</xmax>
        <ymax>195.69800547843855</ymax>
    </bndbox>
</object>
</annotation>