<annotation verified="yes">
    <folder>Annotation</folder>
    <filename>hand494</filename>
    <path>white_background-PascalVOC-export/Annotations/hand494.jpg</path>
    <source>
        <database>Unknown</database>
    </source>
    <size>
        <width>320</width>
        <height>240</height>
        <depth>3</depth>
    </size>
    <segmented>0</segmented>
    <object>
    <name>hand</name>
    <pose>Unspecified</pose>
    <truncated>0</truncated>
    <difficult>0</difficult>
    <bndbox>
        <xmin>19.8259605478656</xmin>
        <ymin>4.8991468014550446</ymin>
        <xmax>140.4522400676247</xmax>
        <ymax>154.29020861224632</ymax>
    </bndbox>
</object>
</annotation>