<annotation verified="yes">
    <folder>Annotation</folder>
    <filename>hand1090</filename>
    <path>white_background-PascalVOC-export/Annotations/hand1090.jpg</path>
    <source>
        <database>Unknown</database>
    </source>
    <size>
        <width>320</width>
        <height>240</height>
        <depth>3</depth>
    </size>
    <segmented>0</segmented>
    <object>
    <name>hand</name>
    <pose>Unspecified</pose>
    <truncated>0</truncated>
    <difficult>0</difficult>
    <bndbox>
        <xmin>7.724031527366865</xmin>
        <ymin>1.340109084343292</ymin>
        <xmax>207.6151402683855</xmax>
        <ymax>170.66823518531567</ymax>
    </bndbox>
</object>
</annotation>