<annotation verified="yes">
    <folder>Annotation</folder>
    <filename>hand1442</filename>
    <path>white_background-PascalVOC-export/Annotations/hand1442.jpg</path>
    <source>
        <database>Unknown</database>
    </source>
    <size>
        <width>320</width>
        <height>240</height>
        <depth>3</depth>
    </size>
    <segmented>0</segmented>
    <object>
    <name>hand</name>
    <pose>Unspecified</pose>
    <truncated>0</truncated>
    <difficult>0</difficult>
    <bndbox>
        <xmin>79.65114512890956</xmin>
        <ymin>1.6137103539846391</ymin>
        <xmax>246.4457747781065</xmax>
        <ymax>106.56691214680806</ymax>
    </bndbox>
</object>
</annotation>