<annotation verified="yes">
    <folder>Annotation</folder>
    <filename>hand1050</filename>
    <path>white_background-PascalVOC-export/Annotations/hand1050.jpg</path>
    <source>
        <database>Unknown</database>
    </source>
    <size>
        <width>320</width>
        <height>240</height>
        <depth>3</depth>
    </size>
    <segmented>0</segmented>
    <object>
    <name>hand</name>
    <pose>Unspecified</pose>
    <truncated>0</truncated>
    <difficult>0</difficult>
    <bndbox>
        <xmin>86.71227810650889</xmin>
        <ymin>28.029541566111188</ymin>
        <xmax>245.94684462172444</xmax>
        <ymax>201.790434311584</ymax>
    </bndbox>
</object>
</annotation>