<annotation verified="yes">
    <folder>Annotation</folder>
    <filename>hand1723</filename>
    <path>white_background-PascalVOC-export/Annotations/hand1723.jpg</path>
    <source>
        <database>Unknown</database>
    </source>
    <size>
        <width>320</width>
        <height>240</height>
        <depth>3</depth>
    </size>
    <segmented>0</segmented>
    <object>
    <name>hand</name>
    <pose>Unspecified</pose>
    <truncated>0</truncated>
    <difficult>0</difficult>
    <bndbox>
        <xmin>193.96829432586645</xmin>
        <ymin>60.13733529453213</ymin>
        <xmax>318.2125026415892</xmax>
        <ymax>180.12790546610765</ymax>
    </bndbox>
</object>
</annotation>