<annotation verified="yes">
    <folder>Annotation</folder>
    <filename>hand531</filename>
    <path>white_background-PascalVOC-export/Annotations/hand531.jpg</path>
    <source>
        <database>Unknown</database>
    </source>
    <size>
        <width>320</width>
        <height>240</height>
        <depth>3</depth>
    </size>
    <segmented>0</segmented>
    <object>
    <name>hand</name>
    <pose>Unspecified</pose>
    <truncated>0</truncated>
    <difficult>0</difficult>
    <bndbox>
        <xmin>66.24258704036349</xmin>
        <ymin>5.5276878038683765</ymin>
        <xmax>204.70404295224006</xmax>
        <ymax>171.96496045307217</ymax>
    </bndbox>
</object>
</annotation>