<annotation verified="yes">
    <folder>Annotation</folder>
    <filename>hand1136</filename>
    <path>white_background-PascalVOC-export/Annotations/hand1136.jpg</path>
    <source>
        <database>Unknown</database>
    </source>
    <size>
        <width>320</width>
        <height>240</height>
        <depth>3</depth>
    </size>
    <segmented>0</segmented>
    <object>
    <name>hand</name>
    <pose>Unspecified</pose>
    <truncated>0</truncated>
    <difficult>0</difficult>
    <bndbox>
        <xmin>77.38322524830939</xmin>
        <ymin>28.54702610845899</ymin>
        <xmax>230.41496064032123</xmax>
        <ymax>201.44238941833427</ymax>
    </bndbox>
</object>
</annotation>