<annotation verified="yes">
    <folder>Annotation</folder>
    <filename>hand254</filename>
    <path>white_background-PascalVOC-export/Annotations/hand254.jpg</path>
    <source>
        <database>Unknown</database>
    </source>
    <size>
        <width>320</width>
        <height>240</height>
        <depth>3</depth>
    </size>
    <segmented>0</segmented>
    <object>
    <name>hand</name>
    <pose>Unspecified</pose>
    <truncated>0</truncated>
    <difficult>0</difficult>
    <bndbox>
        <xmin>63.426372305579044</xmin>
        <ymin>18.79891207414388</ymin>
        <xmax>214.78398404480137</xmax>
        <ymax>178.41083444898533</ymax>
    </bndbox>
</object>
</annotation>