<annotation verified="yes">
    <folder>Annotation</folder>
    <filename>hand320</filename>
    <path>white_background-PascalVOC-export/Annotations/hand320.jpg</path>
    <source>
        <database>Unknown</database>
    </source>
    <size>
        <width>320</width>
        <height>240</height>
        <depth>3</depth>
    </size>
    <segmented>0</segmented>
    <object>
    <name>hand</name>
    <pose>Unspecified</pose>
    <truncated>0</truncated>
    <difficult>0</difficult>
    <bndbox>
        <xmin>61.30283178360102</xmin>
        <ymin>22.674856433201803</ymin>
        <xmax>212.1577491018597</xmax>
        <ymax>181.30400820004226</ymax>
    </bndbox>
</object>
</annotation>