<annotation verified="yes">
    <folder>Annotation</folder>
    <filename>hand736</filename>
    <path>white_background-PascalVOC-export/Annotations/hand736.jpg</path>
    <source>
        <database>Unknown</database>
    </source>
    <size>
        <width>320</width>
        <height>240</height>
        <depth>3</depth>
    </size>
    <segmented>0</segmented>
    <object>
    <name>hand</name>
    <pose>Unspecified</pose>
    <truncated>0</truncated>
    <difficult>0</difficult>
    <bndbox>
        <xmin>74.11962187764607</xmin>
        <ymin>11.023073217938771</ymin>
        <xmax>252.29456631033023</xmax>
        <ymax>194.48265885122743</ymax>
    </bndbox>
</object>
</annotation>