<annotation verified="yes">
    <folder>Annotation</folder>
    <filename>hand441</filename>
    <path>white_background-PascalVOC-export/Annotations/hand441.jpg</path>
    <source>
        <database>Unknown</database>
    </source>
    <size>
        <width>320</width>
        <height>240</height>
        <depth>3</depth>
    </size>
    <segmented>0</segmented>
    <object>
    <name>hand</name>
    <pose>Unspecified</pose>
    <truncated>0</truncated>
    <difficult>0</difficult>
    <bndbox>
        <xmin>36.95669114539307</xmin>
        <ymin>38.34462197012401</ymin>
        <xmax>167.89462040363486</xmax>
        <ymax>212.54886115417133</ymax>
    </bndbox>
</object>
</annotation>