<annotation verified="yes">
    <folder>Annotation</folder>
    <filename>hand1334</filename>
    <path>white_background-PascalVOC-export/Annotations/hand1334.jpg</path>
    <source>
        <database>Unknown</database>
    </source>
    <size>
        <width>320</width>
        <height>240</height>
        <depth>3</depth>
    </size>
    <segmented>0</segmented>
    <object>
    <name>hand</name>
    <pose>Unspecified</pose>
    <truncated>0</truncated>
    <difficult>0</difficult>
    <bndbox>
        <xmin>72.04795805156382</xmin>
        <ymin>2.8151093045377675</ymin>
        <xmax>239.244439454776</xmax>
        <ymax>199.36029651388105</ymax>
    </bndbox>
</object>
</annotation>