<annotation verified="yes">
    <folder>Annotation</folder>
    <filename>hand872</filename>
    <path>white_background-PascalVOC-export/Annotations/hand872.jpg</path>
    <source>
        <database>Unknown</database>
    </source>
    <size>
        <width>320</width>
        <height>240</height>
        <depth>3</depth>
    </size>
    <segmented>0</segmented>
    <object>
    <name>hand</name>
    <pose>Unspecified</pose>
    <truncated>0</truncated>
    <difficult>0</difficult>
    <bndbox>
        <xmin>140.88163500211684</xmin>
        <ymin>124.0247160694131</ymin>
        <xmax>276.51440781117697</xmax>
        <ymax>240</ymax>
    </bndbox>
</object>
</annotation>