<annotation verified="yes">
    <folder>Annotation</folder>
    <filename>hand227</filename>
    <path>white_background-PascalVOC-export/Annotations/hand227.jpg</path>
    <source>
        <database>Unknown</database>
    </source>
    <size>
        <width>320</width>
        <height>240</height>
        <depth>3</depth>
    </size>
    <segmented>0</segmented>
    <object>
    <name>hand</name>
    <pose>Unspecified</pose>
    <truncated>0</truncated>
    <difficult>0</difficult>
    <bndbox>
        <xmin>187.97542001267965</xmin>
        <ymin>48.21195479847801</ymin>
        <xmax>320</xmax>
        <ymax>180.34614571589628</ymax>
    </bndbox>
</object>
</annotation>