<annotation verified="yes">
    <folder>Annotation</folder>
    <filename>hand1736</filename>
    <path>white_background-PascalVOC-export/Annotations/hand1736.jpg</path>
    <source>
        <database>Unknown</database>
    </source>
    <size>
        <width>320</width>
        <height>240</height>
        <depth>3</depth>
    </size>
    <segmented>0</segmented>
    <object>
    <name>hand</name>
    <pose>Unspecified</pose>
    <truncated>0</truncated>
    <difficult>0</difficult>
    <bndbox>
        <xmin>192.44264449492817</xmin>
        <ymin>43.497032328952926</ymin>
        <xmax>319.61766298605244</xmax>
        <ymax>167.27230790233932</ymax>
    </bndbox>
</object>
</annotation>