<annotation verified="yes">
    <folder>Annotation</folder>
    <filename>hand641</filename>
    <path>white_background-PascalVOC-export/Annotations/hand641.jpg</path>
    <source>
        <database>Unknown</database>
    </source>
    <size>
        <width>320</width>
        <height>240</height>
        <depth>3</depth>
    </size>
    <segmented>0</segmented>
    <object>
    <name>hand</name>
    <pose>Unspecified</pose>
    <truncated>0</truncated>
    <difficult>0</difficult>
    <bndbox>
        <xmin>71.60796835376163</xmin>
        <ymin>41.835260401987036</ymin>
        <xmax>215.8553135566357</xmax>
        <ymax>220.92353967023675</ymax>
    </bndbox>
</object>
</annotation>