<annotation verified="yes">
    <folder>Annotation</folder>
    <filename>hand692</filename>
    <path>white_background-PascalVOC-export/Annotations/hand692.jpg</path>
    <source>
        <database>Unknown</database>
    </source>
    <size>
        <width>320</width>
        <height>240</height>
        <depth>3</depth>
    </size>
    <segmented>0</segmented>
    <object>
    <name>hand</name>
    <pose>Unspecified</pose>
    <truncated>0</truncated>
    <difficult>0</difficult>
    <bndbox>
        <xmin>70.7169176016088</xmin>
        <ymin>41.62041864330559</ymin>
        <xmax>244.11925804403046</xmax>
        <ymax>199.13558787739842</ymax>
    </bndbox>
</object>
</annotation>