<annotation verified="yes">
    <folder>Annotation</folder>
    <filename>hand508</filename>
    <path>white_background-PascalVOC-export/Annotations/hand508.jpg</path>
    <source>
        <database>Unknown</database>
    </source>
    <size>
        <width>320</width>
        <height>240</height>
        <depth>3</depth>
    </size>
    <segmented>0</segmented>
    <object>
    <name>hand</name>
    <pose>Unspecified</pose>
    <truncated>0</truncated>
    <difficult>0</difficult>
    <bndbox>
        <xmin>30.653586947907865</xmin>
        <ymin>12.650374936143601</ymin>
        <xmax>152.7582648721471</xmax>
        <ymax>185.73942956419108</ymax>
    </bndbox>
</object>
</annotation>