<annotation verified="yes">
    <folder>Annotation</folder>
    <filename>hand1534</filename>
    <path>white_background-PascalVOC-export/Annotations/hand1534.jpg</path>
    <source>
        <database>Unknown</database>
    </source>
    <size>
        <width>320</width>
        <height>240</height>
        <depth>3</depth>
    </size>
    <segmented>0</segmented>
    <object>
    <name>hand</name>
    <pose>Unspecified</pose>
    <truncated>0</truncated>
    <difficult>0</difficult>
    <bndbox>
        <xmin>72.74652631022823</xmin>
        <ymin>73.98894403537204</ymin>
        <xmax>234.9198277683855</xmax>
        <ymax>236.14078904488443</ymax>
    </bndbox>
</object>
</annotation>