<annotation verified="yes">
    <folder>Annotation</folder>
    <filename>hand446</filename>
    <path>white_background-PascalVOC-export/Annotations/hand446.jpg</path>
    <source>
        <database>Unknown</database>
    </source>
    <size>
        <width>320</width>
        <height>240</height>
        <depth>3</depth>
    </size>
    <segmented>0</segmented>
    <object>
    <name>hand</name>
    <pose>Unspecified</pose>
    <truncated>0</truncated>
    <difficult>0</difficult>
    <bndbox>
        <xmin>90.9858741018597</xmin>
        <ymin>81.76181453459695</ymin>
        <xmax>226.87638683431953</xmax>
        <ymax>240</ymax>
    </bndbox>
</object>
</annotation>