<annotation verified="yes">
    <folder>Annotation</folder>
    <filename>hand524</filename>
    <path>white_background-PascalVOC-export/Annotations/hand524.jpg</path>
    <source>
        <database>Unknown</database>
    </source>
    <size>
        <width>320</width>
        <height>240</height>
        <depth>3</depth>
    </size>
    <segmented>0</segmented>
    <object>
    <name>hand</name>
    <pose>Unspecified</pose>
    <truncated>0</truncated>
    <difficult>0</difficult>
    <bndbox>
        <xmin>128.33652525359258</xmin>
        <ymin>11.22110360370279</ymin>
        <xmax>287.17270710059177</xmax>
        <ymax>144.9321195479848</ymax>
    </bndbox>
</object>
</annotation>