<annotation verified="yes">
    <folder>Annotation</folder>
    <filename>hand1447</filename>
    <path>white_background-PascalVOC-export/Annotations/hand1447.jpg</path>
    <source>
        <database>Unknown</database>
    </source>
    <size>
        <width>320</width>
        <height>240</height>
        <depth>3</depth>
    </size>
    <segmented>0</segmented>
    <object>
    <name>hand</name>
    <pose>Unspecified</pose>
    <truncated>0</truncated>
    <difficult>0</difficult>
    <bndbox>
        <xmin>33.70574512626796</xmin>
        <ymin>1.8576307845088782</ymin>
        <xmax>178.26853735207104</xmax>
        <ymax>126.40718032166009</ymax>
    </bndbox>
</object>
</annotation>