<annotation verified="yes">
    <folder>Annotation</folder>
    <filename>hand1644</filename>
    <path>white_background-PascalVOC-export/Annotations/hand1644.jpg</path>
    <source>
        <database>Unknown</database>
    </source>
    <size>
        <width>320</width>
        <height>240</height>
        <depth>3</depth>
    </size>
    <segmented>0</segmented>
    <object>
    <name>hand</name>
    <pose>Unspecified</pose>
    <truncated>0</truncated>
    <difficult>0</difficult>
    <bndbox>
        <xmin>109.74185069737955</xmin>
        <ymin>29.483902682849493</ymin>
        <xmax>285.38497860312765</xmax>
        <ymax>158.46433620173337</ymax>
    </bndbox>
</object>
</annotation>