<annotation verified="yes">
    <folder>Annotation</folder>
    <filename>hand1331</filename>
    <path>white_background-PascalVOC-export/Annotations/hand1331.jpg</path>
    <source>
        <database>Unknown</database>
    </source>
    <size>
        <width>320</width>
        <height>240</height>
        <depth>3</depth>
    </size>
    <segmented>0</segmented>
    <object>
    <name>hand</name>
    <pose>Unspecified</pose>
    <truncated>0</truncated>
    <difficult>0</difficult>
    <bndbox>
        <xmin>72.72593842455622</xmin>
        <ymin>2.9489971793087655</ymin>
        <xmax>216.47615305367714</xmax>
        <ymax>201.78653686936303</ymax>
    </bndbox>
</object>
</annotation>