<annotation verified="yes">
    <folder>Annotation</folder>
    <filename>hand1731</filename>
    <path>white_background-PascalVOC-export/Annotations/hand1731.jpg</path>
    <source>
        <database>Unknown</database>
    </source>
    <size>
        <width>320</width>
        <height>240</height>
        <depth>3</depth>
    </size>
    <segmented>0</segmented>
    <object>
    <name>hand</name>
    <pose>Unspecified</pose>
    <truncated>0</truncated>
    <difficult>0</difficult>
    <bndbox>
        <xmin>211.9494597950127</xmin>
        <ymin>64.80939415691938</ymin>
        <xmax>320</xmax>
        <ymax>190.3083383244081</ymax>
    </bndbox>
</object>
</annotation>