<annotation verified="yes">
    <folder>Annotation</folder>
    <filename>hand1051</filename>
    <path>white_background-PascalVOC-export/Annotations/hand1051.jpg</path>
    <source>
        <database>Unknown</database>
    </source>
    <size>
        <width>320</width>
        <height>240</height>
        <depth>3</depth>
    </size>
    <segmented>0</segmented>
    <object>
    <name>hand</name>
    <pose>Unspecified</pose>
    <truncated>0</truncated>
    <difficult>0</difficult>
    <bndbox>
        <xmin>92.3665006868132</xmin>
        <ymin>28.69599179995772</ymin>
        <xmax>232.07566171808963</xmax>
        <ymax>196.33811081947573</ymax>
    </bndbox>
</object>
</annotation>