<annotation verified="yes">
    <folder>Annotation</folder>
    <filename>hand1696</filename>
    <path>white_background-PascalVOC-export/Annotations/hand1696.jpg</path>
    <source>
        <database>Unknown</database>
    </source>
    <size>
        <width>320</width>
        <height>240</height>
        <depth>3</depth>
    </size>
    <segmented>0</segmented>
    <object>
    <name>hand</name>
    <pose>Unspecified</pose>
    <truncated>0</truncated>
    <difficult>0</difficult>
    <bndbox>
        <xmin>80.94276666842774</xmin>
        <ymin>124.00202909209413</ymin>
        <xmax>222.72136517328826</xmax>
        <ymax>240</ymax>
    </bndbox>
</object>
</annotation>