<annotation verified="yes">
    <folder>Annotation</folder>
    <filename>hand1130</filename>
    <path>white_background-PascalVOC-export/Annotations/hand1130.jpg</path>
    <source>
        <database>Unknown</database>
    </source>
    <size>
        <width>320</width>
        <height>240</height>
        <depth>3</depth>
    </size>
    <segmented>0</segmented>
    <object>
    <name>hand</name>
    <pose>Unspecified</pose>
    <truncated>0</truncated>
    <difficult>0</difficult>
    <bndbox>
        <xmin>97.39570675718514</xmin>
        <ymin>22.42554811909879</ymin>
        <xmax>262.24052990278955</xmax>
        <ymax>179.95238844947858</ymax>
    </bndbox>
</object>
</annotation>