<annotation verified="yes">
    <folder>Annotation</folder>
    <filename>hand330</filename>
    <path>white_background-PascalVOC-export/Annotations/hand330.jpg</path>
    <source>
        <database>Unknown</database>
    </source>
    <size>
        <width>320</width>
        <height>240</height>
        <depth>3</depth>
    </size>
    <segmented>0</segmented>
    <object>
    <name>hand</name>
    <pose>Unspecified</pose>
    <truncated>0</truncated>
    <difficult>0</difficult>
    <bndbox>
        <xmin>68.42201368343196</xmin>
        <ymin>36.81172161252818</ymin>
        <xmax>216.41575972104818</xmax>
        <ymax>207.3215488919814</ymax>
    </bndbox>
</object>
</annotation>