<annotation verified="yes">
    <folder>Annotation</folder>
    <filename>hand1047</filename>
    <path>white_background-PascalVOC-export/Annotations/hand1047.jpg</path>
    <source>
        <database>Unknown</database>
    </source>
    <size>
        <width>320</width>
        <height>240</height>
        <depth>3</depth>
    </size>
    <segmented>0</segmented>
    <object>
    <name>hand</name>
    <pose>Unspecified</pose>
    <truncated>0</truncated>
    <difficult>0</difficult>
    <bndbox>
        <xmin>101.2407709478022</xmin>
        <ymin>25.240818440846954</ymin>
        <xmax>258.253843512257</xmax>
        <ymax>210.67164819968997</ymax>
    </bndbox>
</object>
</annotation>