<annotation verified="yes">
    <folder>Annotation</folder>
    <filename>hand655</filename>
    <path>white_background-PascalVOC-export/Annotations/hand655.jpg</path>
    <source>
        <database>Unknown</database>
    </source>
    <size>
        <width>320</width>
        <height>240</height>
        <depth>3</depth>
    </size>
    <segmented>0</segmented>
    <object>
    <name>hand</name>
    <pose>Unspecified</pose>
    <truncated>0</truncated>
    <difficult>0</difficult>
    <bndbox>
        <xmin>57.41036757713441</xmin>
        <ymin>39.10692698791573</ymin>
        <xmax>225.83437896238377</xmax>
        <ymax>209.485537626832</ymax>
    </bndbox>
</object>
</annotation>