<annotation verified="yes">
    <folder>Annotation</folder>
    <filename>hand1496</filename>
    <path>white_background-PascalVOC-export/Annotations/hand1496.jpg</path>
    <source>
        <database>Unknown</database>
    </source>
    <size>
        <width>320</width>
        <height>240</height>
        <depth>3</depth>
    </size>
    <segmented>0</segmented>
    <object>
    <name>hand</name>
    <pose>Unspecified</pose>
    <truncated>0</truncated>
    <difficult>0</difficult>
    <bndbox>
        <xmin>31.95568403951818</xmin>
        <ymin>135.0624746776353</ymin>
        <xmax>213.96862452451398</xmax>
        <ymax>240</ymax>
    </bndbox>
</object>
</annotation>