<annotation verified="yes">
    <folder>Annotation</folder>
    <filename>hand1044</filename>
    <path>white_background-PascalVOC-export/Annotations/hand1044.jpg</path>
    <source>
        <database>Unknown</database>
    </source>
    <size>
        <width>320</width>
        <height>240</height>
        <depth>3</depth>
    </size>
    <segmented>0</segmented>
    <object>
    <name>hand</name>
    <pose>Unspecified</pose>
    <truncated>0</truncated>
    <difficult>0</difficult>
    <bndbox>
        <xmin>95.5666869188504</xmin>
        <ymin>32.69454457176578</ymin>
        <xmax>273.62409525570587</xmax>
        <ymax>223.50323355587653</ymax>
    </bndbox>
</object>
</annotation>