<annotation verified="yes">
    <folder>Annotation</folder>
    <filename>hand1281</filename>
    <path>white_background-PascalVOC-export/Annotations/hand1281.jpg</path>
    <source>
        <database>Unknown</database>
    </source>
    <size>
        <width>320</width>
        <height>240</height>
        <depth>3</depth>
    </size>
    <segmented>0</segmented>
    <object>
    <name>hand</name>
    <pose>Unspecified</pose>
    <truncated>0</truncated>
    <difficult>0</difficult>
    <bndbox>
        <xmin>74.726298341082</xmin>
        <ymin>43.85495294444053</ymin>
        <xmax>242.1757449281488</xmax>
        <ymax>201.0498046875</ymax>
    </bndbox>
</object>
</annotation>