<annotation verified="yes">
    <folder>Annotation</folder>
    <filename>hand1450</filename>
    <path>white_background-PascalVOC-export/Annotations/hand1450.jpg</path>
    <source>
        <database>Unknown</database>
    </source>
    <size>
        <width>320</width>
        <height>240</height>
        <depth>3</depth>
    </size>
    <segmented>0</segmented>
    <object>
    <name>hand</name>
    <pose>Unspecified</pose>
    <truncated>0</truncated>
    <difficult>0</difficult>
    <bndbox>
        <xmin>18.552978721999157</xmin>
        <ymin>0.873588553410372</ymin>
        <xmax>161.35117286559594</xmax>
        <ymax>136.4459510639797</ymax>
    </bndbox>
</object>
</annotation>