<annotation verified="yes">
    <folder>Annotation</folder>
    <filename>hand1457</filename>
    <path>white_background-PascalVOC-export/Annotations/hand1457.jpg</path>
    <source>
        <database>Unknown</database>
    </source>
    <size>
        <width>320</width>
        <height>240</height>
        <depth>3</depth>
    </size>
    <segmented>0</segmented>
    <object>
    <name>hand</name>
    <pose>Unspecified</pose>
    <truncated>0</truncated>
    <difficult>0</difficult>
    <bndbox>
        <xmin>2.086054720519865</xmin>
        <ymin>1.0191315970264938</ymin>
        <xmax>113.0278885777684</xmax>
        <ymax>144.69622520610204</ymax>
    </bndbox>
</object>
</annotation>