<annotation verified="yes">
    <folder>Annotation</folder>
    <filename>hand1469</filename>
    <path>white_background-PascalVOC-export/Annotations/hand1469.jpg</path>
    <source>
        <database>Unknown</database>
    </source>
    <size>
        <width>320</width>
        <height>240</height>
        <depth>3</depth>
    </size>
    <segmented>0</segmented>
    <object>
    <name>hand</name>
    <pose>Unspecified</pose>
    <truncated>0</truncated>
    <difficult>0</difficult>
    <bndbox>
        <xmin>3.1492696005917162</xmin>
        <ymin>13.365869360819476</ymin>
        <xmax>80.56252641589181</xmax>
        <ymax>188.1642661798901</ymax>
    </bndbox>
</object>
</annotation>