<annotation verified="yes">
    <folder>Annotation</folder>
    <filename>hand124</filename>
    <path>white_background-PascalVOC-export/Annotations/hand124.jpg</path>
    <source>
        <database>Unknown</database>
    </source>
    <size>
        <width>320</width>
        <height>240</height>
        <depth>3</depth>
    </size>
    <segmented>0</segmented>
    <object>
    <name>hand</name>
    <pose>Unspecified</pose>
    <truncated>0</truncated>
    <difficult>0</difficult>
    <bndbox>
        <xmin>5.033614222316146</xmin>
        <ymin>0.6550427837866404</ymin>
        <xmax>122.58046941039731</xmax>
        <ymax>130.81130654594136</ymax>
    </bndbox>
</object>
</annotation>