<annotation verified="yes">
    <folder>Annotation</folder>
    <filename>hand1118</filename>
    <path>white_background-PascalVOC-export/Annotations/hand1118.jpg</path>
    <source>
        <database>Unknown</database>
    </source>
    <size>
        <width>320</width>
        <height>240</height>
        <depth>3</depth>
    </size>
    <segmented>0</segmented>
    <object>
    <name>hand</name>
    <pose>Unspecified</pose>
    <truncated>0</truncated>
    <difficult>0</difficult>
    <bndbox>
        <xmin>88.04857552303467</xmin>
        <ymin>109.31427036358511</ymin>
        <xmax>221.44745879120882</xmax>
        <ymax>239.99999999999997</ymax>
    </bndbox>
</object>
</annotation>