<annotation verified="yes">
    <folder>Annotation</folder>
    <filename>hand1521</filename>
    <path>white_background-PascalVOC-export/Annotations/hand1521.jpg</path>
    <source>
        <database>Unknown</database>
    </source>
    <size>
        <width>320</width>
        <height>240</height>
        <depth>3</depth>
    </size>
    <segmented>0</segmented>
    <object>
    <name>hand</name>
    <pose>Unspecified</pose>
    <truncated>0</truncated>
    <difficult>0</difficult>
    <bndbox>
        <xmin>50.86554971470837</xmin>
        <ymin>87.4088780210682</ymin>
        <xmax>212.8299675084531</xmax>
        <ymax>240</ymax>
    </bndbox>
</object>
</annotation>