<annotation verified="yes">
    <folder>Annotation</folder>
    <filename>hand654</filename>
    <path>white_background-PascalVOC-export/Annotations/hand654.jpg</path>
    <source>
        <database>Unknown</database>
    </source>
    <size>
        <width>320</width>
        <height>240</height>
        <depth>3</depth>
    </size>
    <segmented>0</segmented>
    <object>
    <name>hand</name>
    <pose>Unspecified</pose>
    <truncated>0</truncated>
    <difficult>0</difficult>
    <bndbox>
        <xmin>55.46110590131023</xmin>
        <ymin>43.06895775348788</ymin>
        <xmax>216.12019891166528</xmax>
        <ymax>204.45473241967306</ymax>
    </bndbox>
</object>
</annotation>