<annotation verified="yes">
    <folder>Annotation</folder>
    <filename>hand722</filename>
    <path>white_background-PascalVOC-export/Annotations/hand722.jpg</path>
    <source>
        <database>Unknown</database>
    </source>
    <size>
        <width>320</width>
        <height>240</height>
        <depth>3</depth>
    </size>
    <segmented>0</segmented>
    <object>
    <name>hand</name>
    <pose>Unspecified</pose>
    <truncated>0</truncated>
    <difficult>0</difficult>
    <bndbox>
        <xmin>54.61570901248942</xmin>
        <ymin>38.08072953407167</ymin>
        <xmax>241.63559748094835</xmax>
        <ymax>210.19844830170715</ymax>
    </bndbox>
</object>
</annotation>