<annotation verified="yes">
    <folder>Annotation</folder>
    <filename>hand1654</filename>
    <path>white_background-PascalVOC-export/Annotations/hand1654.jpg</path>
    <source>
        <database>Unknown</database>
    </source>
    <size>
        <width>320</width>
        <height>240</height>
        <depth>3</depth>
    </size>
    <segmented>0</segmented>
    <object>
    <name>hand</name>
    <pose>Unspecified</pose>
    <truncated>0</truncated>
    <difficult>0</difficult>
    <bndbox>
        <xmin>36.582988826077774</xmin>
        <ymin>34.92478982437289</ymin>
        <xmax>209.7105148457312</xmax>
        <ymax>222.0194475760992</ymax>
    </bndbox>
</object>
</annotation>