<annotation verified="yes">
    <folder>Annotation</folder>
    <filename>hand1255</filename>
    <path>white_background-PascalVOC-export/Annotations/hand1255.jpg</path>
    <source>
        <database>Unknown</database>
    </source>
    <size>
        <width>320</width>
        <height>240</height>
        <depth>3</depth>
    </size>
    <segmented>0</segmented>
    <object>
    <name>hand</name>
    <pose>Unspecified</pose>
    <truncated>0</truncated>
    <difficult>0</difficult>
    <bndbox>
        <xmin>88.21278331043956</xmin>
        <ymin>31.424989926102732</ymin>
        <xmax>263.4742180896027</xmax>
        <ymax>166.1246102557779</ymax>
    </bndbox>
</object>
</annotation>