<annotation verified="yes">
    <folder>Annotation</folder>
    <filename>hand125</filename>
    <path>white_background-PascalVOC-export/Annotations/hand125.jpg</path>
    <source>
        <database>Unknown</database>
    </source>
    <size>
        <width>320</width>
        <height>240</height>
        <depth>3</depth>
    </size>
    <segmented>0</segmented>
    <object>
    <name>hand</name>
    <pose>Unspecified</pose>
    <truncated>0</truncated>
    <difficult>0</difficult>
    <bndbox>
        <xmin>5.41089919695689</xmin>
        <ymin>0.7326778510780722</ymin>
        <xmax>128.62964259298394</xmax>
        <ymax>132.69114531954622</ymax>
    </bndbox>
</object>
</annotation>