<annotation verified="yes">
    <folder>Annotation</folder>
    <filename>hand1487</filename>
    <path>white_background-PascalVOC-export/Annotations/hand1487.jpg</path>
    <source>
        <database>Unknown</database>
    </source>
    <size>
        <width>320</width>
        <height>240</height>
        <depth>3</depth>
    </size>
    <segmented>0</segmented>
    <object>
    <name>hand</name>
    <pose>Unspecified</pose>
    <truncated>0</truncated>
    <difficult>0</difficult>
    <bndbox>
        <xmin>92.13514700443788</xmin>
        <ymin>79.38411054643461</ymin>
        <xmax>245.66885038038885</xmax>
        <ymax>240</ymax>
    </bndbox>
</object>
</annotation>