<annotation verified="yes">
    <folder>Annotation</folder>
    <filename>hand1684</filename>
    <path>white_background-PascalVOC-export/Annotations/hand1684.jpg</path>
    <source>
        <database>Unknown</database>
    </source>
    <size>
        <width>320</width>
        <height>240</height>
        <depth>3</depth>
    </size>
    <segmented>0</segmented>
    <object>
    <name>hand</name>
    <pose>Unspecified</pose>
    <truncated>0</truncated>
    <difficult>0</difficult>
    <bndbox>
        <xmin>1.6325516430684701</xmin>
        <ymin>42.95799625229002</ymin>
        <xmax>78.00028397083686</xmax>
        <ymax>211.23084858547068</ymax>
    </bndbox>
</object>
</annotation>