<annotation verified="yes">
    <folder>Annotation</folder>
    <filename>hand484</filename>
    <path>white_background-PascalVOC-export/Annotations/hand484.jpg</path>
    <source>
        <database>Unknown</database>
    </source>
    <size>
        <width>320</width>
        <height>240</height>
        <depth>3</depth>
    </size>
    <segmented>0</segmented>
    <object>
    <name>hand</name>
    <pose>Unspecified</pose>
    <truncated>0</truncated>
    <difficult>0</difficult>
    <bndbox>
        <xmin>48.42277314032122</xmin>
        <ymin>1.2375369926719277</ymin>
        <xmax>182.6967983939138</xmax>
        <ymax>129.06731675415728</ymax>
    </bndbox>
</object>
</annotation>