<annotation verified="yes">
    <folder>Annotation</folder>
    <filename>hand126</filename>
    <path>white_background-PascalVOC-export/Annotations/hand126.jpg</path>
    <source>
        <database>Unknown</database>
    </source>
    <size>
        <width>320</width>
        <height>240</height>
        <depth>3</depth>
    </size>
    <segmented>0</segmented>
    <object>
    <name>hand</name>
    <pose>Unspecified</pose>
    <truncated>0</truncated>
    <difficult>0</difficult>
    <bndbox>
        <xmin>3.2828349535080306</xmin>
        <ymin>0.24985329543052423</ymin>
        <xmax>136.97838519653425</xmax>
        <ymax>136.57083436090753</ymax>
    </bndbox>
</object>
</annotation>