<annotation verified="yes">
    <folder>Annotation</folder>
    <filename>hand1151</filename>
    <path>white_background-PascalVOC-export/Annotations/hand1151.jpg</path>
    <source>
        <database>Unknown</database>
    </source>
    <size>
        <width>320</width>
        <height>240</height>
        <depth>3</depth>
    </size>
    <segmented>0</segmented>
    <object>
    <name>hand</name>
    <pose>Unspecified</pose>
    <truncated>0</truncated>
    <difficult>0</difficult>
    <bndbox>
        <xmin>100.88879569949282</xmin>
        <ymin>96.98166495648957</ymin>
        <xmax>238.4151125316991</xmax>
        <ymax>240</ymax>
    </bndbox>
</object>
</annotation>