<annotation verified="yes">
    <folder>Annotation</folder>
    <filename>hand680</filename>
    <path>white_background-PascalVOC-export/Annotations/hand680.jpg</path>
    <source>
        <database>Unknown</database>
    </source>
    <size>
        <width>320</width>
        <height>240</height>
        <depth>3</depth>
    </size>
    <segmented>0</segmented>
    <object>
    <name>hand</name>
    <pose>Unspecified</pose>
    <truncated>0</truncated>
    <difficult>0</difficult>
    <bndbox>
        <xmin>70.26773192739203</xmin>
        <ymin>38.47028538551073</ymin>
        <xmax>230.77215415961047</xmax>
        <ymax>185.38073813134878</ymax>
    </bndbox>
</object>
</annotation>