<annotation verified="yes">
    <folder>Annotation</folder>
    <filename>hand1692</filename>
    <path>white_background-PascalVOC-export/Annotations/hand1692.jpg</path>
    <source>
        <database>Unknown</database>
    </source>
    <size>
        <width>320</width>
        <height>240</height>
        <depth>3</depth>
    </size>
    <segmented>0</segmented>
    <object>
    <name>hand</name>
    <pose>Unspecified</pose>
    <truncated>0</truncated>
    <difficult>0</difficult>
    <bndbox>
        <xmin>59.522169537193584</xmin>
        <ymin>105.23545670536217</ymin>
        <xmax>200.24279506551142</xmax>
        <ymax>240</ymax>
    </bndbox>
</object>
</annotation>