<annotation verified="yes">
    <folder>Annotation</folder>
    <filename>hand1046</filename>
    <path>white_background-PascalVOC-export/Annotations/hand1046.jpg</path>
    <source>
        <database>Unknown</database>
    </source>
    <size>
        <width>320</width>
        <height>240</height>
        <depth>3</depth>
    </size>
    <segmented>0</segmented>
    <object>
    <name>hand</name>
    <pose>Unspecified</pose>
    <truncated>0</truncated>
    <difficult>0</difficult>
    <bndbox>
        <xmin>98.05721021766696</xmin>
        <ymin>23.906922969366544</ymin>
        <xmax>264.6812922654269</xmax>
        <ymax>213.0905395645434</ymax>
    </bndbox>
</object>
</annotation>