<annotation verified="yes">
    <folder>Annotation</folder>
    <filename>hand1269</filename>
    <path>white_background-PascalVOC-export/Annotations/hand1269.jpg</path>
    <source>
        <database>Unknown</database>
    </source>
    <size>
        <width>320</width>
        <height>240</height>
        <depth>3</depth>
    </size>
    <segmented>0</segmented>
    <object>
    <name>hand</name>
    <pose>Unspecified</pose>
    <truncated>0</truncated>
    <difficult>0</difficult>
    <bndbox>
        <xmin>89.1572174820372</xmin>
        <ymin>33.61083158645716</ymin>
        <xmax>259.0045171174979</xmax>
        <ymax>180.04216173724632</ymax>
    </bndbox>
</object>
</annotation>