<annotation verified="yes">
    <folder>Annotation</folder>
    <filename>hand243</filename>
    <path>white_background-PascalVOC-export/Annotations/hand243.jpg</path>
    <source>
        <database>Unknown</database>
    </source>
    <size>
        <width>320</width>
        <height>240</height>
        <depth>3</depth>
    </size>
    <segmented>0</segmented>
    <object>
    <name>hand</name>
    <pose>Unspecified</pose>
    <truncated>0</truncated>
    <difficult>0</difficult>
    <bndbox>
        <xmin>121.89603365384616</xmin>
        <ymin>1.1878280897688838</ymin>
        <xmax>282.50931160185974</xmax>
        <ymax>120.0399818119363</ymax>
    </bndbox>
</object>
</annotation>