<annotation verified="yes">
    <folder>Annotation</folder>
    <filename>hand679</filename>
    <path>white_background-PascalVOC-export/Annotations/hand679.jpg</path>
    <source>
        <database>Unknown</database>
    </source>
    <size>
        <width>320</width>
        <height>240</height>
        <depth>3</depth>
    </size>
    <segmented>0</segmented>
    <object>
    <name>hand</name>
    <pose>Unspecified</pose>
    <truncated>0</truncated>
    <difficult>0</difficult>
    <bndbox>
        <xmin>69.62480485287891</xmin>
        <ymin>40.481808492346225</ymin>
        <xmax>234.34394183954277</xmax>
        <ymax>200.091109092833</ymax>
    </bndbox>
</object>
</annotation>