<annotation verified="yes">
    <folder>Annotation</folder>
    <filename>hand1124</filename>
    <path>white_background-PascalVOC-export/Annotations/hand1124.jpg</path>
    <source>
        <database>Unknown</database>
    </source>
    <size>
        <width>320</width>
        <height>240</height>
        <depth>3</depth>
    </size>
    <segmented>0</segmented>
    <object>
    <name>hand</name>
    <pose>Unspecified</pose>
    <truncated>0</truncated>
    <difficult>0</difficult>
    <bndbox>
        <xmin>100.69067651098902</xmin>
        <ymin>21.54665012639163</ymin>
        <xmax>269.18312156593413</xmax>
        <ymax>186.65217420025365</ymax>
    </bndbox>
</object>
</annotation>