<annotation verified="yes">
    <folder>Annotation</folder>
    <filename>hand724</filename>
    <path>white_background-PascalVOC-export/Annotations/hand724.jpg</path>
    <source>
        <database>Unknown</database>
    </source>
    <size>
        <width>320</width>
        <height>240</height>
        <depth>3</depth>
    </size>
    <segmented>0</segmented>
    <object>
    <name>hand</name>
    <pose>Unspecified</pose>
    <truncated>0</truncated>
    <difficult>0</difficult>
    <bndbox>
        <xmin>64.45105776354784</xmin>
        <ymin>36.885079756278216</ymin>
        <xmax>236.83610287891617</xmax>
        <ymax>215.71398181786117</ymax>
    </bndbox>
</object>
</annotation>