<annotation verified="yes">
    <folder>Annotation</folder>
    <filename>hand1524</filename>
    <path>white_background-PascalVOC-export/Annotations/hand1524.jpg</path>
    <source>
        <database>Unknown</database>
    </source>
    <size>
        <width>320</width>
        <height>240</height>
        <depth>3</depth>
    </size>
    <segmented>0</segmented>
    <object>
    <name>hand</name>
    <pose>Unspecified</pose>
    <truncated>0</truncated>
    <difficult>0</difficult>
    <bndbox>
        <xmin>51.25997199915469</xmin>
        <ymin>89.52919393408257</ymin>
        <xmax>212.0603405008453</xmax>
        <ymax>239.99999999999997</ymax>
    </bndbox>
</object>
</annotation>