<annotation verified="yes">
    <folder>Annotation</folder>
    <filename>hand1083</filename>
    <path>white_background-PascalVOC-export/Annotations/hand1083.jpg</path>
    <source>
        <database>Unknown</database>
    </source>
    <size>
        <width>320</width>
        <height>240</height>
        <depth>3</depth>
    </size>
    <segmented>0</segmented>
    <object>
    <name>hand</name>
    <pose>Unspecified</pose>
    <truncated>0</truncated>
    <difficult>0</difficult>
    <bndbox>
        <xmin>38.2562374524514</xmin>
        <ymin>18.444257217974915</ymin>
        <xmax>243.15267064666108</xmax>
        <ymax>216.58218538613303</ymax>
    </bndbox>
</object>
</annotation>