<annotation verified="yes">
    <folder>Annotation</folder>
    <filename>hand1068</filename>
    <path>white_background-PascalVOC-export/Annotations/hand1068.jpg</path>
    <source>
        <database>Unknown</database>
    </source>
    <size>
        <width>320</width>
        <height>240</height>
        <depth>3</depth>
    </size>
    <segmented>0</segmented>
    <object>
    <name>hand</name>
    <pose>Unspecified</pose>
    <truncated>0</truncated>
    <difficult>0</difficult>
    <bndbox>
        <xmin>61.024061575443795</xmin>
        <ymin>11.644170131059752</ymin>
        <xmax>250.85594093406596</xmax>
        <ymax>211.91716173724632</ymax>
    </bndbox>
</object>
</annotation>