<annotation verified="yes">
    <folder>Annotation</folder>
    <filename>hand1643</filename>
    <path>white_background-PascalVOC-export/Annotations/hand1643.jpg</path>
    <source>
        <database>Unknown</database>
    </source>
    <size>
        <width>320</width>
        <height>240</height>
        <depth>3</depth>
    </size>
    <segmented>0</segmented>
    <object>
    <name>hand</name>
    <pose>Unspecified</pose>
    <truncated>0</truncated>
    <difficult>0</difficult>
    <bndbox>
        <xmin>133.9781507554945</xmin>
        <ymin>31.087696028132044</ymin>
        <xmax>301.8509945583263</xmax>
        <ymax>153.674627430947</ymax>
    </bndbox>
</object>
</annotation>