<annotation verified="yes">
    <folder>Annotation</folder>
    <filename>hand1495</filename>
    <path>white_background-PascalVOC-export/Annotations/hand1495.jpg</path>
    <source>
        <database>Unknown</database>
    </source>
    <size>
        <width>320</width>
        <height>240</height>
        <depth>3</depth>
    </size>
    <segmented>0</segmented>
    <object>
    <name>hand</name>
    <pose>Unspecified</pose>
    <truncated>0</truncated>
    <difficult>0</difficult>
    <bndbox>
        <xmin>48.87701090976332</xmin>
        <ymin>108.77861977698703</ymin>
        <xmax>217.17911295435337</xmax>
        <ymax>240</ymax>
    </bndbox>
</object>
</annotation>