<annotation verified="yes">
    <folder>Annotation</folder>
    <filename>hand1485</filename>
    <path>white_background-PascalVOC-export/Annotations/hand1485.jpg</path>
    <source>
        <database>Unknown</database>
    </source>
    <size>
        <width>320</width>
        <height>240</height>
        <depth>3</depth>
    </size>
    <segmented>0</segmented>
    <object>
    <name>hand</name>
    <pose>Unspecified</pose>
    <truncated>0</truncated>
    <difficult>0</difficult>
    <bndbox>
        <xmin>81.03626241546915</xmin>
        <ymin>90.49209336686161</ymin>
        <xmax>219.99280166948438</xmax>
        <ymax>240</ymax>
    </bndbox>
</object>
</annotation>