<annotation verified="yes">
    <folder>Annotation</folder>
    <filename>hand1468</filename>
    <path>white_background-PascalVOC-export/Annotations/hand1468.jpg</path>
    <source>
        <database>Unknown</database>
    </source>
    <size>
        <width>320</width>
        <height>240</height>
        <depth>3</depth>
    </size>
    <segmented>0</segmented>
    <object>
    <name>hand</name>
    <pose>Unspecified</pose>
    <truncated>0</truncated>
    <difficult>0</difficult>
    <bndbox>
        <xmin>0.08768425084530855</xmin>
        <ymin>13.078606400172632</ymin>
        <xmax>79.94203362743028</xmax>
        <ymax>187.90833964557498</ymax>
    </bndbox>
</object>
</annotation>