<annotation verified="yes">
    <folder>Annotation</folder>
    <filename>hand695</filename>
    <path>white_background-PascalVOC-export/Annotations/hand695.jpg</path>
    <source>
        <database>Unknown</database>
    </source>
    <size>
        <width>320</width>
        <height>240</height>
        <depth>3</depth>
    </size>
    <segmented>0</segmented>
    <object>
    <name>hand</name>
    <pose>Unspecified</pose>
    <truncated>0</truncated>
    <difficult>0</difficult>
    <bndbox>
        <xmin>71.60501891934801</xmin>
        <ymin>42.968620489736175</ymin>
        <xmax>236.6211764394581</xmax>
        <ymax>200.49470165244074</ymax>
    </bndbox>
</object>
</annotation>