<annotation verified="yes">
    <folder>Annotation</folder>
    <filename>hand322</filename>
    <path>white_background-PascalVOC-export/Annotations/hand322.jpg</path>
    <source>
        <database>Unknown</database>
    </source>
    <size>
        <width>320</width>
        <height>240</height>
        <depth>3</depth>
    </size>
    <segmented>0</segmented>
    <object>
    <name>hand</name>
    <pose>Unspecified</pose>
    <truncated>0</truncated>
    <difficult>0</difficult>
    <bndbox>
        <xmin>60.24312526415893</xmin>
        <ymin>20.513443973717585</ymin>
        <xmax>213.59252826500423</xmax>
        <ymax>182.85784905228297</ymax>
    </bndbox>
</object>
</annotation>