<annotation verified="yes">
    <folder>Annotation</folder>
    <filename>hand532</filename>
    <path>white_background-PascalVOC-export/Annotations/hand532.jpg</path>
    <source>
        <database>Unknown</database>
    </source>
    <size>
        <width>320</width>
        <height>240</height>
        <depth>3</depth>
    </size>
    <segmented>0</segmented>
    <object>
    <name>hand</name>
    <pose>Unspecified</pose>
    <truncated>0</truncated>
    <difficult>0</difficult>
    <bndbox>
        <xmin>65.51299661876585</xmin>
        <ymin>5.344722709096674</ymin>
        <xmax>204.97064534023673</xmax>
        <ymax>171.4971848136274</ymax>
    </bndbox>
</object>
</annotation>