<annotation verified="yes">
    <folder>Annotation</folder>
    <filename>hand440</filename>
    <path>white_background-PascalVOC-export/Annotations/hand440.jpg</path>
    <source>
        <database>Unknown</database>
    </source>
    <size>
        <width>320</width>
        <height>240</height>
        <depth>3</depth>
    </size>
    <segmented>0</segmented>
    <object>
    <name>hand</name>
    <pose>Unspecified</pose>
    <truncated>0</truncated>
    <difficult>0</difficult>
    <bndbox>
        <xmin>33.96197927673288</xmin>
        <ymin>30.983716068031285</ymin>
        <xmax>162.52339457417582</xmax>
        <ymax>203.8296553516065</ymax>
    </bndbox>
</object>
</annotation>