<annotation verified="yes">
    <folder>Annotation</folder>
    <filename>hand1318</filename>
    <path>white_background-PascalVOC-export/Annotations/hand1318.jpg</path>
    <source>
        <database>Unknown</database>
    </source>
    <size>
        <width>320</width>
        <height>240</height>
        <depth>3</depth>
    </size>
    <segmented>0</segmented>
    <object>
    <name>hand</name>
    <pose>Unspecified</pose>
    <truncated>0</truncated>
    <difficult>0</difficult>
    <bndbox>
        <xmin>87.8824690934066</xmin>
        <ymin>11.142593263370209</ymin>
        <xmax>217.56778978233308</xmax>
        <ymax>198.88160473330043</ymax>
    </bndbox>
</object>
</annotation>