<annotation verified="yes">
    <folder>Annotation</folder>
    <filename>hand1481</filename>
    <path>white_background-PascalVOC-export/Annotations/hand1481.jpg</path>
    <source>
        <database>Unknown</database>
    </source>
    <size>
        <width>320</width>
        <height>240</height>
        <depth>3</depth>
    </size>
    <segmented>0</segmented>
    <object>
    <name>hand</name>
    <pose>Unspecified</pose>
    <truncated>0</truncated>
    <difficult>0</difficult>
    <bndbox>
        <xmin>22.39364301563821</xmin>
        <ymin>92.99969282870632</ymin>
        <xmax>158.10234837278108</xmax>
        <ymax>240</ymax>
    </bndbox>
</object>
</annotation>