<annotation verified="yes">
    <folder>Annotation</folder>
    <filename>hand1081</filename>
    <path>white_background-PascalVOC-export/Annotations/hand1081.jpg</path>
    <source>
        <database>Unknown</database>
    </source>
    <size>
        <width>320</width>
        <height>240</height>
        <depth>3</depth>
    </size>
    <segmented>0</segmented>
    <object>
    <name>hand</name>
    <pose>Unspecified</pose>
    <truncated>0</truncated>
    <difficult>0</difficult>
    <bndbox>
        <xmin>48.661473742603555</xmin>
        <ymin>20.933653477751548</ymin>
        <xmax>251.01120033812344</xmax>
        <ymax>218.1074890343151</ymax>
    </bndbox>
</object>
</annotation>