<annotation verified="yes">
    <folder>Annotation</folder>
    <filename>hand452</filename>
    <path>white_background-PascalVOC-export/Annotations/hand452.jpg</path>
    <source>
        <database>Unknown</database>
    </source>
    <size>
        <width>320</width>
        <height>240</height>
        <depth>3</depth>
    </size>
    <segmented>0</segmented>
    <object>
    <name>hand</name>
    <pose>Unspecified</pose>
    <truncated>0</truncated>
    <difficult>0</difficult>
    <bndbox>
        <xmin>150.1827484414624</xmin>
        <ymin>83.83566666079481</ymin>
        <xmax>303.10532016060864</xmax>
        <ymax>236.97233146314824</ymax>
    </bndbox>
</object>
</annotation>