<annotation verified="yes">
    <folder>Annotation</folder>
    <filename>hand255</filename>
    <path>white_background-PascalVOC-export/Annotations/hand255.jpg</path>
    <source>
        <database>Unknown</database>
    </source>
    <size>
        <width>320</width>
        <height>240</height>
        <depth>3</depth>
    </size>
    <segmented>0</segmented>
    <object>
    <name>hand</name>
    <pose>Unspecified</pose>
    <truncated>0</truncated>
    <difficult>0</difficult>
    <bndbox>
        <xmin>64.65467825443788</xmin>
        <ymin>18.077654059064965</ymin>
        <xmax>215.4186588651733</xmax>
        <ymax>181.4319466953213</ymax>
    </bndbox>
</object>
</annotation>