<annotation verified="yes">
    <folder>Annotation</folder>
    <filename>hand242</filename>
    <path>white_background-PascalVOC-export/Annotations/hand242.jpg</path>
    <source>
        <database>Unknown</database>
    </source>
    <size>
        <width>320</width>
        <height>240</height>
        <depth>3</depth>
    </size>
    <segmented>0</segmented>
    <object>
    <name>hand</name>
    <pose>Unspecified</pose>
    <truncated>0</truncated>
    <difficult>0</difficult>
    <bndbox>
        <xmin>122.13067281276417</xmin>
        <ymin>1.1019150864043123</ymin>
        <xmax>282.6135222950127</xmax>
        <ymax>119.44028766206314</ymax>
    </bndbox>
</object>
</annotation>