<annotation verified="yes">
    <folder>Annotation</folder>
    <filename>hand1131</filename>
    <path>white_background-PascalVOC-export/Annotations/hand1131.jpg</path>
    <source>
        <database>Unknown</database>
    </source>
    <size>
        <width>320</width>
        <height>240</height>
        <depth>3</depth>
    </size>
    <segmented>0</segmented>
    <object>
    <name>hand</name>
    <pose>Unspecified</pose>
    <truncated>0</truncated>
    <difficult>0</difficult>
    <bndbox>
        <xmin>98.84995113060018</xmin>
        <ymin>23.203178672403467</ymin>
        <xmax>262.4228986158073</xmax>
        <ymax>183.4293032606398</ymax>
    </bndbox>
</object>
</annotation>