<annotation verified="yes">
    <folder>Annotation</folder>
    <filename>hand1669</filename>
    <path>white_background-PascalVOC-export/Annotations/hand1669.jpg</path>
    <source>
        <database>Unknown</database>
    </source>
    <size>
        <width>320</width>
        <height>240</height>
        <depth>3</depth>
    </size>
    <segmented>0</segmented>
    <object>
    <name>hand</name>
    <pose>Unspecified</pose>
    <truncated>0</truncated>
    <difficult>0</difficult>
    <bndbox>
        <xmin>23.904764106086223</xmin>
        <ymin>20.630226866368375</ymin>
        <xmax>167.65261781487743</xmax>
        <ymax>180.77137978262402</ymax>
    </bndbox>
</object>
</annotation>