<annotation verified="yes">
    <folder>Annotation</folder>
    <filename>hand1646</filename>
    <path>white_background-PascalVOC-export/Annotations/hand1646.jpg</path>
    <source>
        <database>Unknown</database>
    </source>
    <size>
        <width>320</width>
        <height>240</height>
        <depth>3</depth>
    </size>
    <segmented>0</segmented>
    <object>
    <name>hand</name>
    <pose>Unspecified</pose>
    <truncated>0</truncated>
    <difficult>0</difficult>
    <bndbox>
        <xmin>89.31891575972105</xmin>
        <ymin>29.751026106257044</ymin>
        <xmax>272.6892368448859</xmax>
        <ymax>169.53718424112174</ymax>
    </bndbox>
</object>
</annotation>