<annotation verified="yes">
    <folder>Annotation</folder>
    <filename>hand246</filename>
    <path>white_background-PascalVOC-export/Annotations/hand246.jpg</path>
    <source>
        <database>Unknown</database>
    </source>
    <size>
        <width>320</width>
        <height>240</height>
        <depth>3</depth>
    </size>
    <segmented>0</segmented>
    <object>
    <name>hand</name>
    <pose>Unspecified</pose>
    <truncated>0</truncated>
    <difficult>0</difficult>
    <bndbox>
        <xmin>96.71691739750635</xmin>
        <ymin>3.3077104949091036</ymin>
        <xmax>255.66719938715136</xmax>
        <ymax>139.76350012330892</ymax>
    </bndbox>
</object>
</annotation>