<annotation verified="yes">
    <folder>Annotation</folder>
    <filename>hand1125</filename>
    <path>white_background-PascalVOC-export/Annotations/hand1125.jpg</path>
    <source>
        <database>Unknown</database>
    </source>
    <size>
        <width>320</width>
        <height>240</height>
        <depth>3</depth>
    </size>
    <segmented>0</segmented>
    <object>
    <name>hand</name>
    <pose>Unspecified</pose>
    <truncated>0</truncated>
    <difficult>0</difficult>
    <bndbox>
        <xmin>100.62011306001692</xmin>
        <ymin>21.683985420923758</ymin>
        <xmax>266.510989010989</xmax>
        <ymax>185.86292563592164</ymax>
    </bndbox>
</object>
</annotation>