<annotation verified="yes">
    <folder>Annotation</folder>
    <filename>hand1537</filename>
    <path>white_background-PascalVOC-export/Annotations/hand1537.jpg</path>
    <source>
        <database>Unknown</database>
    </source>
    <size>
        <width>320</width>
        <height>240</height>
        <depth>3</depth>
    </size>
    <segmented>0</segmented>
    <object>
    <name>hand</name>
    <pose>Unspecified</pose>
    <truncated>0</truncated>
    <difficult>0</difficult>
    <bndbox>
        <xmin>81.84917846576501</xmin>
        <ymin>64.48751662468291</ymin>
        <xmax>256.467964127219</xmax>
        <ymax>218.59395918475195</ymax>
    </bndbox>
</object>
</annotation>