<annotation verified="yes">
    <folder>Annotation</folder>
    <filename>hand324</filename>
    <path>white_background-PascalVOC-export/Annotations/hand324.jpg</path>
    <source>
        <database>Unknown</database>
    </source>
    <size>
        <width>320</width>
        <height>240</height>
        <depth>3</depth>
    </size>
    <segmented>0</segmented>
    <object>
    <name>hand</name>
    <pose>Unspecified</pose>
    <truncated>0</truncated>
    <difficult>0</difficult>
    <bndbox>
        <xmin>60.0414069103973</xmin>
        <ymin>19.571959829921784</ymin>
        <xmax>209.0102625739645</xmax>
        <ymax>177.51997163895152</ymax>
    </bndbox>
</object>
</annotation>