<annotation verified="yes">
    <folder>Annotation</folder>
    <filename>hand456</filename>
    <path>white_background-PascalVOC-export/Annotations/hand456.jpg</path>
    <source>
        <database>Unknown</database>
    </source>
    <size>
        <width>320</width>
        <height>240</height>
        <depth>3</depth>
    </size>
    <segmented>0</segmented>
    <object>
    <name>hand</name>
    <pose>Unspecified</pose>
    <truncated>0</truncated>
    <difficult>0</difficult>
    <bndbox>
        <xmin>166.95068153000847</xmin>
        <ymin>74.23177450324125</ymin>
        <xmax>318.7767130705833</xmax>
        <ymax>213.38076689332019</ymax>
    </bndbox>
</object>
</annotation>