<annotation verified="yes">
    <folder>Annotation</folder>
    <filename>hand694</filename>
    <path>white_background-PascalVOC-export/Annotations/hand694.jpg</path>
    <source>
        <database>Unknown</database>
    </source>
    <size>
        <width>320</width>
        <height>240</height>
        <depth>3</depth>
    </size>
    <segmented>0</segmented>
    <object>
    <name>hand</name>
    <pose>Unspecified</pose>
    <truncated>0</truncated>
    <difficult>0</difficult>
    <bndbox>
        <xmin>71.20668726185436</xmin>
        <ymin>42.34525176795288</ymin>
        <xmax>238.81168633573242</xmax>
        <ymax>197.25857082392778</ymax>
    </bndbox>
</object>
</annotation>