<annotation verified="yes">
    <folder>Annotation</folder>
    <filename>hand335</filename>
    <path>white_background-PascalVOC-export/Annotations/hand335.jpg</path>
    <source>
        <database>Unknown</database>
    </source>
    <size>
        <width>320</width>
        <height>240</height>
        <depth>3</depth>
    </size>
    <segmented>0</segmented>
    <object>
    <name>hand</name>
    <pose>Unspecified</pose>
    <truncated>0</truncated>
    <difficult>0</difficult>
    <bndbox>
        <xmin>117.73219568892647</xmin>
        <ymin>84.60058924041714</ymin>
        <xmax>268.9880732248521</xmax>
        <ymax>238.51966556863022</ymax>
    </bndbox>
</object>
</annotation>