<annotation verified="yes">
    <folder>Annotation</folder>
    <filename>hand233</filename>
    <path>white_background-PascalVOC-export/Annotations/hand233.jpg</path>
    <source>
        <database>Unknown</database>
    </source>
    <size>
        <width>320</width>
        <height>240</height>
        <depth>3</depth>
    </size>
    <segmented>0</segmented>
    <object>
    <name>hand</name>
    <pose>Unspecified</pose>
    <truncated>0</truncated>
    <difficult>0</difficult>
    <bndbox>
        <xmin>210.68879437869825</xmin>
        <ymin>15.65838698738726</ymin>
        <xmax>320</xmax>
        <ymax>133.2114043122886</ymax>
    </bndbox>
</object>
</annotation>