<annotation verified="yes">
    <folder>Annotation</folder>
    <filename>hand1137</filename>
    <path>white_background-PascalVOC-export/Annotations/hand1137.jpg</path>
    <source>
        <database>Unknown</database>
    </source>
    <size>
        <width>320</width>
        <height>240</height>
        <depth>3</depth>
    </size>
    <segmented>0</segmented>
    <object>
    <name>hand</name>
    <pose>Unspecified</pose>
    <truncated>0</truncated>
    <difficult>0</difficult>
    <bndbox>
        <xmin>76.51931001690618</xmin>
        <ymin>27.592289009653324</ymin>
        <xmax>226.95863931741337</xmax>
        <ymax>202.83944079410935</ymax>
    </bndbox>
</object>
</annotation>