<annotation verified="yes">
    <folder>Annotation</folder>
    <filename>hand1444</filename>
    <path>white_background-PascalVOC-export/Annotations/hand1444.jpg</path>
    <source>
        <database>Unknown</database>
    </source>
    <size>
        <width>320</width>
        <height>240</height>
        <depth>3</depth>
    </size>
    <segmented>0</segmented>
    <object>
    <name>hand</name>
    <pose>Unspecified</pose>
    <truncated>0</truncated>
    <difficult>0</difficult>
    <bndbox>
        <xmin>70.86720070794591</xmin>
        <ymin>1.2360837091319052</ymin>
        <xmax>234.45741758241763</xmax>
        <ymax>110.9667032923478</ymax>
    </bndbox>
</object>
</annotation>