<annotation verified="yes">
    <folder>Annotation</folder>
    <filename>hand1084</filename>
    <path>white_background-PascalVOC-export/Annotations/hand1084.jpg</path>
    <source>
        <database>Unknown</database>
    </source>
    <size>
        <width>320</width>
        <height>240</height>
        <depth>3</depth>
    </size>
    <segmented>0</segmented>
    <object>
    <name>hand</name>
    <pose>Unspecified</pose>
    <truncated>0</truncated>
    <difficult>0</difficult>
    <bndbox>
        <xmin>36.43981469251902</xmin>
        <ymin>10.82297410072576</ymin>
        <xmax>241.52142328825022</xmax>
        <ymax>209.33890462056087</ymax>
    </bndbox>
</object>
</annotation>