<annotation verified="yes">
    <folder>Annotation</folder>
    <filename>hand1320</filename>
    <path>white_background-PascalVOC-export/Annotations/hand1320.jpg</path>
    <source>
        <database>Unknown</database>
    </source>
    <size>
        <width>320</width>
        <height>240</height>
        <depth>3</depth>
    </size>
    <segmented>0</segmented>
    <object>
    <name>hand</name>
    <pose>Unspecified</pose>
    <truncated>0</truncated>
    <difficult>0</difficult>
    <bndbox>
        <xmin>74.40065643491126</xmin>
        <ymin>4.503630731662204</ymin>
        <xmax>227.83911401098902</xmax>
        <ymax>199.5189025947717</ymax>
    </bndbox>
</object>
</annotation>