<annotation verified="yes">
    <folder>Annotation</folder>
    <filename>hand1056</filename>
    <path>white_background-PascalVOC-export/Annotations/hand1056.jpg</path>
    <source>
        <database>Unknown</database>
    </source>
    <size>
        <width>320</width>
        <height>240</height>
        <depth>3</depth>
    </size>
    <segmented>0</segmented>
    <object>
    <name>hand</name>
    <pose>Unspecified</pose>
    <truncated>0</truncated>
    <difficult>0</difficult>
    <bndbox>
        <xmin>93.25579168427727</xmin>
        <ymin>16.276317368499857</ymin>
        <xmax>226.10349086010143</xmax>
        <ymax>195.37261859674464</ymax>
    </bndbox>
</object>
</annotation>