<annotation verified="yes">
    <folder>Annotation</folder>
    <filename>hand1322</filename>
    <path>white_background-PascalVOC-export/Annotations/hand1322.jpg</path>
    <source>
        <database>Unknown</database>
    </source>
    <size>
        <width>320</width>
        <height>240</height>
        <depth>3</depth>
    </size>
    <segmented>0</segmented>
    <object>
    <name>hand</name>
    <pose>Unspecified</pose>
    <truncated>0</truncated>
    <difficult>0</difficult>
    <bndbox>
        <xmin>76.42515387256975</xmin>
        <ymin>2.6604543382715615</ymin>
        <xmax>216.50682850803045</xmax>
        <ymax>199.9931849809752</ymax>
    </bndbox>
</object>
</annotation>