<annotation verified="yes">
    <folder>Annotation</folder>
    <filename>hand1533</filename>
    <path>white_background-PascalVOC-export/Annotations/hand1533.jpg</path>
    <source>
        <database>Unknown</database>
    </source>
    <size>
        <width>320</width>
        <height>240</height>
        <depth>3</depth>
    </size>
    <segmented>0</segmented>
    <object>
    <name>hand</name>
    <pose>Unspecified</pose>
    <truncated>0</truncated>
    <difficult>0</difficult>
    <bndbox>
        <xmin>70.6270142117498</xmin>
        <ymin>75.14365212355553</ymin>
        <xmax>236.5866705409975</xmax>
        <ymax>235.6771255372745</ymax>
    </bndbox>
</object>
</annotation>