<annotation verified="yes">
    <folder>Annotation</folder>
    <filename>hand1082</filename>
    <path>white_background-PascalVOC-export/Annotations/hand1082.jpg</path>
    <source>
        <database>Unknown</database>
    </source>
    <size>
        <width>320</width>
        <height>240</height>
        <depth>3</depth>
    </size>
    <segmented>0</segmented>
    <object>
    <name>hand</name>
    <pose>Unspecified</pose>
    <truncated>0</truncated>
    <difficult>0</difficult>
    <bndbox>
        <xmin>43.6534829353339</xmin>
        <ymin>21.366467739307357</ymin>
        <xmax>247.9328574070161</xmax>
        <ymax>216.90486387577508</ymax>
    </bndbox>
</object>
</annotation>