<annotation verified="yes">
    <folder>Annotation</folder>
    <filename>hand530</filename>
    <path>white_background-PascalVOC-export/Annotations/hand530.jpg</path>
    <source>
        <database>Unknown</database>
    </source>
    <size>
        <width>320</width>
        <height>240</height>
        <depth>3</depth>
    </size>
    <segmented>0</segmented>
    <object>
    <name>hand</name>
    <pose>Unspecified</pose>
    <truncated>0</truncated>
    <difficult>0</difficult>
    <bndbox>
        <xmin>78.76154044273035</xmin>
        <ymin>4.785381949337655</ymin>
        <xmax>216.99895657227387</xmax>
        <ymax>169.59453939719558</ymax>
    </bndbox>
</object>
</annotation>