<annotation verified="yes">
    <folder>Annotation</folder>
    <filename>hand1492</filename>
    <path>white_background-PascalVOC-export/Annotations/hand1492.jpg</path>
    <source>
        <database>Unknown</database>
    </source>
    <size>
        <width>320</width>
        <height>240</height>
        <depth>3</depth>
    </size>
    <segmented>0</segmented>
    <object>
    <name>hand</name>
    <pose>Unspecified</pose>
    <truncated>0</truncated>
    <difficult>0</difficult>
    <bndbox>
        <xmin>85.33260909763314</xmin>
        <ymin>72.29344106715051</ymin>
        <xmax>243.97159631234152</xmax>
        <ymax>240</ymax>
    </bndbox>
</object>
</annotation>