<annotation verified="yes">
    <folder>Annotation</folder>
    <filename>hand1520</filename>
    <path>white_background-PascalVOC-export/Annotations/hand1520.jpg</path>
    <source>
        <database>Unknown</database>
    </source>
    <size>
        <width>320</width>
        <height>240</height>
        <depth>3</depth>
    </size>
    <segmented>0</segmented>
    <object>
    <name>hand</name>
    <pose>Unspecified</pose>
    <truncated>0</truncated>
    <difficult>0</difficult>
    <bndbox>
        <xmin>52.8501591557481</xmin>
        <ymin>89.41431021878523</ymin>
        <xmax>210.42826764581577</xmax>
        <ymax>237.9705886238726</ymax>
    </bndbox>
</object>
</annotation>