<annotation verified="yes">
    <folder>Annotation</folder>
    <filename>hand1690</filename>
    <path>white_background-PascalVOC-export/Annotations/hand1690.jpg</path>
    <source>
        <database>Unknown</database>
    </source>
    <size>
        <width>320</width>
        <height>240</height>
        <depth>3</depth>
    </size>
    <segmented>0</segmented>
    <object>
    <name>hand</name>
    <pose>Unspecified</pose>
    <truncated>0</truncated>
    <difficult>0</difficult>
    <bndbox>
        <xmin>34.8742521000634</xmin>
        <ymin>98.48373258261697</ymin>
        <xmax>163.09980584319527</xmax>
        <ymax>240</ymax>
    </bndbox>
</object>
</annotation>