<annotation verified="yes">
    <folder>Annotation</folder>
    <filename>hand533</filename>
    <path>white_background-PascalVOC-export/Annotations/hand533.jpg</path>
    <source>
        <database>Unknown</database>
    </source>
    <size>
        <width>320</width>
        <height>240</height>
        <depth>3</depth>
    </size>
    <segmented>0</segmented>
    <object>
    <name>hand</name>
    <pose>Unspecified</pose>
    <truncated>0</truncated>
    <difficult>0</difficult>
    <bndbox>
        <xmin>58.85569658706679</xmin>
        <ymin>4.8610311377008175</ymin>
        <xmax>196.21285265215556</xmax>
        <ymax>171.90085083145433</ymax>
    </bndbox>
</object>
</annotation>