<annotation verified="yes">
    <folder>Annotation</folder>
    <filename>hand1268</filename>
    <path>white_background-PascalVOC-export/Annotations/hand1268.jpg</path>
    <source>
        <database>Unknown</database>
    </source>
    <size>
        <width>320</width>
        <height>240</height>
        <depth>3</depth>
    </size>
    <segmented>0</segmented>
    <object>
    <name>hand</name>
    <pose>Unspecified</pose>
    <truncated>0</truncated>
    <difficult>0</difficult>
    <bndbox>
        <xmin>85.6303492180896</xmin>
        <ymin>34.78103448465685</ymin>
        <xmax>257.78086696956893</xmax>
        <ymax>181.61266580644025</ymax>
    </bndbox>
</object>
</annotation>