<annotation verified="yes">
    <folder>Annotation</folder>
    <filename>hand323</filename>
    <path>white_background-PascalVOC-export/Annotations/hand323.jpg</path>
    <source>
        <database>Unknown</database>
    </source>
    <size>
        <width>320</width>
        <height>240</height>
        <depth>3</depth>
    </size>
    <segmented>0</segmented>
    <object>
    <name>hand</name>
    <pose>Unspecified</pose>
    <truncated>0</truncated>
    <difficult>0</difficult>
    <bndbox>
        <xmin>57.67054760143703</xmin>
        <ymin>17.107174431457864</ymin>
        <xmax>209.09944922865597</xmax>
        <ymax>177.66387973858514</ymax>
    </bndbox>
</object>
</annotation>