<annotation verified="yes">
    <folder>Annotation</folder>
    <filename>hand1536</filename>
    <path>white_background-PascalVOC-export/Annotations/hand1536.jpg</path>
    <source>
        <database>Unknown</database>
    </source>
    <size>
        <width>320</width>
        <height>240</height>
        <depth>3</depth>
    </size>
    <segmented>0</segmented>
    <object>
    <name>hand</name>
    <pose>Unspecified</pose>
    <truncated>0</truncated>
    <difficult>0</difficult>
    <bndbox>
        <xmin>77.25912008664413</xmin>
        <ymin>69.30412765554537</ymin>
        <xmax>247.02220255705834</xmax>
        <ymax>225.65579419743517</ymax>
    </bndbox>
</object>
</annotation>