<annotation verified="yes">
    <folder>Annotation</folder>
    <filename>hand1446</filename>
    <path>white_background-PascalVOC-export/Annotations/hand1446.jpg</path>
    <source>
        <database>Unknown</database>
    </source>
    <size>
        <width>320</width>
        <height>240</height>
        <depth>3</depth>
    </size>
    <segmented>0</segmented>
    <object>
    <name>hand</name>
    <pose>Unspecified</pose>
    <truncated>0</truncated>
    <difficult>0</difficult>
    <bndbox>
        <xmin>34.835825232459854</xmin>
        <ymin>1.8679771724386978</ymin>
        <xmax>177.86259113482674</xmax>
        <ymax>127.555736726677</ymax>
    </bndbox>
</object>
</annotation>