<annotation verified="yes">
    <folder>Annotation</folder>
    <filename>hand1490</filename>
    <path>white_background-PascalVOC-export/Annotations/hand1490.jpg</path>
    <source>
        <database>Unknown</database>
    </source>
    <size>
        <width>320</width>
        <height>240</height>
        <depth>3</depth>
    </size>
    <segmented>0</segmented>
    <object>
    <name>hand</name>
    <pose>Unspecified</pose>
    <truncated>0</truncated>
    <difficult>0</difficult>
    <bndbox>
        <xmin>79.51424476965343</xmin>
        <ymin>74.955534478051</ymin>
        <xmax>248.29320319103977</xmax>
        <ymax>240</ymax>
    </bndbox>
</object>
</annotation>