<annotation verified="yes">
    <folder>Annotation</folder>
    <filename>hand496</filename>
    <path>white_background-PascalVOC-export/Annotations/hand496.jpg</path>
    <source>
        <database>Unknown</database>
    </source>
    <size>
        <width>320</width>
        <height>240</height>
        <depth>3</depth>
    </size>
    <segmented>0</segmented>
    <object>
    <name>hand</name>
    <pose>Unspecified</pose>
    <truncated>0</truncated>
    <difficult>0</difficult>
    <bndbox>
        <xmin>20.374725935122573</xmin>
        <ymin>0.6332476593327226</ymin>
        <xmax>140.62008004015217</xmax>
        <ymax>154.08204225972378</ymax>
    </bndbox>
</object>
</annotation>