<annotation verified="yes">
    <folder>Annotation</folder>
    <filename>hand481</filename>
    <path>white_background-PascalVOC-export/Annotations/hand481.jpg</path>
    <source>
        <database>Unknown</database>
    </source>
    <size>
        <width>320</width>
        <height>240</height>
        <depth>3</depth>
    </size>
    <segmented>0</segmented>
    <object>
    <name>hand</name>
    <pose>Unspecified</pose>
    <truncated>0</truncated>
    <difficult>0</difficult>
    <bndbox>
        <xmin>100.5286150147929</xmin>
        <ymin>2.18134556440248</ymin>
        <xmax>252.27645551563822</xmax>
        <ymax>127.23520513317361</ymax>
    </bndbox>
</object>
</annotation>