<annotation verified="yes">
    <folder>Annotation</folder>
    <filename>hand871</filename>
    <path>white_background-PascalVOC-export/Annotations/hand871.jpg</path>
    <source>
        <database>Unknown</database>
    </source>
    <size>
        <width>320</width>
        <height>240</height>
        <depth>3</depth>
    </size>
    <segmented>0</segmented>
    <object>
    <name>hand</name>
    <pose>Unspecified</pose>
    <truncated>0</truncated>
    <difficult>0</difficult>
    <bndbox>
        <xmin>122.62615103725656</xmin>
        <ymin>131.63826625987585</ymin>
        <xmax>250.83599042125317</xmax>
        <ymax>240</ymax>
    </bndbox>
</object>
</annotation>