<annotation verified="yes">
    <folder>Annotation</folder>
    <filename>hand537</filename>
    <path>white_background-PascalVOC-export/Annotations/hand537.jpg</path>
    <source>
        <database>Unknown</database>
    </source>
    <size>
        <width>320</width>
        <height>240</height>
        <depth>3</depth>
    </size>
    <segmented>0</segmented>
    <object>
    <name>hand</name>
    <pose>Unspecified</pose>
    <truncated>0</truncated>
    <difficult>0</difficult>
    <bndbox>
        <xmin>42.3504447775782</xmin>
        <ymin>3.651094146350056</ymin>
        <xmax>175.25661387890958</xmax>
        <ymax>171.36650489712514</ymax>
    </bndbox>
</object>
</annotation>