<annotation verified="yes">
    <folder>Annotation</folder>
    <filename>hand522</filename>
    <path>white_background-PascalVOC-export/Annotations/hand522.jpg</path>
    <source>
        <database>Unknown</database>
    </source>
    <size>
        <width>320</width>
        <height>240</height>
        <depth>3</depth>
    </size>
    <segmented>0</segmented>
    <object>
    <name>hand</name>
    <pose>Unspecified</pose>
    <truncated>0</truncated>
    <difficult>0</difficult>
    <bndbox>
        <xmin>141.84410991652578</xmin>
        <ymin>33.75468188504087</ymin>
        <xmax>300.9816805790364</xmax>
        <ymax>174.4194902938275</ymax>
    </bndbox>
</object>
</annotation>