<annotation verified="yes">
    <folder>Annotation</folder>
    <filename>hand1623</filename>
    <path>white_background-PascalVOC-export/Annotations/hand1623.jpg</path>
    <source>
        <database>Unknown</database>
    </source>
    <size>
        <width>320</width>
        <height>240</height>
        <depth>3</depth>
    </size>
    <segmented>0</segmented>
    <object>
    <name>hand</name>
    <pose>Unspecified</pose>
    <truncated>0</truncated>
    <difficult>0</difficult>
    <bndbox>
        <xmin>63.421435835798825</xmin>
        <ymin>70.90224411199972</ymin>
        <xmax>242.5560677303466</xmax>
        <ymax>233.88286534667418</ymax>
    </bndbox>
</object>
</annotation>