<annotation verified="yes">
    <folder>Annotation</folder>
    <filename>hand1080</filename>
    <path>white_background-PascalVOC-export/Annotations/hand1080.jpg</path>
    <source>
        <database>Unknown</database>
    </source>
    <size>
        <width>320</width>
        <height>240</height>
        <depth>3</depth>
    </size>
    <segmented>0</segmented>
    <object>
    <name>hand</name>
    <pose>Unspecified</pose>
    <truncated>0</truncated>
    <difficult>0</difficult>
    <bndbox>
        <xmin>45.604412114327985</xmin>
        <ymin>21.7973786948633</ymin>
        <xmax>250.80578375950972</xmax>
        <ymax>218.29952063662626</ymax>
    </bndbox>
</object>
</annotation>