<annotation verified="yes">
    <folder>Annotation</folder>
    <filename>hand1086</filename>
    <path>white_background-PascalVOC-export/Annotations/hand1086.jpg</path>
    <source>
        <database>Unknown</database>
    </source>
    <size>
        <width>320</width>
        <height>240</height>
        <depth>3</depth>
    </size>
    <segmented>0</segmented>
    <object>
    <name>hand</name>
    <pose>Unspecified</pose>
    <truncated>0</truncated>
    <difficult>0</difficult>
    <bndbox>
        <xmin>27.013741216715978</xmin>
        <ymin>2.454100461527621</ymin>
        <xmax>229.16842772612006</xmax>
        <ymax>199.05163890748307</ymax>
    </bndbox>
</object>
</annotation>