<annotation verified="yes">
    <folder>Annotation</folder>
    <filename>hand245</filename>
    <path>white_background-PascalVOC-export/Annotations/hand245.jpg</path>
    <source>
        <database>Unknown</database>
    </source>
    <size>
        <width>320</width>
        <height>240</height>
        <depth>3</depth>
    </size>
    <segmented>0</segmented>
    <object>
    <name>hand</name>
    <pose>Unspecified</pose>
    <truncated>0</truncated>
    <difficult>0</difficult>
    <bndbox>
        <xmin>91.01262019230771</xmin>
        <ymin>1.5961016770011274</ymin>
        <xmax>257.1376730240913</xmax>
        <ymax>138.59223616297913</ymax>
    </bndbox>
</object>
</annotation>