<annotation verified="yes">
    <folder>Annotation</folder>
    <filename>hand293</filename>
    <path>white_background-PascalVOC-export/Annotations/hand293.jpg</path>
    <source>
        <database>Unknown</database>
    </source>
    <size>
        <width>320</width>
        <height>240</height>
        <depth>3</depth>
    </size>
    <segmented>0</segmented>
    <object>
    <name>hand</name>
    <pose>Unspecified</pose>
    <truncated>0</truncated>
    <difficult>0</difficult>
    <bndbox>
        <xmin>156.77460310122572</xmin>
        <ymin>53.92032868429396</ymin>
        <xmax>301.9309356508876</xmax>
        <ymax>204.86444277585963</ymax>
    </bndbox>
</object>
</annotation>