<annotation verified="yes">
    <folder>Annotation</folder>
    <filename>hand1494</filename>
    <path>white_background-PascalVOC-export/Annotations/hand1494.jpg</path>
    <source>
        <database>Unknown</database>
    </source>
    <size>
        <width>320</width>
        <height>240</height>
        <depth>3</depth>
    </size>
    <segmented>0</segmented>
    <object>
    <name>hand</name>
    <pose>Unspecified</pose>
    <truncated>0</truncated>
    <difficult>0</difficult>
    <bndbox>
        <xmin>45.84542410714286</xmin>
        <ymin>120.14673209378523</ymin>
        <xmax>229.13395498732038</xmax>
        <ymax>240</ymax>
    </bndbox>
</object>
</annotation>