<annotation verified="yes">
    <folder>Annotation</folder>
    <filename>hand130</filename>
    <path>white_background-PascalVOC-export/Annotations/hand130.jpg</path>
    <source>
        <database>Unknown</database>
    </source>
    <size>
        <width>320</width>
        <height>240</height>
        <depth>3</depth>
    </size>
    <segmented>0</segmented>
    <object>
    <name>hand</name>
    <pose>Unspecified</pose>
    <truncated>0</truncated>
    <difficult>0</difficult>
    <bndbox>
        <xmin>16.90673209002536</xmin>
        <ymin>1.99433852478509</ymin>
        <xmax>154.8807652683855</xmax>
        <ymax>132.70714795307214</ymax>
    </bndbox>
</object>
</annotation>