<annotation verified="yes">
    <folder>Annotation</folder>
    <filename>hand1440</filename>
    <path>white_background-PascalVOC-export/Annotations/hand1440.jpg</path>
    <source>
        <database>Unknown</database>
    </source>
    <size>
        <width>320</width>
        <height>240</height>
        <depth>3</depth>
    </size>
    <segmented>0</segmented>
    <object>
    <name>hand</name>
    <pose>Unspecified</pose>
    <truncated>0</truncated>
    <difficult>0</difficult>
    <bndbox>
        <xmin>98.47354118237533</xmin>
        <ymin>1.9070093956982805</ymin>
        <xmax>263.76489195900257</xmax>
        <ymax>114.66020689472943</ymax>
    </bndbox>
</object>
</annotation>