<annotation verified="yes">
    <folder>Annotation</folder>
    <filename>hand1309</filename>
    <path>white_background-PascalVOC-export/Annotations/hand1309.jpg</path>
    <source>
        <database>Unknown</database>
    </source>
    <size>
        <width>320</width>
        <height>240</height>
        <depth>3</depth>
    </size>
    <segmented>0</segmented>
    <object>
    <name>hand</name>
    <pose>Unspecified</pose>
    <truncated>0</truncated>
    <difficult>0</difficult>
    <bndbox>
        <xmin>83.60623150887575</xmin>
        <ymin>3.049376959730834</ymin>
        <xmax>258.21956889264584</xmax>
        <ymax>216.11850536393743</ymax>
    </bndbox>
</object>
</annotation>