<annotation verified="yes">
    <folder>Annotation</folder>
    <filename>hand495</filename>
    <path>white_background-PascalVOC-export/Annotations/hand495.jpg</path>
    <source>
        <database>Unknown</database>
    </source>
    <size>
        <width>320</width>
        <height>240</height>
        <depth>3</depth>
    </size>
    <segmented>0</segmented>
    <object>
    <name>hand</name>
    <pose>Unspecified</pose>
    <truncated>0</truncated>
    <difficult>0</difficult>
    <bndbox>
        <xmin>14.498411744505496</xmin>
        <ymin>6.098931451257751</ymin>
        <xmax>140.81534301035504</xmax>
        <ymax>154.34944643108793</ymax>
    </bndbox>
</object>
</annotation>