<annotation verified="yes">
    <folder>Annotation</folder>
    <filename>hand247</filename>
    <path>white_background-PascalVOC-export/Annotations/hand247.jpg</path>
    <source>
        <database>Unknown</database>
    </source>
    <size>
        <width>320</width>
        <height>240</height>
        <depth>3</depth>
    </size>
    <segmented>0</segmented>
    <object>
    <name>hand</name>
    <pose>Unspecified</pose>
    <truncated>0</truncated>
    <difficult>0</difficult>
    <bndbox>
        <xmin>93.44261807903635</xmin>
        <ymin>2.662927397477452</ymin>
        <xmax>257.579842032967</xmax>
        <ymax>141.93044496899662</ymax>
    </bndbox>
</object>
</annotation>