<annotation verified="yes">
    <folder>Annotation</folder>
    <filename>hand1810</filename>
    <path>white_background-PascalVOC-export/Annotations/hand1810.jpg</path>
    <source>
        <database>Unknown</database>
    </source>
    <size>
        <width>320</width>
        <height>240</height>
        <depth>3</depth>
    </size>
    <segmented>0</segmented>
    <object>
    <name>hand</name>
    <pose>Unspecified</pose>
    <truncated>0</truncated>
    <difficult>0</difficult>
    <bndbox>
        <xmin>85.51748732037194</xmin>
        <ymin>1.6015597475690528</ymin>
        <xmax>254.14313450972108</xmax>
        <ymax>169.83872406109074</ymax>
    </bndbox>
</object>
</annotation>