<annotation verified="yes">
    <folder>Annotation</folder>
    <filename>hand519</filename>
    <path>white_background-PascalVOC-export/Annotations/hand519.jpg</path>
    <source>
        <database>Unknown</database>
    </source>
    <size>
        <width>320</width>
        <height>240</height>
        <depth>3</depth>
    </size>
    <segmented>0</segmented>
    <object>
    <name>hand</name>
    <pose>Unspecified</pose>
    <truncated>0</truncated>
    <difficult>0</difficult>
    <bndbox>
        <xmin>145.19643517540155</xmin>
        <ymin>61.293661812112454</ymin>
        <xmax>294.96625369822493</xmax>
        <ymax>210.17109110766629</ymax>
    </bndbox>
</object>
</annotation>