<annotation verified="yes">
    <folder>Annotation</folder>
    <filename>hand269</filename>
    <path>white_background-PascalVOC-export/Annotations/hand269.jpg</path>
    <source>
        <database>Unknown</database>
    </source>
    <size>
        <width>320</width>
        <height>240</height>
        <depth>3</depth>
    </size>
    <segmented>0</segmented>
    <object>
    <name>hand</name>
    <pose>Unspecified</pose>
    <truncated>0</truncated>
    <difficult>0</difficult>
    <bndbox>
        <xmin>53.98028053677093</xmin>
        <ymin>50.0317795677142</ymin>
        <xmax>204.00114909129334</xmax>
        <ymax>231.75506006905297</ymax>
    </bndbox>
</object>
</annotation>