<annotation verified="yes">
    <folder>Annotation</folder>
    <filename>hand485</filename>
    <path>white_background-PascalVOC-export/Annotations/hand485.jpg</path>
    <source>
        <database>Unknown</database>
    </source>
    <size>
        <width>320</width>
        <height>240</height>
        <depth>3</depth>
    </size>
    <segmented>0</segmented>
    <object>
    <name>hand</name>
    <pose>Unspecified</pose>
    <truncated>0</truncated>
    <difficult>0</difficult>
    <bndbox>
        <xmin>42.21889363641167</xmin>
        <ymin>1.062106677617672</ymin>
        <xmax>173.1468921703297</xmax>
        <ymax>134.26832128135567</ymax>
    </bndbox>
</object>
</annotation>