<annotation verified="yes">
    <folder>Annotation</folder>
    <filename>hand721</filename>
    <path>white_background-PascalVOC-export/Annotations/hand721.jpg</path>
    <source>
        <database>Unknown</database>
    </source>
    <size>
        <width>320</width>
        <height>240</height>
        <depth>3</depth>
    </size>
    <segmented>0</segmented>
    <object>
    <name>hand</name>
    <pose>Unspecified</pose>
    <truncated>0</truncated>
    <difficult>0</difficult>
    <bndbox>
        <xmin>59.880001058425066</xmin>
        <ymin>40.44573299502681</ymin>
        <xmax>241.87695147121082</xmax>
        <ymax>209.96485036329008</ymax>
    </bndbox>
</object>
</annotation>