<annotation verified="yes">
    <folder>Annotation</folder>
    <filename>hand1493</filename>
    <path>white_background-PascalVOC-export/Annotations/hand1493.jpg</path>
    <source>
        <database>Unknown</database>
    </source>
    <size>
        <width>320</width>
        <height>240</height>
        <depth>3</depth>
    </size>
    <segmented>0</segmented>
    <object>
    <name>hand</name>
    <pose>Unspecified</pose>
    <truncated>0</truncated>
    <difficult>0</difficult>
    <bndbox>
        <xmin>64.63585693153001</xmin>
        <ymin>101.65678727452085</ymin>
        <xmax>221.69537193575658</xmax>
        <ymax>240</ymax>
    </bndbox>
</object>
</annotation>