<annotation verified="yes">
    <folder>Annotation</folder>
    <filename>hand696</filename>
    <path>white_background-PascalVOC-export/Annotations/hand696.jpg</path>
    <source>
        <database>Unknown</database>
    </source>
    <size>
        <width>320</width>
        <height>240</height>
        <depth>3</depth>
    </size>
    <segmented>0</segmented>
    <object>
    <name>hand</name>
    <pose>Unspecified</pose>
    <truncated>0</truncated>
    <difficult>0</difficult>
    <bndbox>
        <xmin>71.68846912044877</xmin>
        <ymin>43.68087183002963</ymin>
        <xmax>235.42254313082134</xmax>
        <ymax>198.10404689263544</ymax>
    </bndbox>
</object>
</annotation>