<annotation verified="yes">
    <folder>Annotation</folder>
    <filename>hand640</filename>
    <path>white_background-PascalVOC-export/Annotations/hand640.jpg</path>
    <source>
        <database>Unknown</database>
    </source>
    <size>
        <width>320</width>
        <height>240</height>
        <depth>3</depth>
    </size>
    <segmented>0</segmented>
    <object>
    <name>hand</name>
    <pose>Unspecified</pose>
    <truncated>0</truncated>
    <difficult>0</difficult>
    <bndbox>
        <xmin>76.7729355980558</xmin>
        <ymin>49.181848158293406</ymin>
        <xmax>218.2785753909552</xmax>
        <ymax>228.46165533399096</ymax>
    </bndbox>
</object>
</annotation>