<annotation verified="yes">
    <folder>Annotation</folder>
    <filename>hand253</filename>
    <path>white_background-PascalVOC-export/Annotations/hand253.jpg</path>
    <source>
        <database>Unknown</database>
    </source>
    <size>
        <width>320</width>
        <height>240</height>
        <depth>3</depth>
    </size>
    <segmented>0</segmented>
    <object>
    <name>hand</name>
    <pose>Unspecified</pose>
    <truncated>0</truncated>
    <difficult>0</difficult>
    <bndbox>
        <xmin>58.52513472104819</xmin>
        <ymin>14.70313793642545</ymin>
        <xmax>213.89726859678785</xmax>
        <ymax>176.0743178375141</ymax>
    </bndbox>
</object>
</annotation>