<annotation verified="yes">
    <folder>Annotation</folder>
    <filename>hand1246</filename>
    <path>white_background-PascalVOC-export/Annotations/hand1246.jpg</path>
    <source>
        <database>Unknown</database>
    </source>
    <size>
        <width>320</width>
        <height>240</height>
        <depth>3</depth>
    </size>
    <segmented>0</segmented>
    <object>
    <name>hand</name>
    <pose>Unspecified</pose>
    <truncated>0</truncated>
    <difficult>0</difficult>
    <bndbox>
        <xmin>82.2814745350803</xmin>
        <ymin>26.470436689684327</ymin>
        <xmax>247.6391787299239</xmax>
        <ymax>179.58553344313697</ymax>
    </bndbox>
</object>
</annotation>