<annotation verified="yes">
    <folder>Annotation</folder>
    <filename>hand1045</filename>
    <path>white_background-PascalVOC-export/Annotations/hand1045.jpg</path>
    <source>
        <database>Unknown</database>
    </source>
    <size>
        <width>320</width>
        <height>240</height>
        <depth>3</depth>
    </size>
    <segmented>0</segmented>
    <object>
    <name>hand</name>
    <pose>Unspecified</pose>
    <truncated>0</truncated>
    <difficult>0</difficult>
    <bndbox>
        <xmin>93.82815801986476</xmin>
        <ymin>22.677820801331734</ymin>
        <xmax>272.03458500633985</xmax>
        <ymax>206.08789282694474</ymax>
    </bndbox>
</object>
</annotation>