<annotation verified="yes">
    <folder>Annotation</folder>
    <filename>hand1108</filename>
    <path>white_background-PascalVOC-export/Annotations/hand1108.jpg</path>
    <source>
        <database>Unknown</database>
    </source>
    <size>
        <width>320</width>
        <height>240</height>
        <depth>3</depth>
    </size>
    <segmented>0</segmented>
    <object>
    <name>hand</name>
    <pose>Unspecified</pose>
    <truncated>0</truncated>
    <difficult>0</difficult>
    <bndbox>
        <xmin>32.94429053518597</xmin>
        <ymin>46.105833171857384</ymin>
        <xmax>169.1481205092984</xmax>
        <ymax>240</ymax>
    </bndbox>
</object>
</annotation>