<annotation verified="yes">
    <folder>Annotation</folder>
    <filename>hand1283</filename>
    <path>white_background-PascalVOC-export/Annotations/hand1283.jpg</path>
    <source>
        <database>Unknown</database>
    </source>
    <size>
        <width>320</width>
        <height>240</height>
        <depth>3</depth>
    </size>
    <segmented>0</segmented>
    <object>
    <name>hand</name>
    <pose>Unspecified</pose>
    <truncated>0</truncated>
    <difficult>0</difficult>
    <bndbox>
        <xmin>74.06768411876585</xmin>
        <ymin>41.40695462232243</ymin>
        <xmax>243.55439032121728</xmax>
        <ymax>198.37530056545938</ymax>
    </bndbox>
</object>
</annotation>