<annotation verified="yes">
    <folder>Annotation</folder>
    <filename>hand137</filename>
    <path>white_background-PascalVOC-export/Annotations/hand137.jpg</path>
    <source>
        <database>Unknown</database>
    </source>
    <size>
        <width>320</width>
        <height>240</height>
        <depth>3</depth>
    </size>
    <segmented>0</segmented>
    <object>
    <name>hand</name>
    <pose>Unspecified</pose>
    <truncated>0</truncated>
    <difficult>0</difficult>
    <bndbox>
        <xmin>28.19875812288673</xmin>
        <ymin>1.1469957766699548</ymin>
        <xmax>157.7634820107777</xmax>
        <ymax>123.23038507609921</ymax>
    </bndbox>
</object>
</annotation>