<annotation verified="yes">
    <folder>Annotation</folder>
    <filename>hand1336</filename>
    <path>white_background-PascalVOC-export/Annotations/hand1336.jpg</path>
    <source>
        <database>Unknown</database>
    </source>
    <size>
        <width>320</width>
        <height>240</height>
        <depth>3</depth>
    </size>
    <segmented>0</segmented>
    <object>
    <name>hand</name>
    <pose>Unspecified</pose>
    <truncated>0</truncated>
    <difficult>0</difficult>
    <bndbox>
        <xmin>64.76237254332207</xmin>
        <ymin>4.081398190882187</ymin>
        <xmax>235.44124445266274</xmax>
        <ymax>204.0289533716178</ymax>
    </bndbox>
</object>
</annotation>