<annotation verified="yes">
    <folder>Annotation</folder>
    <filename>hand1285</filename>
    <path>white_background-PascalVOC-export/Annotations/hand1285.jpg</path>
    <source>
        <database>Unknown</database>
    </source>
    <size>
        <width>320</width>
        <height>240</height>
        <depth>3</depth>
    </size>
    <segmented>0</segmented>
    <object>
    <name>hand</name>
    <pose>Unspecified</pose>
    <truncated>0</truncated>
    <difficult>0</difficult>
    <bndbox>
        <xmin>75.78988469463229</xmin>
        <ymin>40.81363510252255</ymin>
        <xmax>245.40439428360102</xmax>
        <ymax>196.33000215790585</ymax>
    </bndbox>
</object>
</annotation>