<annotation verified="yes">
    <folder>Annotation</folder>
    <filename>hand478</filename>
    <path>white_background-PascalVOC-export/Annotations/hand478.jpg</path>
    <source>
        <database>Unknown</database>
    </source>
    <size>
        <width>320</width>
        <height>240</height>
        <depth>3</depth>
    </size>
    <segmented>0</segmented>
    <object>
    <name>hand</name>
    <pose>Unspecified</pose>
    <truncated>0</truncated>
    <difficult>0</difficult>
    <bndbox>
        <xmin>114.81361937341505</xmin>
        <ymin>0.782027561742531</ymin>
        <xmax>271.1225763419273</xmax>
        <ymax>116.07971810703214</ymax>
    </bndbox>
</object>
</annotation>