<annotation verified="yes">
    <folder>Annotation</folder>
    <filename>hand309</filename>
    <path>white_background-PascalVOC-export/Annotations/hand309.jpg</path>
    <source>
        <database>Unknown</database>
    </source>
    <size>
        <width>320</width>
        <height>240</height>
        <depth>3</depth>
    </size>
    <segmented>0</segmented>
    <object>
    <name>hand</name>
    <pose>Unspecified</pose>
    <truncated>0</truncated>
    <difficult>0</difficult>
    <bndbox>
        <xmin>99.49763577768387</xmin>
        <ymin>49.186794276705186</ymin>
        <xmax>256.6963625316991</xmax>
        <ymax>205.5242169884442</ymax>
    </bndbox>
</object>
</annotation>