<annotation verified="yes">
    <folder>Annotation</folder>
    <filename>hand682</filename>
    <path>white_background-PascalVOC-export/Annotations/hand682.jpg</path>
    <source>
        <database>Unknown</database>
    </source>
    <size>
        <width>320</width>
        <height>240</height>
        <depth>3</depth>
    </size>
    <segmented>0</segmented>
    <object>
    <name>hand</name>
    <pose>Unspecified</pose>
    <truncated>0</truncated>
    <difficult>0</difficult>
    <bndbox>
        <xmin>73.66952661939034</xmin>
        <ymin>38.92501521056716</ymin>
        <xmax>213.20243040855206</xmax>
        <ymax>173.14024914468115</ymax>
    </bndbox>
</object>
</annotation>