<annotation verified="yes">
    <folder>Annotation</folder>
    <filename>hand900</filename>
    <path>white_background-PascalVOC-export/Annotations/hand900.jpg</path>
    <source>
        <database>Unknown</database>
    </source>
    <size>
        <width>320</width>
        <height>240</height>
        <depth>3</depth>
    </size>
    <segmented>0</segmented>
    <object>
    <name>hand</name>
    <pose>Unspecified</pose>
    <truncated>0</truncated>
    <difficult>0</difficult>
    <bndbox>
        <xmin>123.32585269369179</xmin>
        <ymin>12.323560176530757</ymin>
        <xmax>281.19635107959357</xmax>
        <ymax>140.6320596871473</ymax>
    </bndbox>
</object>
</annotation>