<annotation verified="yes">
    <folder>Annotation</folder>
    <filename>hand709</filename>
    <path>white_background-PascalVOC-export/Annotations/hand709.jpg</path>
    <source>
        <database>Unknown</database>
    </source>
    <size>
        <width>320</width>
        <height>240</height>
        <depth>3</depth>
    </size>
    <segmented>0</segmented>
    <object>
    <name>hand</name>
    <pose>Unspecified</pose>
    <truncated>0</truncated>
    <difficult>0</difficult>
    <bndbox>
        <xmin>75.91074169136326</xmin>
        <ymin>37.5312353956511</ymin>
        <xmax>254.99745316469094</xmax>
        <ymax>188.56583089376414</ymax>
    </bndbox>
</object>
</annotation>