<annotation verified="yes">
    <folder>Annotation</folder>
    <filename>hand67</filename>
    <path>white_background-PascalVOC-export/Annotations/hand67.jpg</path>
    <source>
        <database>Unknown</database>
    </source>
    <size>
        <width>320</width>
        <height>240</height>
        <depth>3</depth>
    </size>
    <segmented>0</segmented>
    <object>
    <name>hand</name>
    <pose>Unspecified</pose>
    <truncated>0</truncated>
    <difficult>0</difficult>
    <bndbox>
        <xmin>1.2746410740701608</xmin>
        <ymin>0.5396966600901917</ymin>
        <xmax>64.06289623837702</xmax>
        <ymax>113.23055572681791</ymax>
    </bndbox>
</object>
</annotation>