<annotation verified="yes">
    <folder>Annotation</folder>
    <filename>hand1287</filename>
    <path>white_background-PascalVOC-export/Annotations/hand1287.jpg</path>
    <source>
        <database>Unknown</database>
    </source>
    <size>
        <width>320</width>
        <height>240</height>
        <depth>3</depth>
    </size>
    <segmented>0</segmented>
    <object>
    <name>hand</name>
    <pose>Unspecified</pose>
    <truncated>0</truncated>
    <difficult>0</difficult>
    <bndbox>
        <xmin>74.1476582311919</xmin>
        <ymin>41.225723559047346</ymin>
        <xmax>247.99807163989857</xmax>
        <ymax>194.20180053022827</ymax>
    </bndbox>
</object>
</annotation>