<annotation verified="yes">
    <folder>Annotation</folder>
    <filename>hand1333</filename>
    <path>white_background-PascalVOC-export/Annotations/hand1333.jpg</path>
    <source>
        <database>Unknown</database>
    </source>
    <size>
        <width>320</width>
        <height>240</height>
        <depth>3</depth>
    </size>
    <segmented>0</segmented>
    <object>
    <name>hand</name>
    <pose>Unspecified</pose>
    <truncated>0</truncated>
    <difficult>0</difficult>
    <bndbox>
        <xmin>71.67656712278107</xmin>
        <ymin>4.152452195779312</ymin>
        <xmax>239.0320556846999</xmax>
        <ymax>200.9019330873027</ymax>
    </bndbox>
</object>
</annotation>