<annotation verified="yes">
    <folder>Annotation</folder>
    <filename>hand656</filename>
    <path>white_background-PascalVOC-export/Annotations/hand656.jpg</path>
    <source>
        <database>Unknown</database>
    </source>
    <size>
        <width>320</width>
        <height>240</height>
        <depth>3</depth>
    </size>
    <segmented>0</segmented>
    <object>
    <name>hand</name>
    <pose>Unspecified</pose>
    <truncated>0</truncated>
    <difficult>0</difficult>
    <bndbox>
        <xmin>57.500528317836014</xmin>
        <ymin>40.46167625246618</ymin>
        <xmax>223.0175863799662</xmax>
        <ymax>212.57947919602594</ymax>
    </bndbox>
</object>
</annotation>