<annotation verified="yes">
    <folder>Annotation</folder>
    <filename>hand268</filename>
    <path>white_background-PascalVOC-export/Annotations/hand268.jpg</path>
    <source>
        <database>Unknown</database>
    </source>
    <size>
        <width>320</width>
        <height>240</height>
        <depth>3</depth>
    </size>
    <segmented>0</segmented>
    <object>
    <name>hand</name>
    <pose>Unspecified</pose>
    <truncated>0</truncated>
    <difficult>0</difficult>
    <bndbox>
        <xmin>48.89535344463229</xmin>
        <ymin>47.264455216847516</ymin>
        <xmax>197.52159499154692</xmax>
        <ymax>230.32986783927564</ymax>
    </bndbox>
</object>
</annotation>