<annotation verified="yes">
    <folder>Annotation</folder>
    <filename>hand668</filename>
    <path>white_background-PascalVOC-export/Annotations/hand668.jpg</path>
    <source>
        <database>Unknown</database>
    </source>
    <size>
        <width>320</width>
        <height>240</height>
        <depth>3</depth>
    </size>
    <segmented>0</segmented>
    <object>
    <name>hand</name>
    <pose>Unspecified</pose>
    <truncated>0</truncated>
    <difficult>0</difficult>
    <bndbox>
        <xmin>68.94456955304312</xmin>
        <ymin>41.81985229354566</ymin>
        <xmax>222.13866362003384</xmax>
        <ymax>211.41082454023393</ymax>
    </bndbox>
</object>
</annotation>