<annotation verified="yes">
    <folder>Annotation</folder>
    <filename>hand1250</filename>
    <path>white_background-PascalVOC-export/Annotations/hand1250.jpg</path>
    <source>
        <database>Unknown</database>
    </source>
    <size>
        <width>320</width>
        <height>240</height>
        <depth>3</depth>
    </size>
    <segmented>0</segmented>
    <object>
    <name>hand</name>
    <pose>Unspecified</pose>
    <truncated>0</truncated>
    <difficult>0</difficult>
    <bndbox>
        <xmin>85.4102222897295</xmin>
        <ymin>37.60530525560175</ymin>
        <xmax>252.56230848478447</xmax>
        <ymax>184.8173211580468</ymax>
    </bndbox>
</object>
</annotation>