<annotation verified="yes">
    <folder>Annotation</folder>
    <filename>hand292</filename>
    <path>white_background-PascalVOC-export/Annotations/hand292.jpg</path>
    <source>
        <database>Unknown</database>
    </source>
    <size>
        <width>320</width>
        <height>240</height>
        <depth>3</depth>
    </size>
    <segmented>0</segmented>
    <object>
    <name>hand</name>
    <pose>Unspecified</pose>
    <truncated>0</truncated>
    <difficult>0</difficult>
    <bndbox>
        <xmin>154.97298975063399</xmin>
        <ymin>32.391790929749156</ymin>
        <xmax>304.59144521344047</xmax>
        <ymax>181.29383521526213</ymax>
    </bndbox>
</object>
</annotation>