<annotation verified="yes">
    <folder>Annotation</folder>
    <filename>hand1804</filename>
    <path>white_background-PascalVOC-export/Annotations/hand1804.jpg</path>
    <source>
        <database>Unknown</database>
    </source>
    <size>
        <width>320</width>
        <height>240</height>
        <depth>3</depth>
    </size>
    <segmented>0</segmented>
    <object>
    <name>hand</name>
    <pose>Unspecified</pose>
    <truncated>0</truncated>
    <difficult>0</difficult>
    <bndbox>
        <xmin>62.75920593829248</xmin>
        <ymin>59.06210364994363</ymin>
        <xmax>249.11671861792058</xmax>
        <ymax>239.99999999999997</ymax>
    </bndbox>
</object>
</annotation>