<annotation verified="yes">
    <folder>Annotation</folder>
    <filename>hand1451</filename>
    <path>white_background-PascalVOC-export/Annotations/hand1451.jpg</path>
    <source>
        <database>Unknown</database>
    </source>
    <size>
        <width>320</width>
        <height>240</height>
        <depth>3</depth>
    </size>
    <segmented>0</segmented>
    <object>
    <name>hand</name>
    <pose>Unspecified</pose>
    <truncated>0</truncated>
    <difficult>0</difficult>
    <bndbox>
        <xmin>14.689538976648352</xmin>
        <ymin>2.2071413472378802</ymin>
        <xmax>154.15992511094674</xmax>
        <ymax>137.7461609093151</ymax>
    </bndbox>
</object>
</annotation>