<annotation verified="yes">
    <folder>Annotation</folder>
    <filename>hand1691</filename>
    <path>white_background-PascalVOC-export/Annotations/hand1691.jpg</path>
    <source>
        <database>Unknown</database>
    </source>
    <size>
        <width>320</width>
        <height>240</height>
        <depth>3</depth>
    </size>
    <segmented>0</segmented>
    <object>
    <name>hand</name>
    <pose>Unspecified</pose>
    <truncated>0</truncated>
    <difficult>0</difficult>
    <bndbox>
        <xmin>38.20665812552832</xmin>
        <ymin>101.34513227082158</ymin>
        <xmax>184.4602242709214</xmax>
        <ymax>239.99999999999997</ymax>
    </bndbox>
</object>
</annotation>