<annotation verified="yes">
    <folder>Annotation</folder>
    <filename>hand454</filename>
    <path>white_background-PascalVOC-export/Annotations/hand454.jpg</path>
    <source>
        <database>Unknown</database>
    </source>
    <size>
        <width>320</width>
        <height>240</height>
        <depth>3</depth>
    </size>
    <segmented>0</segmented>
    <object>
    <name>hand</name>
    <pose>Unspecified</pose>
    <truncated>0</truncated>
    <difficult>0</difficult>
    <bndbox>
        <xmin>161.69994518702453</xmin>
        <ymin>79.04290269165728</ymin>
        <xmax>314.9956083579882</xmax>
        <ymax>221.42525278325817</ymax>
    </bndbox>
</object>
</annotation>