<annotation verified="yes">
    <folder>Annotation</folder>
    <filename>hand256</filename>
    <path>white_background-PascalVOC-export/Annotations/hand256.jpg</path>
    <source>
        <database>Unknown</database>
    </source>
    <size>
        <width>320</width>
        <height>240</height>
        <depth>3</depth>
    </size>
    <segmented>0</segmented>
    <object>
    <name>hand</name>
    <pose>Unspecified</pose>
    <truncated>0</truncated>
    <difficult>0</difficult>
    <bndbox>
        <xmin>65.04708632713441</xmin>
        <ymin>17.33079017888599</ymin>
        <xmax>214.2588361158073</xmax>
        <ymax>181.99241870419954</ymax>
    </bndbox>
</object>
</annotation>