<annotation verified="yes">
    <folder>Annotation</folder>
    <filename>hand1480</filename>
    <path>white_background-PascalVOC-export/Annotations/hand1480.jpg</path>
    <source>
        <database>Unknown</database>
    </source>
    <size>
        <width>320</width>
        <height>240</height>
        <depth>3</depth>
    </size>
    <segmented>0</segmented>
    <object>
    <name>hand</name>
    <pose>Unspecified</pose>
    <truncated>0</truncated>
    <difficult>0</difficult>
    <bndbox>
        <xmin>25.57427323277684</xmin>
        <ymin>93.24182968397689</ymin>
        <xmax>157.15890479712598</xmax>
        <ymax>240</ymax>
    </bndbox>
</object>
</annotation>