<annotation verified="yes">
    <folder>Annotation</folder>
    <filename>hand1508</filename>
    <path>white_background-PascalVOC-export/Annotations/hand1508.jpg</path>
    <source>
        <database>Unknown</database>
    </source>
    <size>
        <width>320</width>
        <height>240</height>
        <depth>3</depth>
    </size>
    <segmented>0</segmented>
    <object>
    <name>hand</name>
    <pose>Unspecified</pose>
    <truncated>0</truncated>
    <difficult>0</difficult>
    <bndbox>
        <xmin>48.710458711961124</xmin>
        <ymin>87.97473378487881</ymin>
        <xmax>205.11622992392228</xmax>
        <ymax>240</ymax>
    </bndbox>
</object>
</annotation>