<annotation verified="yes">
    <folder>Annotation</folder>
    <filename>hand1179</filename>
    <path>white_background-PascalVOC-export/Annotations/hand1179.jpg</path>
    <source>
        <database>Unknown</database>
    </source>
    <size>
        <width>320</width>
        <height>240</height>
        <depth>3</depth>
    </size>
    <segmented>0</segmented>
    <object>
    <name>hand</name>
    <pose>Unspecified</pose>
    <truncated>0</truncated>
    <difficult>0</difficult>
    <bndbox>
        <xmin>107.48781566990702</xmin>
        <ymin>1.0405840438275085</ymin>
        <xmax>251.1129675612849</xmax>
        <ymax>150.25551366967306</ymax>
    </bndbox>
</object>
</annotation>