<annotation verified="yes">
    <folder>Annotation</folder>
    <filename>hand1240</filename>
    <path>white_background-PascalVOC-export/Annotations/hand1240.jpg</path>
    <source>
        <database>Unknown</database>
    </source>
    <size>
        <width>320</width>
        <height>240</height>
        <depth>3</depth>
    </size>
    <segmented>0</segmented>
    <object>
    <name>hand</name>
    <pose>Unspecified</pose>
    <truncated>0</truncated>
    <difficult>0</difficult>
    <bndbox>
        <xmin>77.68505983199493</xmin>
        <ymin>34.07664611885217</ymin>
        <xmax>256.19313979289944</xmax>
        <ymax>161.04604486682638</ymax>
    </bndbox>
</object>
</annotation>