<annotation verified="yes">
    <folder>Annotation</folder>
    <filename>hand1308</filename>
    <path>white_background-PascalVOC-export/Annotations/hand1308.jpg</path>
    <source>
        <database>Unknown</database>
    </source>
    <size>
        <width>320</width>
        <height>240</height>
        <depth>3</depth>
    </size>
    <segmented>0</segmented>
    <object>
    <name>hand</name>
    <pose>Unspecified</pose>
    <truncated>0</truncated>
    <difficult>0</difficult>
    <bndbox>
        <xmin>92.02157517962807</xmin>
        <ymin>1.5049783218538613</ymin>
        <xmax>263.65453957100596</xmax>
        <ymax>208.80614408645715</ymax>
    </bndbox>
</object>
</annotation>