<annotation verified="yes">
    <folder>Annotation</folder>
    <filename>hand73</filename>
    <path>white_background-PascalVOC-export/Annotations/hand73.jpg</path>
    <source>
        <database>Unknown</database>
    </source>
    <size>
        <width>320</width>
        <height>240</height>
        <depth>3</depth>
    </size>
    <segmented>0</segmented>
    <object>
    <name>hand</name>
    <pose>Unspecified</pose>
    <truncated>0</truncated>
    <difficult>0</difficult>
    <bndbox>
        <xmin>0.15036251058425062</xmin>
        <ymin>1.3961729992593117</ymin>
        <xmax>62.38213444644369</xmax>
        <ymax>114.05528049167607</ymax>
    </bndbox>
</object>
</annotation>