<annotation verified="yes">
    <folder>Annotation</folder>
    <filename>hand720</filename>
    <path>white_background-PascalVOC-export/Annotations/hand720.jpg</path>
    <source>
        <database>Unknown</database>
    </source>
    <size>
        <width>320</width>
        <height>240</height>
        <depth>3</depth>
    </size>
    <segmented>0</segmented>
    <object>
    <name>hand</name>
    <pose>Unspecified</pose>
    <truncated>0</truncated>
    <difficult>0</difficult>
    <bndbox>
        <xmin>62.04911092294665</xmin>
        <ymin>39.10268124823646</ymin>
        <xmax>241.68603805038103</xmax>
        <ymax>205.0224410976298</ymax>
    </bndbox>
</object>
</annotation>