<annotation verified="yes">
    <folder>Annotation</folder>
    <filename>hand1057</filename>
    <path>white_background-PascalVOC-export/Annotations/hand1057.jpg</path>
    <source>
        <database>Unknown</database>
    </source>
    <size>
        <width>320</width>
        <height>240</height>
        <depth>3</depth>
    </size>
    <segmented>0</segmented>
    <object>
    <name>hand</name>
    <pose>Unspecified</pose>
    <truncated>0</truncated>
    <difficult>0</difficult>
    <bndbox>
        <xmin>89.63207615701607</xmin>
        <ymin>17.330261712144164</ymin>
        <xmax>225.6562698119189</xmax>
        <ymax>195.70086250176155</ymax>
    </bndbox>
</object>
</annotation>