<annotation verified="yes">
    <folder>Annotation</folder>
    <filename>hand282</filename>
    <path>white_background-PascalVOC-export/Annotations/hand282.jpg</path>
    <source>
        <database>Unknown</database>
    </source>
    <size>
        <width>320</width>
        <height>240</height>
        <depth>3</depth>
    </size>
    <segmented>0</segmented>
    <object>
    <name>hand</name>
    <pose>Unspecified</pose>
    <truncated>0</truncated>
    <difficult>0</difficult>
    <bndbox>
        <xmin>160.7738865701606</xmin>
        <ymin>32.293553916819334</ymin>
        <xmax>310.3014053254438</xmax>
        <ymax>173.8121168616122</ymax>
    </bndbox>
</object>
</annotation>