<annotation verified="yes">
    <folder>Annotation</folder>
    <filename>hand1242</filename>
    <path>white_background-PascalVOC-export/Annotations/hand1242.jpg</path>
    <source>
        <database>Unknown</database>
    </source>
    <size>
        <width>320</width>
        <height>240</height>
        <depth>3</depth>
    </size>
    <segmented>0</segmented>
    <object>
    <name>hand</name>
    <pose>Unspecified</pose>
    <truncated>0</truncated>
    <difficult>0</difficult>
    <bndbox>
        <xmin>72.56108674978869</xmin>
        <ymin>17.448724963888104</ymin>
        <xmax>251.29124181107358</xmax>
        <ymax>159.21428005214204</ymax>
    </bndbox>
</object>
</annotation>