<annotation verified="yes">
    <folder>Annotation</folder>
    <filename>hand1453</filename>
    <path>white_background-PascalVOC-export/Annotations/hand1453.jpg</path>
    <source>
        <database>Unknown</database>
    </source>
    <size>
        <width>320</width>
        <height>240</height>
        <depth>3</depth>
    </size>
    <segmented>0</segmented>
    <object>
    <name>hand</name>
    <pose>Unspecified</pose>
    <truncated>0</truncated>
    <difficult>0</difficult>
    <bndbox>
        <xmin>3.349931318681319</xmin>
        <ymin>0.9490478240381904</ymin>
        <xmax>142.06552461961115</xmax>
        <ymax>143.38078891276774</ymax>
    </bndbox>
</object>
</annotation>