<annotation verified="yes">
    <folder>Annotation</folder>
    <filename>hand1127</filename>
    <path>white_background-PascalVOC-export/Annotations/hand1127.jpg</path>
    <source>
        <database>Unknown</database>
    </source>
    <size>
        <width>320</width>
        <height>240</height>
        <depth>3</depth>
    </size>
    <segmented>0</segmented>
    <object>
    <name>hand</name>
    <pose>Unspecified</pose>
    <truncated>0</truncated>
    <difficult>0</difficult>
    <bndbox>
        <xmin>101.85510553148775</xmin>
        <ymin>22.248730578847237</ymin>
        <xmax>267.0624537721894</xmax>
        <ymax>185.93628342552142</ymax>
    </bndbox>
</object>
</annotation>