<annotation verified="yes">
    <folder>Annotation</folder>
    <filename>hand1126</filename>
    <path>white_background-PascalVOC-export/Annotations/hand1126.jpg</path>
    <source>
        <database>Unknown</database>
    </source>
    <size>
        <width>320</width>
        <height>240</height>
        <depth>3</depth>
    </size>
    <segmented>0</segmented>
    <object>
    <name>hand</name>
    <pose>Unspecified</pose>
    <truncated>0</truncated>
    <difficult>0</difficult>
    <bndbox>
        <xmin>100.7991137468301</xmin>
        <ymin>24.20544474880214</ymin>
        <xmax>266.03527181952666</xmax>
        <ymax>184.9714352716319</ymax>
    </bndbox>
</object>
</annotation>