<annotation verified="yes">
    <folder>Annotation</folder>
    <filename>hand321</filename>
    <path>white_background-PascalVOC-export/Annotations/hand321.jpg</path>
    <source>
        <database>Unknown</database>
    </source>
    <size>
        <width>320</width>
        <height>240</height>
        <depth>3</depth>
    </size>
    <segmented>0</segmented>
    <object>
    <name>hand</name>
    <pose>Unspecified</pose>
    <truncated>0</truncated>
    <difficult>0</difficult>
    <bndbox>
        <xmin>61.09728312552832</xmin>
        <ymin>22.418104169602593</ymin>
        <xmax>213.43003751056636</xmax>
        <ymax>182.58020583779594</ymax>
    </bndbox>
</object>
</annotation>