<annotation verified="yes">
    <folder>Annotation</folder>
    <filename>hand1727</filename>
    <path>white_background-PascalVOC-export/Annotations/hand1727.jpg</path>
    <source>
        <database>Unknown</database>
    </source>
    <size>
        <width>320</width>
        <height>240</height>
        <depth>3</depth>
    </size>
    <segmented>0</segmented>
    <object>
    <name>hand</name>
    <pose>Unspecified</pose>
    <truncated>0</truncated>
    <difficult>0</difficult>
    <bndbox>
        <xmin>211.2306173393914</xmin>
        <ymin>66.24397492865698</ymin>
        <xmax>319.48353629543533</xmax>
        <ymax>194.05237655897687</ymax>
    </bndbox>
</object>
</annotation>