<annotation verified="yes">
    <folder>Annotation</folder>
    <filename>hand1695</filename>
    <path>white_background-PascalVOC-export/Annotations/hand1695.jpg</path>
    <source>
        <database>Unknown</database>
    </source>
    <size>
        <width>320</width>
        <height>240</height>
        <depth>3</depth>
    </size>
    <segmented>0</segmented>
    <object>
    <name>hand</name>
    <pose>Unspecified</pose>
    <truncated>0</truncated>
    <difficult>0</difficult>
    <bndbox>
        <xmin>71.87615569526628</xmin>
        <ymin>113.00450407800169</ymin>
        <xmax>214.0085455409975</xmax>
        <ymax>240</ymax>
    </bndbox>
</object>
</annotation>