<annotation verified="yes">
    <folder>Annotation</folder>
    <filename>hand1145</filename>
    <path>white_background-PascalVOC-export/Annotations/hand1145.jpg</path>
    <source>
        <database>Unknown</database>
    </source>
    <size>
        <width>320</width>
        <height>240</height>
        <depth>3</depth>
    </size>
    <segmented>0</segmented>
    <object>
    <name>hand</name>
    <pose>Unspecified</pose>
    <truncated>0</truncated>
    <difficult>0</difficult>
    <bndbox>
        <xmin>69.0909301035503</xmin>
        <ymin>67.80165542206876</ymin>
        <xmax>215.2425639264582</xmax>
        <ymax>234.16647032659242</ymax>
    </bndbox>
</object>
</annotation>