<annotation verified="yes">
    <folder>Annotation</folder>
    <filename>hand1135</filename>
    <path>white_background-PascalVOC-export/Annotations/hand1135.jpg</path>
    <source>
        <database>Unknown</database>
    </source>
    <size>
        <width>320</width>
        <height>240</height>
        <depth>3</depth>
    </size>
    <segmented>0</segmented>
    <object>
    <name>hand</name>
    <pose>Unspecified</pose>
    <truncated>0</truncated>
    <difficult>0</difficult>
    <bndbox>
        <xmin>83.10502298182587</xmin>
        <ymin>28.895929760164176</ymin>
        <xmax>241.59436416948438</xmax>
        <ymax>203.1865278413895</ymax>
    </bndbox>
</object>
</annotation>