<annotation verified="yes">
    <folder>Annotation</folder>
    <filename>hand487</filename>
    <path>white_background-PascalVOC-export/Annotations/hand487.jpg</path>
    <source>
        <database>Unknown</database>
    </source>
    <size>
        <width>320</width>
        <height>240</height>
        <depth>3</depth>
    </size>
    <segmented>0</segmented>
    <object>
    <name>hand</name>
    <pose>Unspecified</pose>
    <truncated>0</truncated>
    <difficult>0</difficult>
    <bndbox>
        <xmin>37.807951513630606</xmin>
        <ymin>0.8675194431722096</ymin>
        <xmax>173.98875013207947</xmax>
        <ymax>138.02476196977167</ymax>
    </bndbox>
</object>
</annotation>