<annotation verified="yes">
    <folder>Annotation</folder>
    <filename>hand1526</filename>
    <path>white_background-PascalVOC-export/Annotations/hand1526.jpg</path>
    <source>
        <database>Unknown</database>
    </source>
    <size>
        <width>320</width>
        <height>240</height>
        <depth>3</depth>
    </size>
    <segmented>0</segmented>
    <object>
    <name>hand</name>
    <pose>Unspecified</pose>
    <truncated>0</truncated>
    <difficult>0</difficult>
    <bndbox>
        <xmin>53.72442611475064</xmin>
        <ymin>91.40849598365276</ymin>
        <xmax>207.2430394125106</xmax>
        <ymax>240</ymax>
    </bndbox>
</object>
</annotation>