<annotation verified="yes">
    <folder>Annotation</folder>
    <filename>hand877</filename>
    <path>white_background-PascalVOC-export/Annotations/hand877.jpg</path>
    <source>
        <database>Unknown</database>
    </source>
    <size>
        <width>320</width>
        <height>240</height>
        <depth>3</depth>
    </size>
    <segmented>0</segmented>
    <object>
    <name>hand</name>
    <pose>Unspecified</pose>
    <truncated>0</truncated>
    <difficult>0</difficult>
    <bndbox>
        <xmin>167.93226741109228</xmin>
        <ymin>121.04113025536118</ymin>
        <xmax>306.2467254974598</xmax>
        <ymax>240</ymax>
    </bndbox>
</object>
</annotation>