<annotation verified="yes">
    <folder>Annotation</folder>
    <filename>hand1679</filename>
    <path>white_background-PascalVOC-export/Annotations/hand1679.jpg</path>
    <source>
        <database>Unknown</database>
    </source>
    <size>
        <width>320</width>
        <height>240</height>
        <depth>3</depth>
    </size>
    <segmented>0</segmented>
    <object>
    <name>hand</name>
    <pose>Unspecified</pose>
    <truncated>0</truncated>
    <difficult>0</difficult>
    <bndbox>
        <xmin>1.644570873837701</xmin>
        <ymin>3.4134079719208</ymin>
        <xmax>88.77286625633982</xmax>
        <ymax>178.65407778149662</ymax>
    </bndbox>
</object>
</annotation>