<annotation verified="yes">
    <folder>Annotation</folder>
    <filename>hand526</filename>
    <path>white_background-PascalVOC-export/Annotations/hand526.jpg</path>
    <source>
        <database>Unknown</database>
    </source>
    <size>
        <width>320</width>
        <height>240</height>
        <depth>3</depth>
    </size>
    <segmented>0</segmented>
    <object>
    <name>hand</name>
    <pose>Unspecified</pose>
    <truncated>0</truncated>
    <difficult>0</difficult>
    <bndbox>
        <xmin>98.73467878275572</xmin>
        <ymin>3.6283453045729988</ymin>
        <xmax>254.85078323119194</xmax>
        <ymax>147.86948633032694</ymax>
    </bndbox>
</object>
</annotation>