<annotation verified="yes">
    <folder>Annotation</folder>
    <filename>hand131</filename>
    <path>white_background-PascalVOC-export/Annotations/hand131.jpg</path>
    <source>
        <database>Unknown</database>
    </source>
    <size>
        <width>320</width>
        <height>240</height>
        <depth>3</depth>
    </size>
    <segmented>0</segmented>
    <object>
    <name>hand</name>
    <pose>Unspecified</pose>
    <truncated>0</truncated>
    <difficult>0</difficult>
    <bndbox>
        <xmin>16.460749286770923</xmin>
        <ymin>1.35155782086739</ymin>
        <xmax>155.66171808960272</xmax>
        <ymax>134.13732758772548</ymax>
    </bndbox>
</object>
</annotation>