<annotation verified="yes">
    <folder>Annotation</folder>
    <filename>hand1041</filename>
    <path>white_background-PascalVOC-export/Annotations/hand1041.jpg</path>
    <source>
        <database>Unknown</database>
    </source>
    <size>
        <width>320</width>
        <height>240</height>
        <depth>3</depth>
    </size>
    <segmented>0</segmented>
    <object>
    <name>hand</name>
    <pose>Unspecified</pose>
    <truncated>0</truncated>
    <difficult>0</difficult>
    <bndbox>
        <xmin>82.55370681001692</xmin>
        <ymin>41.52382008790163</ymin>
        <xmax>270.5160674661877</xmax>
        <ymax>240</ymax>
    </bndbox>
</object>
</annotation>