<annotation verified="yes">
    <folder>Annotation</folder>
    <filename>hand1186</filename>
    <path>white_background-PascalVOC-export/Annotations/hand1186.jpg</path>
    <source>
        <database>Unknown</database>
    </source>
    <size>
        <width>320</width>
        <height>240</height>
        <depth>3</depth>
    </size>
    <segmented>0</segmented>
    <object>
    <name>hand</name>
    <pose>Unspecified</pose>
    <truncated>0</truncated>
    <difficult>0</difficult>
    <bndbox>
        <xmin>59.24820371935757</xmin>
        <ymin>0.42380142641981394</ymin>
        <xmax>194.6126769864751</xmax>
        <ymax>174.37214297667697</ymax>
    </bndbox>
</object>
</annotation>