<annotation verified="yes">
    <folder>Annotation</folder>
    <filename>hand1280</filename>
    <path>white_background-PascalVOC-export/Annotations/hand1280.jpg</path>
    <source>
        <database>Unknown</database>
    </source>
    <size>
        <width>320</width>
        <height>240</height>
        <depth>3</depth>
    </size>
    <segmented>0</segmented>
    <object>
    <name>hand</name>
    <pose>Unspecified</pose>
    <truncated>0</truncated>
    <difficult>0</difficult>
    <bndbox>
        <xmin>75.0400035661454</xmin>
        <ymin>40.97784788525225</ymin>
        <xmax>243.60213704564669</xmax>
        <ymax>200.1915251550169</ymax>
    </bndbox>
</object>
</annotation>