<annotation verified="yes">
    <folder>Annotation</folder>
    <filename>hand1527</filename>
    <path>white_background-PascalVOC-export/Annotations/hand1527.jpg</path>
    <source>
        <database>Unknown</database>
    </source>
    <size>
        <width>320</width>
        <height>240</height>
        <depth>3</depth>
    </size>
    <segmented>0</segmented>
    <object>
    <name>hand</name>
    <pose>Unspecified</pose>
    <truncated>0</truncated>
    <difficult>0</difficult>
    <bndbox>
        <xmin>48.986075523034664</xmin>
        <ymin>94.34659766505777</ymin>
        <xmax>196.95797892011836</xmax>
        <ymax>240</ymax>
    </bndbox>
</object>
</annotation>