<annotation verified="yes">
    <folder>Annotation</folder>
    <filename>hand1319</filename>
    <path>white_background-PascalVOC-export/Annotations/hand1319.jpg</path>
    <source>
        <database>Unknown</database>
    </source>
    <size>
        <width>320</width>
        <height>240</height>
        <depth>3</depth>
    </size>
    <segmented>0</segmented>
    <object>
    <name>hand</name>
    <pose>Unspecified</pose>
    <truncated>0</truncated>
    <difficult>0</difficult>
    <bndbox>
        <xmin>78.69711868660187</xmin>
        <ymin>5.2088076689332015</ymin>
        <xmax>225.32854765426882</xmax>
        <ymax>203.38628826979988</ymax>
    </bndbox>
</object>
</annotation>