<annotation verified="yes">
    <folder>Annotation</folder>
    <filename>hand482</filename>
    <path>white_background-PascalVOC-export/Annotations/hand482.jpg</path>
    <source>
        <database>Unknown</database>
    </source>
    <size>
        <width>320</width>
        <height>240</height>
        <depth>3</depth>
    </size>
    <segmented>0</segmented>
    <object>
    <name>hand</name>
    <pose>Unspecified</pose>
    <truncated>0</truncated>
    <difficult>0</difficult>
    <bndbox>
        <xmin>99.74873533918006</xmin>
        <ymin>1.3551703864853437</ymin>
        <xmax>251.57465131022826</xmax>
        <ymax>125.33429374823844</ymax>
    </bndbox>
</object>
</annotation>