<annotation verified="yes">
    <folder>Annotation</folder>
    <filename>hand889</filename>
    <path>white_background-PascalVOC-export/Annotations/hand889.jpg</path>
    <source>
        <database>Unknown</database>
    </source>
    <size>
        <width>320</width>
        <height>240</height>
        <depth>3</depth>
    </size>
    <segmented>0</segmented>
    <object>
    <name>hand</name>
    <pose>Unspecified</pose>
    <truncated>0</truncated>
    <difficult>0</difficult>
    <bndbox>
        <xmin>177.80686057895852</xmin>
        <ymin>54.650848595337195</ymin>
        <xmax>320</xmax>
        <ymax>183.75677862231942</ymax>
    </bndbox>
</object>
</annotation>