<annotation verified="yes">
    <folder>Annotation</folder>
    <filename>hand1119</filename>
    <path>white_background-PascalVOC-export/Annotations/hand1119.jpg</path>
    <source>
        <database>Unknown</database>
    </source>
    <size>
        <width>320</width>
        <height>240</height>
        <depth>3</depth>
    </size>
    <segmented>0</segmented>
    <object>
    <name>hand</name>
    <pose>Unspecified</pose>
    <truncated>0</truncated>
    <difficult>0</difficult>
    <bndbox>
        <xmin>91.92603220097212</xmin>
        <ymin>102.42000059452508</ymin>
        <xmax>230.76170224006765</xmax>
        <ymax>240</ymax>
    </bndbox>
</object>
</annotation>