<annotation verified="yes">
    <folder>Annotation</folder>
    <filename>hand735</filename>
    <path>white_background-PascalVOC-export/Annotations/hand735.jpg</path>
    <source>
        <database>Unknown</database>
    </source>
    <size>
        <width>320</width>
        <height>240</height>
        <depth>3</depth>
    </size>
    <segmented>0</segmented>
    <object>
    <name>hand</name>
    <pose>Unspecified</pose>
    <truncated>0</truncated>
    <difficult>0</difficult>
    <bndbox>
        <xmin>73.87883017569855</xmin>
        <ymin>10.03887099014179</ymin>
        <xmax>254.52069882514814</xmax>
        <ymax>198.61518808196954</ymax>
    </bndbox>
</object>
</annotation>