<annotation verified="yes">
    <folder>Annotation</folder>
    <filename>hand291</filename>
    <path>white_background-PascalVOC-export/Annotations/hand291.jpg</path>
    <source>
        <database>Unknown</database>
    </source>
    <size>
        <width>320</width>
        <height>240</height>
        <depth>3</depth>
    </size>
    <segmented>0</segmented>
    <object>
    <name>hand</name>
    <pose>Unspecified</pose>
    <truncated>0</truncated>
    <difficult>0</difficult>
    <bndbox>
        <xmin>153.40068285080307</xmin>
        <ymin>7.592981246036499</ymin>
        <xmax>303.8606825866442</xmax>
        <ymax>147.67122872921362</ymax>
    </bndbox>
</object>
</annotation>