<annotation verified="yes">
    <folder>Annotation</folder>
    <filename>hand1479</filename>
    <path>white_background-PascalVOC-export/Annotations/hand1479.jpg</path>
    <source>
        <database>Unknown</database>
    </source>
    <size>
        <width>320</width>
        <height>240</height>
        <depth>3</depth>
    </size>
    <segmented>0</segmented>
    <object>
    <name>hand</name>
    <pose>Unspecified</pose>
    <truncated>0</truncated>
    <difficult>0</difficult>
    <bndbox>
        <xmin>10.530290772928995</xmin>
        <ymin>86.33120221779876</ymin>
        <xmax>145.06045937235842</xmax>
        <ymax>240</ymax>
    </bndbox>
</object>
</annotation>