<annotation verified="yes">
    <folder>Annotation</folder>
    <filename>hand1290</filename>
    <path>white_background-PascalVOC-export/Annotations/hand1290.jpg</path>
    <source>
        <database>Unknown</database>
    </source>
    <size>
        <width>320</width>
        <height>240</height>
        <depth>3</depth>
    </size>
    <segmented>0</segmented>
    <object>
    <name>hand</name>
    <pose>Unspecified</pose>
    <truncated>0</truncated>
    <difficult>0</difficult>
    <bndbox>
        <xmin>65.6055347897295</xmin>
        <ymin>38.22443707282272</ymin>
        <xmax>238.34616705409974</xmax>
        <ymax>195.4675444352452</ymax>
    </bndbox>
</object>
</annotation>