<annotation verified="yes">
    <folder>Annotation</folder>
    <filename>hand1055</filename>
    <path>white_background-PascalVOC-export/Annotations/hand1055.jpg</path>
    <source>
        <database>Unknown</database>
    </source>
    <size>
        <width>320</width>
        <height>240</height>
        <depth>3</depth>
    </size>
    <segmented>0</segmented>
    <object>
    <name>hand</name>
    <pose>Unspecified</pose>
    <truncated>0</truncated>
    <difficult>0</difficult>
    <bndbox>
        <xmin>85.9082774196957</xmin>
        <ymin>22.558325387982666</ymin>
        <xmax>221.3072564454776</xmax>
        <ymax>198.49582401176718</ymax>
    </bndbox>
</object>
</annotation>