<annotation verified="yes">
    <folder>Annotation</folder>
    <filename>hand445</filename>
    <path>white_background-PascalVOC-export/Annotations/hand445.jpg</path>
    <source>
        <database>Unknown</database>
    </source>
    <size>
        <width>320</width>
        <height>240</height>
        <depth>3</depth>
    </size>
    <segmented>0</segmented>
    <object>
    <name>hand</name>
    <pose>Unspecified</pose>
    <truncated>0</truncated>
    <difficult>0</difficult>
    <bndbox>
        <xmin>76.00971444420965</xmin>
        <ymin>66.60360480376268</ymin>
        <xmax>213.65777551775153</xmax>
        <ymax>240</ymax>
    </bndbox>
</object>
</annotation>