<annotation verified="yes">
    <folder>Annotation</folder>
    <filename>hand596</filename>
    <path>white_background-PascalVOC-export/Annotations/hand596.jpg</path>
    <source>
        <database>Unknown</database>
    </source>
    <size>
        <width>320</width>
        <height>240</height>
        <depth>3</depth>
    </size>
    <segmented>0</segmented>
    <object>
    <name>hand</name>
    <pose>Unspecified</pose>
    <truncated>0</truncated>
    <difficult>0</difficult>
    <bndbox>
        <xmin>163.3674648668639</xmin>
        <ymin>91.6250104592376</ymin>
        <xmax>306.8550890215554</xmax>
        <ymax>239.54804533363864</ymax>
    </bndbox>
</object>
</annotation>