<annotation verified="yes">
    <folder>Annotation</folder>
    <filename>hand1653</filename>
    <path>white_background-PascalVOC-export/Annotations/hand1653.jpg</path>
    <source>
        <database>Unknown</database>
    </source>
    <size>
        <width>320</width>
        <height>240</height>
        <depth>3</depth>
    </size>
    <segmented>0</segmented>
    <object>
    <name>hand</name>
    <pose>Unspecified</pose>
    <truncated>0</truncated>
    <difficult>0</difficult>
    <bndbox>
        <xmin>37.930777155536774</xmin>
        <ymin>31.22745483811302</ymin>
        <xmax>211.87153291420123</xmax>
        <ymax>215.76894112880495</ymax>
    </bndbox>
</object>
</annotation>