<annotation verified="yes">
    <folder>Annotation</folder>
    <filename>hand450</filename>
    <path>white_background-PascalVOC-export/Annotations/hand450.jpg</path>
    <source>
        <database>Unknown</database>
    </source>
    <size>
        <width>320</width>
        <height>240</height>
        <depth>3</depth>
    </size>
    <segmented>0</segmented>
    <object>
    <name>hand</name>
    <pose>Unspecified</pose>
    <truncated>0</truncated>
    <difficult>0</difficult>
    <bndbox>
        <xmin>130.90852506868134</xmin>
        <ymin>93.63021971004791</ymin>
        <xmax>272.95864592138633</xmax>
        <ymax>240</ymax>
    </bndbox>
</object>
</annotation>