<annotation verified="yes">
    <folder>Annotation</folder>
    <filename>hand1657</filename>
    <path>white_background-PascalVOC-export/Annotations/hand1657.jpg</path>
    <source>
        <database>Unknown</database>
    </source>
    <size>
        <width>320</width>
        <height>240</height>
        <depth>3</depth>
    </size>
    <segmented>0</segmented>
    <object>
    <name>hand</name>
    <pose>Unspecified</pose>
    <truncated>0</truncated>
    <difficult>0</difficult>
    <bndbox>
        <xmin>36.45119003592561</xmin>
        <ymin>37.09019468494574</ymin>
        <xmax>208.83505917159763</xmax>
        <ymax>230.48548478015783</ymax>
    </bndbox>
</object>
</annotation>