<annotation verified="yes">
    <folder>Annotation</folder>
    <filename>hand1279</filename>
    <path>white_background-PascalVOC-export/Annotations/hand1279.jpg</path>
    <source>
        <database>Unknown</database>
    </source>
    <size>
        <width>320</width>
        <height>240</height>
        <depth>3</depth>
    </size>
    <segmented>0</segmented>
    <object>
    <name>hand</name>
    <pose>Unspecified</pose>
    <truncated>0</truncated>
    <difficult>0</difficult>
    <bndbox>
        <xmin>75.83593089602705</xmin>
        <ymin>42.20453479513106</ymin>
        <xmax>242.51267962806423</xmax>
        <ymax>198.88553520469276</ymax>
    </bndbox>
</object>
</annotation>