<annotation verified="yes">
    <folder>Annotation</folder>
    <filename>hand1326</filename>
    <path>white_background-PascalVOC-export/Annotations/hand1326.jpg</path>
    <source>
        <database>Unknown</database>
    </source>
    <size>
        <width>320</width>
        <height>240</height>
        <depth>3</depth>
    </size>
    <segmented>0</segmented>
    <object>
    <name>hand</name>
    <pose>Unspecified</pose>
    <truncated>0</truncated>
    <difficult>0</difficult>
    <bndbox>
        <xmin>84.09028621618766</xmin>
        <ymin>2.4492864598012964</ymin>
        <xmax>207.0611659974641</xmax>
        <ymax>198.23261454516629</ymax>
    </bndbox>
</object>
</annotation>