<annotation verified="yes">
    <folder>Annotation</folder>
    <filename>hand1257</filename>
    <path>white_background-PascalVOC-export/Annotations/hand1257.jpg</path>
    <source>
        <database>Unknown</database>
    </source>
    <size>
        <width>320</width>
        <height>240</height>
        <depth>3</depth>
    </size>
    <segmented>0</segmented>
    <object>
    <name>hand</name>
    <pose>Unspecified</pose>
    <truncated>0</truncated>
    <difficult>0</difficult>
    <bndbox>
        <xmin>85.07426167582419</xmin>
        <ymin>32.388149463606254</ymin>
        <xmax>262.3224191673711</xmax>
        <ymax>165.02954459378523</ymax>
    </bndbox>
</object>
</annotation>