<annotation verified="yes">
    <folder>Annotation</folder>
    <filename>hand332</filename>
    <path>white_background-PascalVOC-export/Annotations/hand332.jpg</path>
    <source>
        <database>Unknown</database>
    </source>
    <size>
        <width>320</width>
        <height>240</height>
        <depth>3</depth>
    </size>
    <segmented>0</segmented>
    <object>
    <name>hand</name>
    <pose>Unspecified</pose>
    <truncated>0</truncated>
    <difficult>0</difficult>
    <bndbox>
        <xmin>104.34361461855453</xmin>
        <ymin>74.24511828847237</ymin>
        <xmax>253.5622490490279</xmax>
        <ymax>238.44677018742954</ymax>
    </bndbox>
</object>
</annotation>