<annotation verified="yes">
    <folder>Annotation</folder>
    <filename>hand1724</filename>
    <path>white_background-PascalVOC-export/Annotations/hand1724.jpg</path>
    <source>
        <database>Unknown</database>
    </source>
    <size>
        <width>320</width>
        <height>240</height>
        <depth>3</depth>
    </size>
    <segmented>0</segmented>
    <object>
    <name>hand</name>
    <pose>Unspecified</pose>
    <truncated>0</truncated>
    <difficult>0</difficult>
    <bndbox>
        <xmin>204.46454987320374</xmin>
        <ymin>62.72915088606257</ymin>
        <xmax>320</xmax>
        <ymax>190.7205423830327</ymax>
    </bndbox>
</object>
</annotation>