<annotation verified="yes">
    <folder>Annotation</folder>
    <filename>hand108</filename>
    <path>white_background-PascalVOC-export/Annotations/hand108.jpg</path>
    <source>
        <database>Unknown</database>
    </source>
    <size>
        <width>320</width>
        <height>240</height>
        <depth>3</depth>
    </size>
    <segmented>0</segmented>
    <object>
    <name>hand</name>
    <pose>Unspecified</pose>
    <truncated>0</truncated>
    <difficult>0</difficult>
    <bndbox>
        <xmin>1.9270145419484364</xmin>
        <ymin>1.394834292647266</ymin>
        <xmax>109.42973042582419</xmax>
        <ymax>138.35155259124858</ymax>
    </bndbox>
</object>
</annotation>