<annotation verified="yes">
    <folder>Annotation</folder>
    <filename>hand1483</filename>
    <path>white_background-PascalVOC-export/Annotations/hand1483.jpg</path>
    <source>
        <database>Unknown</database>
    </source>
    <size>
        <width>320</width>
        <height>240</height>
        <depth>3</depth>
    </size>
    <segmented>0</segmented>
    <object>
    <name>hand</name>
    <pose>Unspecified</pose>
    <truncated>0</truncated>
    <difficult>0</difficult>
    <bndbox>
        <xmin>28.424473663355876</xmin>
        <ymin>93.19629897125141</ymin>
        <xmax>170.7037358674979</xmax>
        <ymax>240</ymax>
    </bndbox>
</object>
</annotation>