<annotation verified="yes">
    <folder>Annotation</folder>
    <filename>hand1043</filename>
    <path>white_background-PascalVOC-export/Annotations/hand1043.jpg</path>
    <source>
        <database>Unknown</database>
    </source>
    <size>
        <width>320</width>
        <height>240</height>
        <depth>3</depth>
    </size>
    <segmented>0</segmented>
    <object>
    <name>hand</name>
    <pose>Unspecified</pose>
    <truncated>0</truncated>
    <difficult>0</difficult>
    <bndbox>
        <xmin>89.25480769230771</xmin>
        <ymin>39.5469581234146</ymin>
        <xmax>273.88465500845314</xmax>
        <ymax>238.90888132398533</ymax>
    </bndbox>
</object>
</annotation>