<annotation verified="yes">
    <folder>Annotation</folder>
    <filename>apple1128</filename>
    <path>apple_dataset-PascalVOC-export/Annotations/frame_1128.jpg</path>
    <source>
        <database>Unknown</database>
    </source>
    <size>
        <width>320</width>
        <height>240</height>
        <depth>3</depth>
    </size>
    <segmented>0</segmented>
    <object>
    <name>apple</name>
    <pose>Unspecified</pose>
    <truncated>0</truncated>
    <difficult>0</difficult>
    <bndbox>
        <xmin>93.09132885266723</xmin>
        <ymin>93.43709218044583</ymin>
        <xmax>137.57202251799322</xmax>
        <ymax>139.98602391365688</ymax>
    </bndbox>
</object>
</annotation>