<annotation verified="yes">
    <folder>Annotation</folder>
    <filename>apple513</filename>
    <path>apple_dataset-PascalVOC-export/Annotations/frame_513.jpg</path>
    <source>
        <database>Unknown</database>
    </source>
    <size>
        <width>320</width>
        <height>240</height>
        <depth>3</depth>
    </size>
    <segmented>0</segmented>
    <object>
    <name>apple</name>
    <pose>Unspecified</pose>
    <truncated>0</truncated>
    <difficult>0</difficult>
    <bndbox>
        <xmin>47.40659398814564</xmin>
        <ymin>25.732832450091706</ymin>
        <xmax>130.77314643310754</xmax>
        <ymax>95.4504587418877</ymax>
    </bndbox>
</object>
</annotation>