<annotation verified="yes">
    <folder>Annotation</folder>
    <filename>apple1086</filename>
    <path>apple_dataset-PascalVOC-export/Annotations/frame_1086.jpg</path>
    <source>
        <database>Unknown</database>
    </source>
    <size>
        <width>320</width>
        <height>240</height>
        <depth>3</depth>
    </size>
    <segmented>0</segmented>
    <object>
    <name>apple</name>
    <pose>Unspecified</pose>
    <truncated>0</truncated>
    <difficult>0</difficult>
    <bndbox>
        <xmin>128.42999179720576</xmin>
        <ymin>63.95038268905192</ymin>
        <xmax>229.56720337637597</xmax>
        <ymax>159.0602239260017</ymax>
    </bndbox>
</object>
</annotation>