<annotation verified="yes">
    <folder>Annotation</folder>
    <filename>apple888</filename>
    <path>apple_dataset-PascalVOC-export/Annotations/frame_888.jpg</path>
    <source>
        <database>Unknown</database>
    </source>
    <size>
        <width>320</width>
        <height>240</height>
        <depth>3</depth>
    </size>
    <segmented>0</segmented>
    <object>
    <name>apple</name>
    <pose>Unspecified</pose>
    <truncated>0</truncated>
    <difficult>0</difficult>
    <bndbox>
        <xmin>86.63733395956817</xmin>
        <ymin>76.41226809396163</ymin>
        <xmax>167.22307300486875</xmax>
        <ymax>152.96558113184255</ymax>
    </bndbox>
</object>
</annotation>