<annotation verified="yes">
    <folder>Annotation</folder>
    <filename>apple852</filename>
    <path>apple_dataset-PascalVOC-export/Annotations/frame_852.jpg</path>
    <source>
        <database>Unknown</database>
    </source>
    <size>
        <width>320</width>
        <height>240</height>
        <depth>3</depth>
    </size>
    <segmented>0</segmented>
    <object>
    <name>apple</name>
    <pose>Unspecified</pose>
    <truncated>0</truncated>
    <difficult>0</difficult>
    <bndbox>
        <xmin>88.54195332345469</xmin>
        <ymin>49.095784137803335</ymin>
        <xmax>172.39407480419135</xmax>
        <ymax>142.82396854719246</ymax>
    </bndbox>
</object>
</annotation>