<annotation verified="yes">
    <folder>Annotation</folder>
    <filename>apple384</filename>
    <path>apple_dataset-PascalVOC-export/Annotations/frame_384.jpg</path>
    <source>
        <database>Unknown</database>
    </source>
    <size>
        <width>320</width>
        <height>240</height>
        <depth>3</depth>
    </size>
    <segmented>0</segmented>
    <object>
    <name>apple</name>
    <pose>Unspecified</pose>
    <truncated>0</truncated>
    <difficult>0</difficult>
    <bndbox>
        <xmin>155.99683795512277</xmin>
        <ymin>87.98220253421276</ymin>
        <xmax>267.7182340177815</xmax>
        <ymax>184.9863380449351</ymax>
    </bndbox>
</object>
</annotation>