<annotation verified="yes">
    <folder>Annotation</folder>
    <filename>apple579</filename>
    <path>apple_dataset-PascalVOC-export/Annotations/frame_579.jpg</path>
    <source>
        <database>Unknown</database>
    </source>
    <size>
        <width>320</width>
        <height>240</height>
        <depth>3</depth>
    </size>
    <segmented>0</segmented>
    <object>
    <name>apple</name>
    <pose>Unspecified</pose>
    <truncated>0</truncated>
    <difficult>0</difficult>
    <bndbox>
        <xmin>114.78194789902625</xmin>
        <ymin>12.319997266506773</ymin>
        <xmax>229.24560753598644</xmax>
        <ymax>127.01744475698365</ymax>
    </bndbox>
</object>
</annotation>