<annotation verified="yes">
    <folder>Annotation</folder>
    <filename>apple336</filename>
    <path>apple_dataset-PascalVOC-export/Annotations/frame_336.jpg</path>
    <source>
        <database>Unknown</database>
    </source>
    <size>
        <width>320</width>
        <height>240</height>
        <depth>3</depth>
    </size>
    <segmented>0</segmented>
    <object>
    <name>apple</name>
    <pose>Unspecified</pose>
    <truncated>0</truncated>
    <difficult>0</difficult>
    <bndbox>
        <xmin>143.26282678873835</xmin>
        <ymin>105.81834504620487</ymin>
        <xmax>276.3088418183743</xmax>
        <ymax>227.9861980636287</ymax>
    </bndbox>
</object>
</annotation>