<annotation verified="yes">
    <folder>Annotation</folder>
    <filename>apple1209</filename>
    <path>apple_dataset-PascalVOC-export/Annotations/frame_1209.jpg</path>
    <source>
        <database>Unknown</database>
    </source>
    <size>
        <width>320</width>
        <height>240</height>
        <depth>3</depth>
    </size>
    <segmented>0</segmented>
    <object>
    <name>apple</name>
    <pose>Unspecified</pose>
    <truncated>0</truncated>
    <difficult>0</difficult>
    <bndbox>
        <xmin>160.38999656011853</xmin>
        <ymin>93.76752521867947</ymin>
        <xmax>222.9402386748518</xmax>
        <ymax>167.9105254920288</ymax>
    </bndbox>
</object>
</annotation>