<annotation verified="yes">
    <folder>Annotation</folder>
    <filename>apple570</filename>
    <path>apple_dataset-PascalVOC-export/Annotations/frame_570.jpg</path>
    <source>
        <database>Unknown</database>
    </source>
    <size>
        <width>320</width>
        <height>240</height>
        <depth>3</depth>
    </size>
    <segmented>0</segmented>
    <object>
    <name>apple</name>
    <pose>Unspecified</pose>
    <truncated>0</truncated>
    <difficult>0</difficult>
    <bndbox>
        <xmin>29.562688531964437</xmin>
        <ymin>31.106295962365973</ymin>
        <xmax>233.3097944009314</xmax>
        <ymax>233.28329460884595</ymax>
    </bndbox>
</object>
</annotation>