<annotation verified="yes">
    <folder>Annotation</folder>
    <filename>apple489</filename>
    <path>apple_dataset-PascalVOC-export/Annotations/frame_489.jpg</path>
    <source>
        <database>Unknown</database>
    </source>
    <size>
        <width>320</width>
        <height>240</height>
        <depth>3</depth>
    </size>
    <segmented>0</segmented>
    <object>
    <name>apple</name>
    <pose>Unspecified</pose>
    <truncated>0</truncated>
    <difficult>0</difficult>
    <bndbox>
        <xmin>1.2965376270110076</xmin>
        <ymin>0.626067770792184</ymin>
        <xmax>247.97460441363253</xmax>
        <ymax>200.0738153393059</ymax>
    </bndbox>
</object>
</annotation>