<annotation verified="yes">
    <folder>Annotation</folder>
    <filename>apple564</filename>
    <path>apple_dataset-PascalVOC-export/Annotations/frame_564.jpg</path>
    <source>
        <database>Unknown</database>
    </source>
    <size>
        <width>320</width>
        <height>240</height>
        <depth>3</depth>
    </size>
    <segmented>0</segmented>
    <object>
    <name>apple</name>
    <pose>Unspecified</pose>
    <truncated>0</truncated>
    <difficult>0</difficult>
    <bndbox>
        <xmin>34.28038672205758</xmin>
        <ymin>52.10604631066592</ymin>
        <xmax>220.40636907281964</xmax>
        <ymax>231.39468776453162</ymax>
    </bndbox>
</object>
</annotation>