<annotation verified="yes">
    <folder>Annotation</folder>
    <filename>apple576</filename>
    <path>apple_dataset-PascalVOC-export/Annotations/frame_576.jpg</path>
    <source>
        <database>Unknown</database>
    </source>
    <size>
        <width>320</width>
        <height>240</height>
        <depth>3</depth>
    </size>
    <segmented>0</segmented>
    <object>
    <name>apple</name>
    <pose>Unspecified</pose>
    <truncated>0</truncated>
    <difficult>0</difficult>
    <bndbox>
        <xmin>102.9164737245978</xmin>
        <ymin>11.502433415191168</ymin>
        <xmax>255.76414982006776</xmax>
        <ymax>160.40943429916763</ymax>
    </bndbox>
</object>
</annotation>