<annotation verified="yes">
    <folder>Annotation</folder>
    <filename>apple1059</filename>
    <path>apple_dataset-PascalVOC-export/Annotations/frame_1059.jpg</path>
    <source>
        <database>Unknown</database>
    </source>
    <size>
        <width>320</width>
        <height>240</height>
        <depth>3</depth>
    </size>
    <segmented>0</segmented>
    <object>
    <name>apple</name>
    <pose>Unspecified</pose>
    <truncated>0</truncated>
    <difficult>0</difficult>
    <bndbox>
        <xmin>68.31685608065199</xmin>
        <ymin>46.56471269663516</ymin>
        <xmax>233.97422073454698</xmax>
        <ymax>204.18620710179178</ymax>
    </bndbox>
</object>
</annotation>