<annotation verified="yes">
    <folder>Annotation</folder>
    <filename>apple390</filename>
    <path>apple_dataset-PascalVOC-export/Annotations/frame_390.jpg</path>
    <source>
        <database>Unknown</database>
    </source>
    <size>
        <width>320</width>
        <height>240</height>
        <depth>3</depth>
    </size>
    <segmented>0</segmented>
    <object>
    <name>apple</name>
    <pose>Unspecified</pose>
    <truncated>0</truncated>
    <difficult>0</difficult>
    <bndbox>
        <xmin>69.03632051756985</xmin>
        <ymin>141.0930060048674</ymin>
        <xmax>164.03590707027942</xmax>
        <ymax>218.95042677765238</ymax>
    </bndbox>
</object>
</annotation>