<annotation verified="yes">
    <folder>Annotation</folder>
    <filename>apple1200</filename>
    <path>apple_dataset-PascalVOC-export/Annotations/frame_1200.jpg</path>
    <source>
        <database>Unknown</database>
    </source>
    <size>
        <width>320</width>
        <height>240</height>
        <depth>3</depth>
    </size>
    <segmented>0</segmented>
    <object>
    <name>apple</name>
    <pose>Unspecified</pose>
    <truncated>0</truncated>
    <difficult>0</difficult>
    <bndbox>
        <xmin>113.78319154847587</xmin>
        <ymin>49.07439014443426</ymin>
        <xmax>191.94951973962742</xmax>
        <ymax>124.72112857999437</ymax>
    </bndbox>
</object>
</annotation>