<annotation verified="yes">
    <folder>Annotation</folder>
    <filename>apple1239</filename>
    <path>apple_dataset-PascalVOC-export/Annotations/frame_1239.jpg</path>
    <source>
        <database>Unknown</database>
    </source>
    <size>
        <width>320</width>
        <height>240</height>
        <depth>3</depth>
    </size>
    <segmented>0</segmented>
    <object>
    <name>apple</name>
    <pose>Unspecified</pose>
    <truncated>0</truncated>
    <difficult>0</difficult>
    <bndbox>
        <xmin>151.76803291701947</xmin>
        <ymin>103.2324494303753</ymin>
        <xmax>226.4232840283658</xmax>
        <ymax>183.94330646867948</ymax>
    </bndbox>
</object>
</annotation>