<annotation verified="yes">
    <folder>Annotation</folder>
    <filename>apple327</filename>
    <path>apple_dataset-PascalVOC-export/Annotations/frame_327.jpg</path>
    <source>
        <database>Unknown</database>
    </source>
    <size>
        <width>320</width>
        <height>240</height>
        <depth>3</depth>
    </size>
    <segmented>0</segmented>
    <object>
    <name>apple</name>
    <pose>Unspecified</pose>
    <truncated>0</truncated>
    <difficult>0</difficult>
    <bndbox>
        <xmin>140.4444392993226</xmin>
        <ymin>57.70004651347348</ymin>
        <xmax>263.13660959991535</xmax>
        <ymax>176.02433800966423</ymax>
    </bndbox>
</object>
</annotation>