<annotation verified="yes">
    <folder>Annotation</folder>
    <filename>hand1674</filename>
    <path>white_background-PascalVOC-export/Annotations/hand1674.jpg</path>
    <source>
        <database>Unknown</database>
    </source>
    <size>
        <width>320</width>
        <height>240</height>
        <depth>3</depth>
    </size>
    <segmented>0</segmented>
    <object>
    <name>hand</name>
    <pose>Unspecified</pose>
    <truncated>0</truncated>
    <difficult>0</difficult>
    <bndbox>
        <xmin>2.182943258664413</xmin>
        <ymin>2.761535988585118</ymin>
        <xmax>209.25599640743874</xmax>
        <ymax>157.11667995173335</ymax>
    </bndbox>
</object>
</annotation>