<annotation verified="yes">
    <folder>Annotation</folder>
    <filename>hand1707</filename>
    <path>white_background-PascalVOC-export/Annotations/hand1707.jpg</path>
    <source>
        <database>Unknown</database>
    </source>
    <size>
        <width>320</width>
        <height>240</height>
        <depth>3</depth>
    </size>
    <segmented>0</segmented>
    <object>
    <name>hand</name>
    <pose>Unspecified</pose>
    <truncated>0</truncated>
    <difficult>0</difficult>
    <bndbox>
        <xmin>144.64944460587492</xmin>
        <ymin>68.28784482454904</ymin>
        <xmax>311.9792437130178</xmax>
        <ymax>201.7269357296364</ymax>
    </bndbox>
</object>
</annotation>