<annotation verified="yes">
    <folder>Annotation</folder>
    <filename>hand1676</filename>
    <path>white_background-PascalVOC-export/Annotations/hand1676.jpg</path>
    <source>
        <database>Unknown</database>
    </source>
    <size>
        <width>320</width>
        <height>240</height>
        <depth>3</depth>
    </size>
    <segmented>0</segmented>
    <object>
    <name>hand</name>
    <pose>Unspecified</pose>
    <truncated>0</truncated>
    <difficult>0</difficult>
    <bndbox>
        <xmin>16.835260592772613</xmin>
        <ymin>1.93065002510217</ymin>
        <xmax>206.24171201394762</xmax>
        <ymax>138.83275458885288</ymax>
    </bndbox>
</object>
</annotation>