<annotation verified="yes">
    <folder>Annotation</folder>
    <filename>hand1671</filename>
    <path>white_background-PascalVOC-export/Annotations/hand1671.jpg</path>
    <source>
        <database>Unknown</database>
    </source>
    <size>
        <width>320</width>
        <height>240</height>
        <depth>3</depth>
    </size>
    <segmented>0</segmented>
    <object>
    <name>hand</name>
    <pose>Unspecified</pose>
    <truncated>0</truncated>
    <difficult>0</difficult>
    <bndbox>
        <xmin>14.214176748732038</xmin>
        <ymin>3.016649179555383</ymin>
        <xmax>157.64553505388844</xmax>
        <ymax>182.79745521244362</ymax>
    </bndbox>
</object>
</annotation>