<annotation verified="yes">
    <folder>Annotation</folder>
    <filename>hand1791</filename>
    <path>white_background-PascalVOC-export/Annotations/hand1791.jpg</path>
    <source>
        <database>Unknown</database>
    </source>
    <size>
        <width>320</width>
        <height>240</height>
        <depth>3</depth>
    </size>
    <segmented>0</segmented>
    <object>
    <name>hand</name>
    <pose>Unspecified</pose>
    <truncated>0</truncated>
    <difficult>0</difficult>
    <bndbox>
        <xmin>47.06899170540998</xmin>
        <ymin>33.15149902894236</ymin>
        <xmax>223.12533019864753</xmax>
        <ymax>223.53908672139232</ymax>
    </bndbox>
</object>
</annotation>