<annotation verified="yes">
    <folder>Annotation</folder>
    <filename>hand1773</filename>
    <path>white_background-PascalVOC-export/Annotations/hand1773.jpg</path>
    <source>
        <database>Unknown</database>
    </source>
    <size>
        <width>320</width>
        <height>240</height>
        <depth>3</depth>
    </size>
    <segmented>0</segmented>
    <object>
    <name>hand</name>
    <pose>Unspecified</pose>
    <truncated>0</truncated>
    <difficult>0</difficult>
    <bndbox>
        <xmin>73.04136068258666</xmin>
        <ymin>33.84390606283469</ymin>
        <xmax>240.96137336221474</xmax>
        <ymax>198.31051384582864</ymax>
    </bndbox>
</object>
</annotation>