<annotation verified="yes">
    <folder>Annotation</folder>
    <filename>hand1808</filename>
    <path>white_background-PascalVOC-export/Annotations/hand1808.jpg</path>
    <source>
        <database>Unknown</database>
    </source>
    <size>
        <width>320</width>
        <height>240</height>
        <depth>3</depth>
    </size>
    <segmented>0</segmented>
    <object>
    <name>hand</name>
    <pose>Unspecified</pose>
    <truncated>0</truncated>
    <difficult>0</difficult>
    <bndbox>
        <xmin>67.92514726859679</xmin>
        <ymin>1.8762716230975196</ymin>
        <xmax>238.86388551352496</xmax>
        <ymax>177.06765365170517</ymax>
    </bndbox>
</object>
</annotation>