<annotation verified="yes">
    <folder>Annotation</folder>
    <filename>hand1711</filename>
    <path>white_background-PascalVOC-export/Annotations/hand1711.jpg</path>
    <source>
        <database>Unknown</database>
    </source>
    <size>
        <width>320</width>
        <height>240</height>
        <depth>3</depth>
    </size>
    <segmented>0</segmented>
    <object>
    <name>hand</name>
    <pose>Unspecified</pose>
    <truncated>0</truncated>
    <difficult>0</difficult>
    <bndbox>
        <xmin>132.62306503592563</xmin>
        <ymin>39.61733503029876</ymin>
        <xmax>299.16397004437874</xmax>
        <ymax>174.87677917136415</ymax>
    </bndbox>
</object>
</annotation>