<annotation verified="yes">
    <folder>Annotation</folder>
    <filename>hand1820</filename>
    <path>white_background-PascalVOC-export/Annotations/hand1820.jpg</path>
    <source>
        <database>Unknown</database>
    </source>
    <size>
        <width>320</width>
        <height>240</height>
        <depth>3</depth>
    </size>
    <segmented>0</segmented>
    <object>
    <name>hand</name>
    <pose>Unspecified</pose>
    <truncated>0</truncated>
    <difficult>0</difficult>
    <bndbox>
        <xmin>73.05344595308539</xmin>
        <ymin>42.00178522671223</ymin>
        <xmax>238.46200073964502</xmax>
        <ymax>223.15596484815387</ymax>
    </bndbox>
</object>
</annotation>