<annotation verified="yes">
    <folder>Annotation</folder>
    <filename>hand1701</filename>
    <path>white_background-PascalVOC-export/Annotations/hand1701.jpg</path>
    <source>
        <database>Unknown</database>
    </source>
    <size>
        <width>320</width>
        <height>240</height>
        <depth>3</depth>
    </size>
    <segmented>0</segmented>
    <object>
    <name>hand</name>
    <pose>Unspecified</pose>
    <truncated>0</truncated>
    <difficult>0</difficult>
    <bndbox>
        <xmin>128.02569275676248</xmin>
        <ymin>108.29087800345265</ymin>
        <xmax>285.3243541314455</xmax>
        <ymax>240</ymax>
    </bndbox>
</object>
</annotation>