<annotation verified="yes">
    <folder>Annotation</folder>
    <filename>hand1749</filename>
    <path>white_background-PascalVOC-export/Annotations/hand1749.jpg</path>
    <source>
        <database>Unknown</database>
    </source>
    <size>
        <width>320</width>
        <height>240</height>
        <depth>3</depth>
    </size>
    <segmented>0</segmented>
    <object>
    <name>hand</name>
    <pose>Unspecified</pose>
    <truncated>0</truncated>
    <difficult>0</difficult>
    <bndbox>
        <xmin>83.49982499471683</xmin>
        <ymin>1.3882614875458004</ymin>
        <xmax>254.57051061918855</xmax>
        <ymax>137.85398463923337</ymax>
    </bndbox>
</object>
</annotation>