<annotation verified="yes">
    <folder>Annotation</folder>
    <filename>hand1728</filename>
    <path>white_background-PascalVOC-export/Annotations/hand1728.jpg</path>
    <source>
        <database>Unknown</database>
    </source>
    <size>
        <width>320</width>
        <height>240</height>
        <depth>3</depth>
    </size>
    <segmented>0</segmented>
    <object>
    <name>hand</name>
    <pose>Unspecified</pose>
    <truncated>0</truncated>
    <difficult>0</difficult>
    <bndbox>
        <xmin>217.4084359150465</xmin>
        <ymin>65.92349287891065</ymin>
        <xmax>320</xmax>
        <ymax>191.5023098400507</ymax>
    </bndbox>
</object>
</annotation>