<annotation verified="yes">
    <folder>Annotation</folder>
    <filename>hand1792</filename>
    <path>white_background-PascalVOC-export/Annotations/hand1792.jpg</path>
    <source>
        <database>Unknown</database>
    </source>
    <size>
        <width>320</width>
        <height>240</height>
        <depth>3</depth>
    </size>
    <segmented>0</segmented>
    <object>
    <name>hand</name>
    <pose>Unspecified</pose>
    <truncated>0</truncated>
    <difficult>0</difficult>
    <bndbox>
        <xmin>37.90639198541843</xmin>
        <ymin>21.24891278977593</ymin>
        <xmax>217.14193258664415</xmax>
        <ymax>213.34791938239852</ymax>
    </bndbox>
</object>
</annotation>