<annotation verified="yes">
    <folder>Annotation</folder>
    <filename>hand1663</filename>
    <path>white_background-PascalVOC-export/Annotations/hand1663.jpg</path>
    <source>
        <database>Unknown</database>
    </source>
    <size>
        <width>320</width>
        <height>240</height>
        <depth>3</depth>
    </size>
    <segmented>0</segmented>
    <object>
    <name>hand</name>
    <pose>Unspecified</pose>
    <truncated>0</truncated>
    <difficult>0</difficult>
    <bndbox>
        <xmin>28.09536467138631</xmin>
        <ymin>43.21644951821448</ymin>
        <xmax>219.00134721048184</xmax>
        <ymax>208.9849144764656</ymax>
    </bndbox>
</object>
</annotation>