<annotation verified="yes">
    <folder>Annotation</folder>
    <filename>hand1818</filename>
    <path>white_background-PascalVOC-export/Annotations/hand1818.jpg</path>
    <source>
        <database>Unknown</database>
    </source>
    <size>
        <width>320</width>
        <height>240</height>
        <depth>3</depth>
    </size>
    <segmented>0</segmented>
    <object>
    <name>hand</name>
    <pose>Unspecified</pose>
    <truncated>0</truncated>
    <difficult>0</difficult>
    <bndbox>
        <xmin>96.72715355557905</xmin>
        <ymin>44.547607697118096</ymin>
        <xmax>233.6936350908707</xmax>
        <ymax>231.4046866192221</ymax>
    </bndbox>
</object>
</annotation>