<annotation verified="yes">
    <folder>Annotation</folder>
    <filename>hand1712</filename>
    <path>white_background-PascalVOC-export/Annotations/hand1712.jpg</path>
    <source>
        <database>Unknown</database>
    </source>
    <size>
        <width>320</width>
        <height>240</height>
        <depth>3</depth>
    </size>
    <segmented>0</segmented>
    <object>
    <name>hand</name>
    <pose>Unspecified</pose>
    <truncated>0</truncated>
    <difficult>0</difficult>
    <bndbox>
        <xmin>130.31179007290788</xmin>
        <ymin>41.685952032835395</ymin>
        <xmax>303.12047627852917</xmax>
        <ymax>176.2362598647125</ymax>
    </bndbox>
</object>
</annotation>