<annotation verified="yes">
    <folder>Annotation</folder>
    <filename>hand1790</filename>
    <path>white_background-PascalVOC-export/Annotations/hand1790.jpg</path>
    <source>
        <database>Unknown</database>
    </source>
    <size>
        <width>320</width>
        <height>240</height>
        <depth>3</depth>
    </size>
    <segmented>0</segmented>
    <object>
    <name>hand</name>
    <pose>Unspecified</pose>
    <truncated>0</truncated>
    <difficult>0</difficult>
    <bndbox>
        <xmin>44.96631973795436</xmin>
        <ymin>35.2676037226078</ymin>
        <xmax>222.92948938081153</xmax>
        <ymax>223.81101588923337</ymax>
    </bndbox>
</object>
</annotation>