<annotation verified="yes">
    <folder>Annotation</folder>
    <filename>hand1756</filename>
    <path>white_background-PascalVOC-export/Annotations/hand1756.jpg</path>
    <source>
        <database>Unknown</database>
    </source>
    <size>
        <width>320</width>
        <height>240</height>
        <depth>3</depth>
    </size>
    <segmented>0</segmented>
    <object>
    <name>hand</name>
    <pose>Unspecified</pose>
    <truncated>0</truncated>
    <difficult>0</difficult>
    <bndbox>
        <xmin>50.48062064137786</xmin>
        <ymin>29.559964735854706</ymin>
        <xmax>195.4098425612849</xmax>
        <ymax>203.20002025789177</ymax>
    </bndbox>
</object>
</annotation>