<annotation verified="yes">
    <folder>Annotation</folder>
    <filename>hand1805</filename>
    <path>white_background-PascalVOC-export/Annotations/hand1805.jpg</path>
    <source>
        <database>Unknown</database>
    </source>
    <size>
        <width>320</width>
        <height>240</height>
        <depth>3</depth>
    </size>
    <segmented>0</segmented>
    <object>
    <name>hand</name>
    <pose>Unspecified</pose>
    <truncated>0</truncated>
    <difficult>0</difficult>
    <bndbox>
        <xmin>61.56880679416738</xmin>
        <ymin>46.62657108758455</ymin>
        <xmax>245.75140004226546</xmax>
        <ymax>240</ymax>
    </bndbox>
</object>
</annotation>