<annotation verified="yes">
    <folder>Annotation</folder>
    <filename>hand1677</filename>
    <path>white_background-PascalVOC-export/Annotations/hand1677.jpg</path>
    <source>
        <database>Unknown</database>
    </source>
    <size>
        <width>320</width>
        <height>240</height>
        <depth>3</depth>
    </size>
    <segmented>0</segmented>
    <object>
    <name>hand</name>
    <pose>Unspecified</pose>
    <truncated>0</truncated>
    <difficult>0</difficult>
    <bndbox>
        <xmin>3.5666737109044804</xmin>
        <ymin>2.408388088359639</ymin>
        <xmax>179.4479078613694</xmax>
        <ymax>142.03691450288895</ymax>
    </bndbox>
</object>
</annotation>