<annotation verified="yes">
    <folder>Annotation</folder>
    <filename>hand1819</filename>
    <path>white_background-PascalVOC-export/Annotations/hand1819.jpg</path>
    <source>
        <database>Unknown</database>
    </source>
    <size>
        <width>320</width>
        <height>240</height>
        <depth>3</depth>
    </size>
    <segmented>0</segmented>
    <object>
    <name>hand</name>
    <pose>Unspecified</pose>
    <truncated>0</truncated>
    <difficult>0</difficult>
    <bndbox>
        <xmin>82.74013696639899</xmin>
        <ymin>48.73173486823563</ymin>
        <xmax>244.5261979606932</xmax>
        <ymax>232.47795302811443</ymax>
    </bndbox>
</object>
</annotation>