<annotation verified="yes">
    <folder>Annotation</folder>
    <filename>hand1825</filename>
    <path>white_background-PascalVOC-export/Annotations/hand1825.jpg</path>
    <source>
        <database>Unknown</database>
    </source>
    <size>
        <width>320</width>
        <height>240</height>
        <depth>3</depth>
    </size>
    <segmented>0</segmented>
    <object>
    <name>hand</name>
    <pose>Unspecified</pose>
    <truncated>0</truncated>
    <difficult>0</difficult>
    <bndbox>
        <xmin>47.74665838968724</xmin>
        <ymin>31.707624674112175</ymin>
        <xmax>204.70585904480137</xmax>
        <ymax>215.83395905263527</ymax>
    </bndbox>
</object>
</annotation>