<annotation verified="yes">
    <folder>Annotation</folder>
    <filename>hand1795</filename>
    <path>white_background-PascalVOC-export/Annotations/hand1795.jpg</path>
    <source>
        <database>Unknown</database>
    </source>
    <size>
        <width>320</width>
        <height>240</height>
        <depth>3</depth>
    </size>
    <segmented>0</segmented>
    <object>
    <name>hand</name>
    <pose>Unspecified</pose>
    <truncated>0</truncated>
    <difficult>0</difficult>
    <bndbox>
        <xmin>58.22683326289096</xmin>
        <ymin>27.298866108547067</ymin>
        <xmax>249.00993237531702</xmax>
        <ymax>226.10832687429536</ymax>
    </bndbox>
</object>
</annotation>