<annotation verified="yes">
    <folder>Annotation</folder>
    <filename>hand1767</filename>
    <path>white_background-PascalVOC-export/Annotations/hand1767.jpg</path>
    <source>
        <database>Unknown</database>
    </source>
    <size>
        <width>320</width>
        <height>240</height>
        <depth>3</depth>
    </size>
    <segmented>0</segmented>
    <object>
    <name>hand</name>
    <pose>Unspecified</pose>
    <truncated>0</truncated>
    <difficult>0</difficult>
    <bndbox>
        <xmin>68.92804311073543</xmin>
        <ymin>33.7883716398323</ymin>
        <xmax>189.49182428148777</xmax>
        <ymax>159.6401416731257</ymax>
    </bndbox>
</object>
</annotation>