<annotation verified="yes">
    <folder>Annotation</folder>
    <filename>hand1688</filename>
    <path>white_background-PascalVOC-export/Annotations/hand1688.jpg</path>
    <source>
        <database>Unknown</database>
    </source>
    <size>
        <width>320</width>
        <height>240</height>
        <depth>3</depth>
    </size>
    <segmented>0</segmented>
    <object>
    <name>hand</name>
    <pose>Unspecified</pose>
    <truncated>0</truncated>
    <difficult>0</difficult>
    <bndbox>
        <xmin>8.66193602071006</xmin>
        <ymin>76.45768467710681</ymin>
        <xmax>131.6924661876585</xmax>
        <ymax>239.99999999999997</ymax>
    </bndbox>
</object>
</annotation>