<annotation verified="yes">
    <folder>Annotation</folder>
    <filename>hand1793</filename>
    <path>white_background-PascalVOC-export/Annotations/hand1793.jpg</path>
    <source>
        <database>Unknown</database>
    </source>
    <size>
        <width>320</width>
        <height>240</height>
        <depth>3</depth>
    </size>
    <segmented>0</segmented>
    <object>
    <name>hand</name>
    <pose>Unspecified</pose>
    <truncated>0</truncated>
    <difficult>0</difficult>
    <bndbox>
        <xmin>39.780005151098905</xmin>
        <ymin>24.968141988003804</ymin>
        <xmax>220.8397281804734</xmax>
        <ymax>214.0046383966319</ymax>
    </bndbox>
</object>
</annotation>