<annotation verified="yes">
    <folder>Annotation</folder>
    <filename>hand1777</filename>
    <path>white_background-PascalVOC-export/Annotations/hand1777.jpg</path>
    <source>
        <database>Unknown</database>
    </source>
    <size>
        <width>320</width>
        <height>240</height>
        <depth>3</depth>
    </size>
    <segmented>0</segmented>
    <object>
    <name>hand</name>
    <pose>Unspecified</pose>
    <truncated>0</truncated>
    <difficult>0</difficult>
    <bndbox>
        <xmin>69.72619928148775</xmin>
        <ymin>35.134719108917</ymin>
        <xmax>187.39575628698225</xmax>
        <ymax>159.04335409033257</ymax>
    </bndbox>
</object>
</annotation>