<annotation verified="yes">
    <folder>Annotation</folder>
    <filename>hand1748</filename>
    <path>white_background-PascalVOC-export/Annotations/hand1748.jpg</path>
    <source>
        <database>Unknown</database>
    </source>
    <size>
        <width>320</width>
        <height>240</height>
        <depth>3</depth>
    </size>
    <segmented>0</segmented>
    <object>
    <name>hand</name>
    <pose>Unspecified</pose>
    <truncated>0</truncated>
    <difficult>0</difficult>
    <bndbox>
        <xmin>101.87412497358412</xmin>
        <ymin>1.7369917361013245</ymin>
        <xmax>271.5203006128487</xmax>
        <ymax>115.83563253065107</ymax>
    </bndbox>
</object>
</annotation>