<annotation verified="yes">
    <folder>Annotation</folder>
    <filename>hand1796</filename>
    <path>white_background-PascalVOC-export/Annotations/hand1796.jpg</path>
    <source>
        <database>Unknown</database>
    </source>
    <size>
        <width>320</width>
        <height>240</height>
        <depth>3</depth>
    </size>
    <segmented>0</segmented>
    <object>
    <name>hand</name>
    <pose>Unspecified</pose>
    <truncated>0</truncated>
    <difficult>0</difficult>
    <bndbox>
        <xmin>74.93019600591717</xmin>
        <ymin>36.88706528105623</ymin>
        <xmax>270.59719727388</xmax>
        <ymax>240</ymax>
    </bndbox>
</object>
</annotation>