<annotation verified="yes">
    <folder>Annotation</folder>
    <filename>hand1733</filename>
    <path>white_background-PascalVOC-export/Annotations/hand1733.jpg</path>
    <source>
        <database>Unknown</database>
    </source>
    <size>
        <width>320</width>
        <height>240</height>
        <depth>3</depth>
    </size>
    <segmented>0</segmented>
    <object>
    <name>hand</name>
    <pose>Unspecified</pose>
    <truncated>0</truncated>
    <difficult>0</difficult>
    <bndbox>
        <xmin>207.2641060862215</xmin>
        <ymin>60.31686535548196</ymin>
        <xmax>320</xmax>
        <ymax>187.00566890677845</ymax>
    </bndbox>
</object>
</annotation>