<annotation verified="yes">
    <folder>Annotation</folder>
    <filename>hand1809</filename>
    <path>white_background-PascalVOC-export/Annotations/hand1809.jpg</path>
    <source>
        <database>Unknown</database>
    </source>
    <size>
        <width>320</width>
        <height>240</height>
        <depth>3</depth>
    </size>
    <segmented>0</segmented>
    <object>
    <name>hand</name>
    <pose>Unspecified</pose>
    <truncated>0</truncated>
    <difficult>0</difficult>
    <bndbox>
        <xmin>65.67822802197803</xmin>
        <ymin>1.5669823337972095</ymin>
        <xmax>234.2829075972105</xmax>
        <ymax>170.71322091671362</ymax>
    </bndbox>
</object>
</annotation>