<annotation verified="yes">
    <folder>Annotation</folder>
    <filename>hand1807</filename>
    <path>white_background-PascalVOC-export/Annotations/hand1807.jpg</path>
    <source>
        <database>Unknown</database>
    </source>
    <size>
        <width>320</width>
        <height>240</height>
        <depth>3</depth>
    </size>
    <segmented>0</segmented>
    <object>
    <name>hand</name>
    <pose>Unspecified</pose>
    <truncated>0</truncated>
    <difficult>0</difficult>
    <bndbox>
        <xmin>70.9082774196957</xmin>
        <ymin>13.854511179273533</ymin>
        <xmax>245.90946613482674</xmax>
        <ymax>194.9744849651212</ymax>
    </bndbox>
</object>
</annotation>