<annotation verified="yes">
    <folder>Annotation</folder>
    <filename>hand1765</filename>
    <path>white_background-PascalVOC-export/Annotations/hand1765.jpg</path>
    <source>
        <database>Unknown</database>
    </source>
    <size>
        <width>320</width>
        <height>240</height>
        <depth>3</depth>
    </size>
    <segmented>0</segmented>
    <object>
    <name>hand</name>
    <pose>Unspecified</pose>
    <truncated>0</truncated>
    <difficult>0</difficult>
    <bndbox>
        <xmin>71.3286698277684</xmin>
        <ymin>36.63311636837655</ymin>
        <xmax>205.4787219991547</xmax>
        <ymax>169.6941223488585</ymax>
    </bndbox>
</object>
</annotation>