<annotation verified="yes">
    <folder>Annotation</folder>
    <filename>hand1798</filename>
    <path>white_background-PascalVOC-export/Annotations/hand1798.jpg</path>
    <source>
        <database>Unknown</database>
    </source>
    <size>
        <width>320</width>
        <height>240</height>
        <depth>3</depth>
    </size>
    <segmented>0</segmented>
    <object>
    <name>hand</name>
    <pose>Unspecified</pose>
    <truncated>0</truncated>
    <difficult>0</difficult>
    <bndbox>
        <xmin>115.40928122358412</xmin>
        <ymin>57.663805422949544</ymin>
        <xmax>303.9897572379544</xmax>
        <ymax>239.99999999999997</ymax>
    </bndbox>
</object>
</annotation>