<annotation verified="yes">
    <folder>Annotation</folder>
    <filename>hand1702</filename>
    <path>white_background-PascalVOC-export/Annotations/hand1702.jpg</path>
    <source>
        <database>Unknown</database>
    </source>
    <size>
        <width>320</width>
        <height>240</height>
        <depth>3</depth>
    </size>
    <segmented>0</segmented>
    <object>
    <name>hand</name>
    <pose>Unspecified</pose>
    <truncated>0</truncated>
    <difficult>0</difficult>
    <bndbox>
        <xmin>129.57490226120035</xmin>
        <ymin>106.49922711739008</ymin>
        <xmax>288.566343512257</xmax>
        <ymax>240</ymax>
    </bndbox>
</object>
</annotation>