<annotation verified="yes">
    <folder>Annotation</folder>
    <filename>hand1821</filename>
    <path>white_background-PascalVOC-export/Annotations/hand1821.jpg</path>
    <source>
        <database>Unknown</database>
    </source>
    <size>
        <width>320</width>
        <height>240</height>
        <depth>3</depth>
    </size>
    <segmented>0</segmented>
    <object>
    <name>hand</name>
    <pose>Unspecified</pose>
    <truncated>0</truncated>
    <difficult>0</difficult>
    <bndbox>
        <xmin>71.68701790997464</xmin>
        <ymin>39.68117216125282</ymin>
        <xmax>239.28062922654271</xmax>
        <ymax>225.16189248344136</ymax>
    </bndbox>
</object>
</annotation>