<annotation verified="yes">
    <folder>Annotation</folder>
    <filename>hand1746</filename>
    <path>white_background-PascalVOC-export/Annotations/hand1746.jpg</path>
    <source>
        <database>Unknown</database>
    </source>
    <size>
        <width>320</width>
        <height>240</height>
        <depth>3</depth>
    </size>
    <segmented>0</segmented>
    <object>
    <name>hand</name>
    <pose>Unspecified</pose>
    <truncated>0</truncated>
    <difficult>0</difficult>
    <bndbox>
        <xmin>122.10001386834321</xmin>
        <ymin>1.0247960999154453</ymin>
        <xmax>289.6009879543534</xmax>
        <ymax>114.75638784174183</ymax>
    </bndbox>
</object>
</annotation>