<annotation verified="yes">
    <folder>Annotation</folder>
    <filename>hand1801</filename>
    <path>white_background-PascalVOC-export/Annotations/hand1801.jpg</path>
    <source>
        <database>Unknown</database>
    </source>
    <size>
        <width>320</width>
        <height>240</height>
        <depth>3</depth>
    </size>
    <segmented>0</segmented>
    <object>
    <name>hand</name>
    <pose>Unspecified</pose>
    <truncated>0</truncated>
    <difficult>0</difficult>
    <bndbox>
        <xmin>110.62960627113273</xmin>
        <ymin>64.35832302089204</ymin>
        <xmax>297.5520723267118</xmax>
        <ymax>239.99999999999997</ymax>
    </bndbox>
</object>
</annotation>