<annotation verified="yes">
    <folder>Annotation</folder>
    <filename>hand1776</filename>
    <path>white_background-PascalVOC-export/Annotations/hand1776.jpg</path>
    <source>
        <database>Unknown</database>
    </source>
    <size>
        <width>320</width>
        <height>240</height>
        <depth>3</depth>
    </size>
    <segmented>0</segmented>
    <object>
    <name>hand</name>
    <pose>Unspecified</pose>
    <truncated>0</truncated>
    <difficult>0</difficult>
    <bndbox>
        <xmin>69.40765664623838</xmin>
        <ymin>34.235970584219984</ymin>
        <xmax>186.61057692307693</xmax>
        <ymax>161.9817778061584</ymax>
    </bndbox>
</object>
</annotation>