<annotation verified="yes">
    <folder>Annotation</folder>
    <filename>hand1706</filename>
    <path>white_background-PascalVOC-export/Annotations/hand1706.jpg</path>
    <source>
        <database>Unknown</database>
    </source>
    <size>
        <width>320</width>
        <height>240</height>
        <depth>3</depth>
    </size>
    <segmented>0</segmented>
    <object>
    <name>hand</name>
    <pose>Unspecified</pose>
    <truncated>0</truncated>
    <difficult>0</difficult>
    <bndbox>
        <xmin>155.338321534235</xmin>
        <ymin>79.7849277982314</ymin>
        <xmax>316.34301695900257</xmax>
        <ymax>212.6970630460823</ymax>
    </bndbox>
</object>
</annotation>