<annotation verified="yes">
    <folder>Annotation</folder>
    <filename>hand1670</filename>
    <path>white_background-PascalVOC-export/Annotations/hand1670.jpg</path>
    <source>
        <database>Unknown</database>
    </source>
    <size>
        <width>320</width>
        <height>240</height>
        <depth>3</depth>
    </size>
    <segmented>0</segmented>
    <object>
    <name>hand</name>
    <pose>Unspecified</pose>
    <truncated>0</truncated>
    <difficult>0</difficult>
    <bndbox>
        <xmin>24.02905087700761</xmin>
        <ymin>6.560695781514233</ymin>
        <xmax>158.56740014792902</xmax>
        <ymax>184.08498185597517</ymax>
    </bndbox>
</object>
</annotation>