<annotation verified="yes">
    <folder>Annotation</folder>
    <filename>hand1800</filename>
    <path>white_background-PascalVOC-export/Annotations/hand1800.jpg</path>
    <source>
        <database>Unknown</database>
    </source>
    <size>
        <width>320</width>
        <height>240</height>
        <depth>3</depth>
    </size>
    <segmented>0</segmented>
    <object>
    <name>hand</name>
    <pose>Unspecified</pose>
    <truncated>0</truncated>
    <difficult>0</difficult>
    <bndbox>
        <xmin>109.61513696639899</xmin>
        <ymin>62.20930475796223</ymin>
        <xmax>296.5595282121725</xmax>
        <ymax>240</ymax>
    </bndbox>
</object>
</annotation>