<annotation verified="yes">
    <folder>Annotation</folder>
    <filename>hand1760</filename>
    <path>white_background-PascalVOC-export/Annotations/hand1760.jpg</path>
    <source>
        <database>Unknown</database>
    </source>
    <size>
        <width>320</width>
        <height>240</height>
        <depth>3</depth>
    </size>
    <segmented>0</segmented>
    <object>
    <name>hand</name>
    <pose>Unspecified</pose>
    <truncated>0</truncated>
    <difficult>0</difficult>
    <bndbox>
        <xmin>69.19996169695689</xmin>
        <ymin>35.93938816762965</ymin>
        <xmax>240.33954326923077</xmax>
        <ymax>202.86817617319616</ymax>
    </bndbox>
</object>
</annotation>