<annotation verified="yes">
    <folder>Annotation</folder>
    <filename>hand1797</filename>
    <path>white_background-PascalVOC-export/Annotations/hand1797.jpg</path>
    <source>
        <database>Unknown</database>
    </source>
    <size>
        <width>320</width>
        <height>240</height>
        <depth>3</depth>
    </size>
    <segmented>0</segmented>
    <object>
    <name>hand</name>
    <pose>Unspecified</pose>
    <truncated>0</truncated>
    <difficult>0</difficult>
    <bndbox>
        <xmin>97.10402578191041</xmin>
        <ymin>52.60002058818348</ymin>
        <xmax>290.81988324175825</xmax>
        <ymax>240</ymax>
    </bndbox>
</object>
</annotation>