<annotation verified="yes">
    <folder>Annotation</folder>
    <filename>hand1786</filename>
    <path>white_background-PascalVOC-export/Annotations/hand1786.jpg</path>
    <source>
        <database>Unknown</database>
    </source>
    <size>
        <width>320</width>
        <height>240</height>
        <depth>3</depth>
    </size>
    <segmented>0</segmented>
    <object>
    <name>hand</name>
    <pose>Unspecified</pose>
    <truncated>0</truncated>
    <difficult>0</difficult>
    <bndbox>
        <xmin>70.27155536770923</xmin>
        <ymin>50.129801891030155</ymin>
        <xmax>243.6088070583263</xmax>
        <ymax>229.29906043017192</ymax>
    </bndbox>
</object>
</annotation>