<annotation verified="yes">
    <folder>Annotation</folder>
    <filename>hand1757</filename>
    <path>white_background-PascalVOC-export/Annotations/hand1757.jpg</path>
    <source>
        <database>Unknown</database>
    </source>
    <size>
        <width>320</width>
        <height>240</height>
        <depth>3</depth>
    </size>
    <segmented>0</segmented>
    <object>
    <name>hand</name>
    <pose>Unspecified</pose>
    <truncated>0</truncated>
    <difficult>0</difficult>
    <bndbox>
        <xmin>62.77569936073542</xmin>
        <ymin>28.89102905686302</ymin>
        <xmax>226.01120033812342</xmax>
        <ymax>198.2193203036922</ymax>
    </bndbox>
</object>
</annotation>