<annotation verified="yes">
    <folder>Annotation</folder>
    <filename>hand1715</filename>
    <path>white_background-PascalVOC-export/Annotations/hand1715.jpg</path>
    <source>
        <database>Unknown</database>
    </source>
    <size>
        <width>320</width>
        <height>240</height>
        <depth>3</depth>
    </size>
    <segmented>0</segmented>
    <object>
    <name>hand</name>
    <pose>Unspecified</pose>
    <truncated>0</truncated>
    <difficult>0</difficult>
    <bndbox>
        <xmin>160.7857407016061</xmin>
        <ymin>47.31511370842728</ymin>
        <xmax>319.5015321217245</xmax>
        <ymax>177.56279395962514</ymax>
    </bndbox>
</object>
</annotation>