<annotation verified="yes">
    <folder>Annotation</folder>
    <filename>hand1813</filename>
    <path>white_background-PascalVOC-export/Annotations/hand1813.jpg</path>
    <source>
        <database>Unknown</database>
    </source>
    <size>
        <width>320</width>
        <height>240</height>
        <depth>3</depth>
    </size>
    <segmented>0</segmented>
    <object>
    <name>hand</name>
    <pose>Unspecified</pose>
    <truncated>0</truncated>
    <difficult>0</difficult>
    <bndbox>
        <xmin>129.0959656329248</xmin>
        <ymin>22.410255612757187</ymin>
        <xmax>254.21013181530012</xmax>
        <ymax>168.12984427846675</ymax>
    </bndbox>
</object>
</annotation>