<annotation verified="yes">
    <folder>Annotation</folder>
    <filename>hand1806</filename>
    <path>white_background-PascalVOC-export/Annotations/hand1806.jpg</path>
    <source>
        <database>Unknown</database>
    </source>
    <size>
        <width>320</width>
        <height>240</height>
        <depth>3</depth>
    </size>
    <segmented>0</segmented>
    <object>
    <name>hand</name>
    <pose>Unspecified</pose>
    <truncated>0</truncated>
    <difficult>0</difficult>
    <bndbox>
        <xmin>70.35671359890111</xmin>
        <ymin>30.22713748282483</ymin>
        <xmax>248.77265162721895</xmax>
        <ymax>218.48668043616118</ymax>
    </bndbox>
</object>
</annotation>