<annotation verified="yes">
    <folder>Annotation</folder>
    <filename>hand1827</filename>
    <path>white_background-PascalVOC-export/Annotations/hand1827.jpg</path>
    <source>
        <database>Unknown</database>
    </source>
    <size>
        <width>320</width>
        <height>240</height>
        <depth>3</depth>
    </size>
    <segmented>0</segmented>
    <object>
    <name>hand</name>
    <pose>Unspecified</pose>
    <truncated>0</truncated>
    <difficult>0</difficult>
    <bndbox>
        <xmin>29.103675771344044</xmin>
        <ymin>6.446489164229847</ymin>
        <xmax>178.8168322062553</xmax>
        <ymax>186.0018298160936</ymax>
    </bndbox>
</object>
</annotation>