<annotation verified="yes">
    <folder>Annotation</folder>
    <filename>hand1662</filename>
    <path>white_background-PascalVOC-export/Annotations/hand1662.jpg</path>
    <source>
        <database>Unknown</database>
    </source>
    <size>
        <width>320</width>
        <height>240</height>
        <depth>3</depth>
    </size>
    <segmented>0</segmented>
    <object>
    <name>hand</name>
    <pose>Unspecified</pose>
    <truncated>0</truncated>
    <difficult>0</difficult>
    <bndbox>
        <xmin>24.807147479923923</xmin>
        <ymin>41.791505007222376</ymin>
        <xmax>211.7270379860524</xmax>
        <ymax>205.5929176648816</ymax>
    </bndbox>
</object>
</annotation>