<annotation verified="yes">
    <folder>Annotation</folder>
    <filename>hand1661</filename>
    <path>white_background-PascalVOC-export/Annotations/hand1661.jpg</path>
    <source>
        <database>Unknown</database>
    </source>
    <size>
        <width>320</width>
        <height>240</height>
        <depth>3</depth>
    </size>
    <segmented>0</segmented>
    <object>
    <name>hand</name>
    <pose>Unspecified</pose>
    <truncated>0</truncated>
    <difficult>0</difficult>
    <bndbox>
        <xmin>25.286480346576504</xmin>
        <ymin>40.512293457581734</ymin>
        <xmax>207.8707140215554</xmax>
        <ymax>207.27590257715613</ymax>
    </bndbox>
</object>
</annotation>