<annotation verified="yes">
    <folder>Annotation</folder>
    <filename>hand1722</filename>
    <path>white_background-PascalVOC-export/Annotations/hand1722.jpg</path>
    <source>
        <database>Unknown</database>
    </source>
    <size>
        <width>320</width>
        <height>240</height>
        <depth>3</depth>
    </size>
    <segmented>0</segmented>
    <object>
    <name>hand</name>
    <pose>Unspecified</pose>
    <truncated>0</truncated>
    <difficult>0</difficult>
    <bndbox>
        <xmin>187.6900293216399</xmin>
        <ymin>58.145065221603716</ymin>
        <xmax>320</xmax>
        <ymax>183.75112299182638</ymax>
    </bndbox>
</object>
</annotation>