<annotation verified="yes">
    <folder>Annotation</folder>
    <filename>hand1667</filename>
    <path>white_background-PascalVOC-export/Annotations/hand1667.jpg</path>
    <source>
        <database>Unknown</database>
    </source>
    <size>
        <width>320</width>
        <height>240</height>
        <depth>3</depth>
    </size>
    <segmented>0</segmented>
    <object>
    <name>hand</name>
    <pose>Unspecified</pose>
    <truncated>0</truncated>
    <difficult>0</difficult>
    <bndbox>
        <xmin>62.81968182058327</xmin>
        <ymin>28.461715887471815</ymin>
        <xmax>182.91215395181743</xmax>
        <ymax>182.61160006517756</ymax>
    </bndbox>
</object>
</annotation>