<annotation verified="yes">
    <folder>Annotation</folder>
    <filename>hand1787</filename>
    <path>white_background-PascalVOC-export/Annotations/hand1787.jpg</path>
    <source>
        <database>Unknown</database>
    </source>
    <size>
        <width>320</width>
        <height>240</height>
        <depth>3</depth>
    </size>
    <segmented>0</segmented>
    <object>
    <name>hand</name>
    <pose>Unspecified</pose>
    <truncated>0</truncated>
    <difficult>0</difficult>
    <bndbox>
        <xmin>62.127387336221474</xmin>
        <ymin>55.017665101817926</ymin>
        <xmax>243.0152749894337</xmax>
        <ymax>239.9913133279312</ymax>
    </bndbox>
</object>
</annotation>