<annotation verified="yes">
    <folder>Annotation</folder>
    <filename>hand1811</filename>
    <path>white_background-PascalVOC-export/Annotations/hand1811.jpg</path>
    <source>
        <database>Unknown</database>
    </source>
    <size>
        <width>320</width>
        <height>240</height>
        <depth>3</depth>
    </size>
    <segmented>0</segmented>
    <object>
    <name>hand</name>
    <pose>Unspecified</pose>
    <truncated>0</truncated>
    <difficult>0</difficult>
    <bndbox>
        <xmin>106.14948753169908</xmin>
        <ymin>1.1628456502783258</ymin>
        <xmax>269.6589708368555</xmax>
        <ymax>170.324186821801</ymax>
    </bndbox>
</object>
</annotation>