<annotation verified="yes">
    <folder>Annotation</folder>
    <filename>hand1826</filename>
    <path>white_background-PascalVOC-export/Annotations/hand1826.jpg</path>
    <source>
        <database>Unknown</database>
    </source>
    <size>
        <width>320</width>
        <height>240</height>
        <depth>3</depth>
    </size>
    <segmented>0</segmented>
    <object>
    <name>hand</name>
    <pose>Unspecified</pose>
    <truncated>0</truncated>
    <difficult>0</difficult>
    <bndbox>
        <xmin>43.36196705938293</xmin>
        <ymin>22.22296369653678</ymin>
        <xmax>196.19588044167372</xmax>
        <ymax>203.79248101923616</ymax>
    </bndbox>
</object>
</annotation>