<annotation verified="yes">
    <folder>Annotation</folder>
    <filename>hand1766</filename>
    <path>white_background-PascalVOC-export/Annotations/hand1766.jpg</path>
    <source>
        <database>Unknown</database>
    </source>
    <size>
        <width>320</width>
        <height>240</height>
        <depth>3</depth>
    </size>
    <segmented>0</segmented>
    <object>
    <name>hand</name>
    <pose>Unspecified</pose>
    <truncated>0</truncated>
    <difficult>0</difficult>
    <bndbox>
        <xmin>70.93938213229079</xmin>
        <ymin>34.80604995331877</ymin>
        <xmax>192.87101120033813</xmax>
        <ymax>162.48436619222096</ymax>
    </bndbox>
</object>
</annotation>