<annotation verified="yes">
    <folder>Annotation</folder>
    <filename>hand1665</filename>
    <path>white_background-PascalVOC-export/Annotations/hand1665.jpg</path>
    <source>
        <database>Unknown</database>
    </source>
    <size>
        <width>320</width>
        <height>240</height>
        <depth>3</depth>
    </size>
    <segmented>0</segmented>
    <object>
    <name>hand</name>
    <pose>Unspecified</pose>
    <truncated>0</truncated>
    <difficult>0</difficult>
    <bndbox>
        <xmin>52.253325100380394</xmin>
        <ymin>35.95238101791502</ymin>
        <xmax>189.3570702134404</xmax>
        <ymax>190.45279140536923</ymax>
    </bndbox>
</object>
</annotation>