<annotation verified="yes">
    <folder>Annotation</folder>
    <filename>hand1697</filename>
    <path>white_background-PascalVOC-export/Annotations/hand1697.jpg</path>
    <source>
        <database>Unknown</database>
    </source>
    <size>
        <width>320</width>
        <height>240</height>
        <depth>3</depth>
    </size>
    <segmented>0</segmented>
    <object>
    <name>hand</name>
    <pose>Unspecified</pose>
    <truncated>0</truncated>
    <difficult>0</difficult>
    <bndbox>
        <xmin>92.32301352493661</xmin>
        <ymin>126.85087769518037</ymin>
        <xmax>230.58834795012683</xmax>
        <ymax>240</ymax>
    </bndbox>
</object>
</annotation>