<annotation verified="yes">
    <folder>Annotation</folder>
    <filename>hand1761</filename>
    <path>white_background-PascalVOC-export/Annotations/hand1761.jpg</path>
    <source>
        <database>Unknown</database>
    </source>
    <size>
        <width>320</width>
        <height>240</height>
        <depth>3</depth>
    </size>
    <segmented>0</segmented>
    <object>
    <name>hand</name>
    <pose>Unspecified</pose>
    <truncated>0</truncated>
    <difficult>0</difficult>
    <bndbox>
        <xmin>69.8695054945055</xmin>
        <ymin>35.943591129685736</ymin>
        <xmax>235.78101886094674</xmax>
        <ymax>203.97878206031567</ymax>
    </bndbox>
</object>
</annotation>