<annotation verified="yes">
    <folder>Annotation</folder>
    <filename>hand1789</filename>
    <path>white_background-PascalVOC-export/Annotations/hand1789.jpg</path>
    <source>
        <database>Unknown</database>
    </source>
    <size>
        <width>320</width>
        <height>240</height>
        <depth>3</depth>
    </size>
    <segmented>0</segmented>
    <object>
    <name>hand</name>
    <pose>Unspecified</pose>
    <truncated>0</truncated>
    <difficult>0</difficult>
    <bndbox>
        <xmin>49.094793427726124</xmin>
        <ymin>43.92332332916432</ymin>
        <xmax>231.5403106508876</xmax>
        <ymax>236.19414767122322</ymax>
    </bndbox>
</object>
</annotation>