<annotation verified="yes">
    <folder>Annotation</folder>
    <filename>hand1698</filename>
    <path>white_background-PascalVOC-export/Annotations/hand1698.jpg</path>
    <source>
        <database>Unknown</database>
    </source>
    <size>
        <width>320</width>
        <height>240</height>
        <depth>3</depth>
    </size>
    <segmented>0</segmented>
    <object>
    <name>hand</name>
    <pose>Unspecified</pose>
    <truncated>0</truncated>
    <difficult>0</difficult>
    <bndbox>
        <xmin>103.57674476965343</xmin>
        <ymin>121.88378575958286</ymin>
        <xmax>245.1192017117498</xmax>
        <ymax>240</ymax>
    </bndbox>
</object>
</annotation>