<annotation verified="yes">
    <folder>Annotation</folder>
    <filename>hand1750</filename>
    <path>white_background-PascalVOC-export/Annotations/hand1750.jpg</path>
    <source>
        <database>Unknown</database>
    </source>
    <size>
        <width>320</width>
        <height>240</height>
        <depth>3</depth>
    </size>
    <segmented>0</segmented>
    <object>
    <name>hand</name>
    <pose>Unspecified</pose>
    <truncated>0</truncated>
    <difficult>0</difficult>
    <bndbox>
        <xmin>75.22772149725276</xmin>
        <ymin>2.217190472625423</ymin>
        <xmax>225.76926378909553</xmax>
        <ymax>164.42666312887542</ymax>
    </bndbox>
</object>
</annotation>