<annotation verified="yes">
    <folder>Annotation</folder>
    <filename>hand1828</filename>
    <path>white_background-PascalVOC-export/Annotations/hand1828.jpg</path>
    <source>
        <database>Unknown</database>
    </source>
    <size>
        <width>320</width>
        <height>240</height>
        <depth>3</depth>
    </size>
    <segmented>0</segmented>
    <object>
    <name>hand</name>
    <pose>Unspecified</pose>
    <truncated>0</truncated>
    <difficult>0</difficult>
    <bndbox>
        <xmin>12.374821692730348</xmin>
        <ymin>1.8569991016065388</ymin>
        <xmax>157.53486897717667</xmax>
        <ymax>165.5172863673196</ymax>
    </bndbox>
</object>
</annotation>