<annotation verified="yes">
    <folder>Annotation</folder>
    <filename>hand1716</filename>
    <path>white_background-PascalVOC-export/Annotations/hand1716.jpg</path>
    <source>
        <database>Unknown</database>
    </source>
    <size>
        <width>320</width>
        <height>240</height>
        <depth>3</depth>
    </size>
    <segmented>0</segmented>
    <object>
    <name>hand</name>
    <pose>Unspecified</pose>
    <truncated>0</truncated>
    <difficult>0</difficult>
    <bndbox>
        <xmin>158.45572696534236</xmin>
        <ymin>48.15972742125845</ymin>
        <xmax>320</xmax>
        <ymax>175.72029466424746</ymax>
    </bndbox>
</object>
</annotation>