<annotation verified="yes">
    <folder>Annotation</folder>
    <filename>hand1704</filename>
    <path>white_background-PascalVOC-export/Annotations/hand1704.jpg</path>
    <source>
        <database>Unknown</database>
    </source>
    <size>
        <width>320</width>
        <height>240</height>
        <depth>3</depth>
    </size>
    <segmented>0</segmented>
    <object>
    <name>hand</name>
    <pose>Unspecified</pose>
    <truncated>0</truncated>
    <difficult>0</difficult>
    <bndbox>
        <xmin>156.20073436179206</xmin>
        <ymin>86.59451077191375</ymin>
        <xmax>316.0217997147084</xmax>
        <ymax>225.0092151388106</ymax>
    </bndbox>
</object>
</annotation>