<annotation verified="yes">
    <folder>Annotation</folder>
    <filename>hand1782</filename>
    <path>white_background-PascalVOC-export/Annotations/hand1782.jpg</path>
    <source>
        <database>Unknown</database>
    </source>
    <size>
        <width>320</width>
        <height>240</height>
        <depth>3</depth>
    </size>
    <segmented>0</segmented>
    <object>
    <name>hand</name>
    <pose>Unspecified</pose>
    <truncated>0</truncated>
    <difficult>0</difficult>
    <bndbox>
        <xmin>73.81567651098902</xmin>
        <ymin>43.11229202631764</ymin>
        <xmax>227.95610339180053</xmax>
        <ymax>217.7214771085823</ymax>
    </bndbox>
</object>
</annotation>