<annotation verified="yes">
    <folder>Annotation</folder>
    <filename>hand1762</filename>
    <path>white_background-PascalVOC-export/Annotations/hand1762.jpg</path>
    <source>
        <database>Unknown</database>
    </source>
    <size>
        <width>320</width>
        <height>240</height>
        <depth>3</depth>
    </size>
    <segmented>0</segmented>
    <object>
    <name>hand</name>
    <pose>Unspecified</pose>
    <truncated>0</truncated>
    <difficult>0</difficult>
    <bndbox>
        <xmin>69.14480201289096</xmin>
        <ymin>36.7527686702896</ymin>
        <xmax>212.83825549450552</xmax>
        <ymax>196.78007416149944</ymax>
    </bndbox>
</object>
</annotation>