<annotation verified="yes">
    <folder>Annotation</folder>
    <filename>hand1710</filename>
    <path>white_background-PascalVOC-export/Annotations/hand1710.jpg</path>
    <source>
        <database>Unknown</database>
    </source>
    <size>
        <width>320</width>
        <height>240</height>
        <depth>3</depth>
    </size>
    <segmented>0</segmented>
    <object>
    <name>hand</name>
    <pose>Unspecified</pose>
    <truncated>0</truncated>
    <difficult>0</difficult>
    <bndbox>
        <xmin>129.57093987743028</xmin>
        <ymin>41.87791757680383</ymin>
        <xmax>299.4936733939138</xmax>
        <ymax>173.59959065846957</ymax>
    </bndbox>
</object>
</annotation>