<annotation verified="yes">
    <folder>Annotation</folder>
    <filename>hand1781</filename>
    <path>white_background-PascalVOC-export/Annotations/hand1781.jpg</path>
    <source>
        <database>Unknown</database>
    </source>
    <size>
        <width>320</width>
        <height>240</height>
        <depth>3</depth>
    </size>
    <segmented>0</segmented>
    <object>
    <name>hand</name>
    <pose>Unspecified</pose>
    <truncated>0</truncated>
    <difficult>0</difficult>
    <bndbox>
        <xmin>71.29210032755707</xmin>
        <ymin>39.07945497463359</ymin>
        <xmax>206.81397928994085</xmax>
        <ymax>219.14576103614712</ymax>
    </bndbox>
</object>
</annotation>