<annotation verified="yes">
    <folder>Annotation</folder>
    <filename>hand1673</filename>
    <path>white_background-PascalVOC-export/Annotations/hand1673.jpg</path>
    <source>
        <database>Unknown</database>
    </source>
    <size>
        <width>320</width>
        <height>240</height>
        <depth>3</depth>
    </size>
    <segmented>0</segmented>
    <object>
    <name>hand</name>
    <pose>Unspecified</pose>
    <truncated>0</truncated>
    <difficult>0</difficult>
    <bndbox>
        <xmin>4.282230689983094</xmin>
        <ymin>1.412570957669814</ymin>
        <xmax>210.00587753592563</xmax>
        <ymax>158.99207630178972</ymax>
    </bndbox>
</object>
</annotation>