<annotation verified="yes">
    <folder>Annotation</folder>
    <filename>hand1755</filename>
    <path>white_background-PascalVOC-export/Annotations/hand1755.jpg</path>
    <source>
        <database>Unknown</database>
    </source>
    <size>
        <width>320</width>
        <height>240</height>
        <depth>3</depth>
    </size>
    <segmented>0</segmented>
    <object>
    <name>hand</name>
    <pose>Unspecified</pose>
    <truncated>0</truncated>
    <difficult>0</difficult>
    <bndbox>
        <xmin>39.427848293533394</xmin>
        <ymin>31.022983624136835</ymin>
        <xmax>175.18953402366867</xmax>
        <ymax>210.830336853509</ymax>
    </bndbox>
</object>
</annotation>