<annotation verified="yes">
    <folder>Annotation</folder>
    <filename>hand1700</filename>
    <path>white_background-PascalVOC-export/Annotations/hand1700.jpg</path>
    <source>
        <database>Unknown</database>
    </source>
    <size>
        <width>320</width>
        <height>240</height>
        <depth>3</depth>
    </size>
    <segmented>0</segmented>
    <object>
    <name>hand</name>
    <pose>Unspecified</pose>
    <truncated>0</truncated>
    <difficult>0</difficult>
    <bndbox>
        <xmin>128.14867524302622</xmin>
        <ymin>108.62559562605693</ymin>
        <xmax>287.0707747781065</xmax>
        <ymax>240</ymax>
    </bndbox>
</object>
</annotation>