<annotation verified="yes">
    <folder>Annotation</folder>
    <filename>hand1713</filename>
    <path>white_background-PascalVOC-export/Annotations/hand1713.jpg</path>
    <source>
        <database>Unknown</database>
    </source>
    <size>
        <width>320</width>
        <height>240</height>
        <depth>3</depth>
    </size>
    <segmented>0</segmented>
    <object>
    <name>hand</name>
    <pose>Unspecified</pose>
    <truncated>0</truncated>
    <difficult>0</difficult>
    <bndbox>
        <xmin>139.73950628698225</xmin>
        <ymin>44.42665487158258</ymin>
        <xmax>308.5237809065934</xmax>
        <ymax>175.6675470775789</ymax>
    </bndbox>
</object>
</annotation>