<annotation verified="yes">
    <folder>Annotation</folder>
    <filename>hand1779</filename>
    <path>white_background-PascalVOC-export/Annotations/hand1779.jpg</path>
    <source>
        <database>Unknown</database>
    </source>
    <size>
        <width>320</width>
        <height>240</height>
        <depth>3</depth>
    </size>
    <segmented>0</segmented>
    <object>
    <name>hand</name>
    <pose>Unspecified</pose>
    <truncated>0</truncated>
    <difficult>0</difficult>
    <bndbox>
        <xmin>70.41398655431108</xmin>
        <ymin>39.27799332370349</ymin>
        <xmax>208.46381683220625</xmax>
        <ymax>220.21422170060598</ymax>
    </bndbox>
</object>
</annotation>