<annotation verified="yes">
    <folder>Annotation</folder>
    <filename>hand1717</filename>
    <path>white_background-PascalVOC-export/Annotations/hand1717.jpg</path>
    <source>
        <database>Unknown</database>
    </source>
    <size>
        <width>320</width>
        <height>240</height>
        <depth>3</depth>
    </size>
    <segmented>0</segmented>
    <object>
    <name>hand</name>
    <pose>Unspecified</pose>
    <truncated>0</truncated>
    <difficult>0</difficult>
    <bndbox>
        <xmin>170.25494637573965</xmin>
        <ymin>54.01523800820885</ymin>
        <xmax>317.9872411242604</xmax>
        <ymax>182.36389779453214</ymax>
    </bndbox>
</object>
</annotation>