<annotation verified="yes">
    <folder>Annotation</folder>
    <filename>hand1775</filename>
    <path>white_background-PascalVOC-export/Annotations/hand1775.jpg</path>
    <source>
        <database>Unknown</database>
    </source>
    <size>
        <width>320</width>
        <height>240</height>
        <depth>3</depth>
    </size>
    <segmented>0</segmented>
    <object>
    <name>hand</name>
    <pose>Unspecified</pose>
    <truncated>0</truncated>
    <difficult>0</difficult>
    <bndbox>
        <xmin>71.74084028951818</xmin>
        <ymin>35.69612419188627</ymin>
        <xmax>206.69094727388</xmax>
        <ymax>183.0178588729566</ymax>
    </bndbox>
</object>
</annotation>