<annotation verified="yes">
    <folder>Annotation</folder>
    <filename>hand1666</filename>
    <path>white_background-PascalVOC-export/Annotations/hand1666.jpg</path>
    <source>
        <database>Unknown</database>
    </source>
    <size>
        <width>320</width>
        <height>240</height>
        <depth>3</depth>
    </size>
    <segmented>0</segmented>
    <object>
    <name>hand</name>
    <pose>Unspecified</pose>
    <truncated>0</truncated>
    <difficult>0</difficult>
    <bndbox>
        <xmin>56.96938728338969</xmin>
        <ymin>35.74918555568278</ymin>
        <xmax>189.43337912087915</xmax>
        <ymax>192.50659482454904</ymax>
    </bndbox>
</object>
</annotation>