<annotation verified="yes">
    <folder>Annotation</folder>
    <filename>hand1752</filename>
    <path>white_background-PascalVOC-export/Annotations/hand1752.jpg</path>
    <source>
        <database>Unknown</database>
    </source>
    <size>
        <width>320</width>
        <height>240</height>
        <depth>3</depth>
    </size>
    <segmented>0</segmented>
    <object>
    <name>hand</name>
    <pose>Unspecified</pose>
    <truncated>0</truncated>
    <difficult>0</difficult>
    <bndbox>
        <xmin>60.04099416208792</xmin>
        <ymin>3.4058277770927283</ymin>
        <xmax>214.83080621301778</xmax>
        <ymax>180.78857146631904</ymax>
    </bndbox>
</object>
</annotation>