<annotation verified="yes">
    <folder>Annotation</folder>
    <filename>hand1783</filename>
    <path>white_background-PascalVOC-export/Annotations/hand1783.jpg</path>
    <source>
        <database>Unknown</database>
    </source>
    <size>
        <width>320</width>
        <height>240</height>
        <depth>3</depth>
    </size>
    <segmented>0</segmented>
    <object>
    <name>hand</name>
    <pose>Unspecified</pose>
    <truncated>0</truncated>
    <difficult>0</difficult>
    <bndbox>
        <xmin>72.83871777261201</xmin>
        <ymin>41.843732384441935</ymin>
        <xmax>229.97596153846155</xmax>
        <ymax>221.28733947822718</ymax>
    </bndbox>
</object>
</annotation>