<annotation verified="yes">
    <folder>Annotation</folder>
    <filename>hand1703</filename>
    <path>white_background-PascalVOC-export/Annotations/hand1703.jpg</path>
    <source>
        <database>Unknown</database>
    </source>
    <size>
        <width>320</width>
        <height>240</height>
        <depth>3</depth>
    </size>
    <segmented>0</segmented>
    <object>
    <name>hand</name>
    <pose>Unspecified</pose>
    <truncated>0</truncated>
    <difficult>0</difficult>
    <bndbox>
        <xmin>154.68106112637363</xmin>
        <ymin>87.94569288595687</ymin>
        <xmax>312.4062896238377</xmax>
        <ymax>233.49094119926718</ymax>
    </bndbox>
</object>
</annotation>