<annotation verified="yes">
    <folder>Annotation</folder>
    <filename>hand1683</filename>
    <path>white_background-PascalVOC-export/Annotations/hand1683.jpg</path>
    <source>
        <database>Unknown</database>
    </source>
    <size>
        <width>320</width>
        <height>240</height>
        <depth>3</depth>
    </size>
    <segmented>0</segmented>
    <object>
    <name>hand</name>
    <pose>Unspecified</pose>
    <truncated>0</truncated>
    <difficult>0</difficult>
    <bndbox>
        <xmin>0.8970671756128488</xmin>
        <ymin>35.73349257063838</ymin>
        <xmax>77.3016826923077</xmax>
        <ymax>208.93740201345827</ymax>
    </bndbox>
</object>
</annotation>