<annotation verified="yes">
    <folder>Annotation</folder>
    <filename>hand1672</filename>
    <path>white_background-PascalVOC-export/Annotations/hand1672.jpg</path>
    <source>
        <database>Unknown</database>
    </source>
    <size>
        <width>320</width>
        <height>240</height>
        <depth>3</depth>
    </size>
    <segmented>0</segmented>
    <object>
    <name>hand</name>
    <pose>Unspecified</pose>
    <truncated>0</truncated>
    <difficult>0</difficult>
    <bndbox>
        <xmin>9.782919154163146</xmin>
        <ymin>0.9802108472202649</ymin>
        <xmax>165.48113244928152</xmax>
        <ymax>171.0695231028044</ymax>
    </bndbox>
</object>
</annotation>