<annotation verified="yes">
    <folder>Annotation</folder>
    <filename>hand1689</filename>
    <path>white_background-PascalVOC-export/Annotations/hand1689.jpg</path>
    <source>
        <database>Unknown</database>
    </source>
    <size>
        <width>320</width>
        <height>240</height>
        <depth>3</depth>
    </size>
    <segmented>0</segmented>
    <object>
    <name>hand</name>
    <pose>Unspecified</pose>
    <truncated>0</truncated>
    <difficult>0</difficult>
    <bndbox>
        <xmin>15.173189190617077</xmin>
        <ymin>94.32645812781848</ymin>
        <xmax>148.32335032755708</xmax>
        <ymax>240</ymax>
    </bndbox>
</object>
</annotation>