<annotation verified="yes">
    <folder>Annotation</folder>
    <filename>hand1770</filename>
    <path>white_background-PascalVOC-export/Annotations/hand1770.jpg</path>
    <source>
        <database>Unknown</database>
    </source>
    <size>
        <width>320</width>
        <height>240</height>
        <depth>3</depth>
    </size>
    <segmented>0</segmented>
    <object>
    <name>hand</name>
    <pose>Unspecified</pose>
    <truncated>0</truncated>
    <difficult>0</difficult>
    <bndbox>
        <xmin>71.38696639898563</xmin>
        <ymin>35.32257252105059</ymin>
        <xmax>226.58046280642438</xmax>
        <ymax>199.82387744856254</ymax>
    </bndbox>
</object>
</annotation>