<annotation verified="yes">
    <folder>Annotation</folder>
    <filename>hand1764</filename>
    <path>white_background-PascalVOC-export/Annotations/hand1764.jpg</path>
    <source>
        <database>Unknown</database>
    </source>
    <size>
        <width>320</width>
        <height>240</height>
        <depth>3</depth>
    </size>
    <segmented>0</segmented>
    <object>
    <name>hand</name>
    <pose>Unspecified</pose>
    <truncated>0</truncated>
    <difficult>0</difficult>
    <bndbox>
        <xmin>73.61432137573965</xmin>
        <ymin>34.14986766312007</ymin>
        <xmax>206.1281566990702</xmax>
        <ymax>168.84537173231396</ymax>
    </bndbox>
</object>
</annotation>