<annotation verified="yes">
    <folder>Annotation</folder>
    <filename>hand1744</filename>
    <path>white_background-PascalVOC-export/Annotations/hand1744.jpg</path>
    <source>
        <database>Unknown</database>
    </source>
    <size>
        <width>320</width>
        <height>240</height>
        <depth>3</depth>
    </size>
    <segmented>0</segmented>
    <object>
    <name>hand</name>
    <pose>Unspecified</pose>
    <truncated>0</truncated>
    <difficult>0</difficult>
    <bndbox>
        <xmin>131.8528106508876</xmin>
        <ymin>0.7307869310174746</ymin>
        <xmax>299.52134404057483</xmax>
        <ymax>119.88107846850338</ymax>
    </bndbox>
</object>
</annotation>