<annotation verified="yes">
    <folder>Annotation</folder>
    <filename>hand1737</filename>
    <path>white_background-PascalVOC-export/Annotations/hand1737.jpg</path>
    <source>
        <database>Unknown</database>
    </source>
    <size>
        <width>320</width>
        <height>240</height>
        <depth>3</depth>
    </size>
    <segmented>0</segmented>
    <object>
    <name>hand</name>
    <pose>Unspecified</pose>
    <truncated>0</truncated>
    <difficult>0</difficult>
    <bndbox>
        <xmin>182.37908125528318</xmin>
        <ymin>31.421038811478297</ymin>
        <xmax>320</xmax>
        <ymax>146.52524859956313</ymax>
    </bndbox>
</object>
</annotation>