<annotation verified="yes">
    <folder>Annotation</folder>
    <filename>hand1729</filename>
    <path>white_background-PascalVOC-export/Annotations/hand1729.jpg</path>
    <source>
        <database>Unknown</database>
    </source>
    <size>
        <width>320</width>
        <height>240</height>
        <depth>3</depth>
    </size>
    <segmented>0</segmented>
    <object>
    <name>hand</name>
    <pose>Unspecified</pose>
    <truncated>0</truncated>
    <difficult>0</difficult>
    <bndbox>
        <xmin>214.22736818469994</xmin>
        <ymin>66.18434901705186</ymin>
        <xmax>320</xmax>
        <ymax>193.4792048337091</ymax>
    </bndbox>
</object>
</annotation>