<annotation verified="yes">
    <folder>Annotation</folder>
    <filename>hand1708</filename>
    <path>white_background-PascalVOC-export/Annotations/hand1708.jpg</path>
    <source>
        <database>Unknown</database>
    </source>
    <size>
        <width>320</width>
        <height>240</height>
        <depth>3</depth>
    </size>
    <segmented>0</segmented>
    <object>
    <name>hand</name>
    <pose>Unspecified</pose>
    <truncated>0</truncated>
    <difficult>0</difficult>
    <bndbox>
        <xmin>138.83109678782756</xmin>
        <ymin>54.94846073051719</ymin>
        <xmax>306.5780523562976</xmax>
        <ymax>189.26430273217304</ymax>
    </bndbox>
</object>
</annotation>