<annotation verified="yes">
    <folder>Annotation</folder>
    <filename>hand1772</filename>
    <path>white_background-PascalVOC-export/Annotations/hand1772.jpg</path>
    <source>
        <database>Unknown</database>
    </source>
    <size>
        <width>320</width>
        <height>240</height>
        <depth>3</depth>
    </size>
    <segmented>0</segmented>
    <object>
    <name>hand</name>
    <pose>Unspecified</pose>
    <truncated>0</truncated>
    <difficult>0</difficult>
    <bndbox>
        <xmin>72.64510579564667</xmin>
        <ymin>33.7404421835365</ymin>
        <xmax>240.6396608199493</xmax>
        <ymax>197.90341279417981</ymax>
    </bndbox>
</object>
</annotation>