<annotation verified="yes">
    <folder>Annotation</folder>
    <filename>hand1740</filename>
    <path>white_background-PascalVOC-export/Annotations/hand1740.jpg</path>
    <source>
        <database>Unknown</database>
    </source>
    <size>
        <width>320</width>
        <height>240</height>
        <depth>3</depth>
    </size>
    <segmented>0</segmented>
    <object>
    <name>hand</name>
    <pose>Unspecified</pose>
    <truncated>0</truncated>
    <difficult>0</difficult>
    <bndbox>
        <xmin>161.25635632396452</xmin>
        <ymin>10.256057274785089</ymin>
        <xmax>320.00000000000006</xmax>
        <ymax>135.2960900066939</ymax>
    </bndbox>
</object>
</annotation>