<annotation verified="yes">
    <folder>Annotation</folder>
    <filename>hand1803</filename>
    <path>white_background-PascalVOC-export/Annotations/hand1803.jpg</path>
    <source>
        <database>Unknown</database>
    </source>
    <size>
        <width>320</width>
        <height>240</height>
        <depth>3</depth>
    </size>
    <segmented>0</segmented>
    <object>
    <name>hand</name>
    <pose>Unspecified</pose>
    <truncated>0</truncated>
    <difficult>0</difficult>
    <bndbox>
        <xmin>86.60611924133559</xmin>
        <ymin>62.29718712566939</ymin>
        <xmax>266.0204459002536</xmax>
        <ymax>239.99999999999997</ymax>
    </bndbox>
</object>
</annotation>