<annotation verified="yes">
    <folder>Annotation</folder>
    <filename>hand1743</filename>
    <path>white_background-PascalVOC-export/Annotations/hand1743.jpg</path>
    <source>
        <database>Unknown</database>
    </source>
    <size>
        <width>320</width>
        <height>240</height>
        <depth>3</depth>
    </size>
    <segmented>0</segmented>
    <object>
    <name>hand</name>
    <pose>Unspecified</pose>
    <truncated>0</truncated>
    <difficult>0</difficult>
    <bndbox>
        <xmin>129.43143094885883</xmin>
        <ymin>1.2432138815001408</ymin>
        <xmax>298.9367603550296</xmax>
        <ymax>119.94365223365276</ymax>
    </bndbox>
</object>
</annotation>