<annotation verified="yes">
    <folder>Annotation</folder>
    <filename>hand1754</filename>
    <path>white_background-PascalVOC-export/Annotations/hand1754.jpg</path>
    <source>
        <database>Unknown</database>
    </source>
    <size>
        <width>320</width>
        <height>240</height>
        <depth>3</depth>
    </size>
    <segmented>0</segmented>
    <object>
    <name>hand</name>
    <pose>Unspecified</pose>
    <truncated>0</truncated>
    <difficult>0</difficult>
    <bndbox>
        <xmin>39.025567281276416</xmin>
        <ymin>25.511736090314965</ymin>
        <xmax>167.35329274091293</xmax>
        <ymax>206.36502408927564</ymax>
    </bndbox>
</object>
</annotation>