<annotation verified="yes">
    <folder>Annotation</folder>
    <filename>hand1814</filename>
    <path>white_background-PascalVOC-export/Annotations/hand1814.jpg</path>
    <source>
        <database>Unknown</database>
    </source>
    <size>
        <width>320</width>
        <height>240</height>
        <depth>3</depth>
    </size>
    <segmented>0</segmented>
    <object>
    <name>hand</name>
    <pose>Unspecified</pose>
    <truncated>0</truncated>
    <difficult>0</difficult>
    <bndbox>
        <xmin>123.59929733727812</xmin>
        <ymin>32.556594108917</ymin>
        <xmax>241.27644891166528</xmax>
        <ymax>175.1315496846815</ymax>
    </bndbox>
</object>
</annotation>