<annotation verified="yes">
    <folder>Annotation</folder>
    <filename>hand1753</filename>
    <path>white_background-PascalVOC-export/Annotations/hand1753.jpg</path>
    <source>
        <database>Unknown</database>
    </source>
    <size>
        <width>320</width>
        <height>240</height>
        <depth>3</depth>
    </size>
    <segmented>0</segmented>
    <object>
    <name>hand</name>
    <pose>Unspecified</pose>
    <truncated>0</truncated>
    <difficult>0</difficult>
    <bndbox>
        <xmin>49.87944447379544</xmin>
        <ymin>8.377279563310315</ymin>
        <xmax>200.23209662933223</xmax>
        <ymax>194.0044677459132</ymax>
    </bndbox>
</object>
</annotation>