<annotation verified="yes">
    <folder>Annotation</folder>
    <filename>hand1732</filename>
    <path>white_background-PascalVOC-export/Annotations/hand1732.jpg</path>
    <source>
        <database>Unknown</database>
    </source>
    <size>
        <width>320</width>
        <height>240</height>
        <depth>3</depth>
    </size>
    <segmented>0</segmented>
    <object>
    <name>hand</name>
    <pose>Unspecified</pose>
    <truncated>0</truncated>
    <difficult>0</difficult>
    <bndbox>
        <xmin>212.01830621301778</xmin>
        <ymin>62.58994944334836</ymin>
        <xmax>320.00000000000006</xmax>
        <ymax>188.54524115698985</ymax>
    </bndbox>
</object>
</annotation>