<annotation verified="yes">
    <folder>Annotation</folder>
    <filename>hand1682</filename>
    <path>white_background-PascalVOC-export/Annotations/hand1682.jpg</path>
    <source>
        <database>Unknown</database>
    </source>
    <size>
        <width>320</width>
        <height>240</height>
        <depth>3</depth>
    </size>
    <segmented>0</segmented>
    <object>
    <name>hand</name>
    <pose>Unspecified</pose>
    <truncated>0</truncated>
    <difficult>0</difficult>
    <bndbox>
        <xmin>0.793533389687236</xmin>
        <ymin>33.61197109286922</ymin>
        <xmax>78.72878473689774</xmax>
        <ymax>207.2994523763388</ymax>
    </bndbox>
</object>
</annotation>