<annotation verified="yes">
    <folder>Annotation</folder>
    <filename>hand1745</filename>
    <path>white_background-PascalVOC-export/Annotations/hand1745.jpg</path>
    <source>
        <database>Unknown</database>
    </source>
    <size>
        <width>320</width>
        <height>240</height>
        <depth>3</depth>
    </size>
    <segmented>0</segmented>
    <object>
    <name>hand</name>
    <pose>Unspecified</pose>
    <truncated>0</truncated>
    <difficult>0</difficult>
    <bndbox>
        <xmin>131.07740516694844</xmin>
        <ymin>0.8724655615839909</ymin>
        <xmax>299.7005428465765</xmax>
        <ymax>120.68249828248308</ymax>
    </bndbox>
</object>
</annotation>