<annotation verified="yes">
    <folder>Annotation</folder>
    <filename>hand1824</filename>
    <path>white_background-PascalVOC-export/Annotations/hand1824.jpg</path>
    <source>
        <database>Unknown</database>
    </source>
    <size>
        <width>320</width>
        <height>240</height>
        <depth>3</depth>
    </size>
    <segmented>0</segmented>
    <object>
    <name>hand</name>
    <pose>Unspecified</pose>
    <truncated>0</truncated>
    <difficult>0</difficult>
    <bndbox>
        <xmin>49.18247767857143</xmin>
        <ymin>30.469088549006482</ymin>
        <xmax>204.93904532967036</xmax>
        <ymax>215.70575632398533</ymax>
    </bndbox>
</object>
</annotation>