<annotation verified="yes">
    <folder>Annotation</folder>
    <filename>hand1725</filename>
    <path>white_background-PascalVOC-export/Annotations/hand1725.jpg</path>
    <source>
        <database>Unknown</database>
    </source>
    <size>
        <width>320</width>
        <height>240</height>
        <depth>3</depth>
    </size>
    <segmented>0</segmented>
    <object>
    <name>hand</name>
    <pose>Unspecified</pose>
    <truncated>0</truncated>
    <difficult>0</difficult>
    <bndbox>
        <xmin>203.93312816990704</xmin>
        <ymin>63.22547198685879</ymin>
        <xmax>320</xmax>
        <ymax>192.52613157941093</ymax>
    </bndbox>
</object>
</annotation>