<annotation verified="yes">
    <folder>Annotation</folder>
    <filename>hand1780</filename>
    <path>white_background-PascalVOC-export/Annotations/hand1780.jpg</path>
    <source>
        <database>Unknown</database>
    </source>
    <size>
        <width>320</width>
        <height>240</height>
        <depth>3</depth>
    </size>
    <segmented>0</segmented>
    <object>
    <name>hand</name>
    <pose>Unspecified</pose>
    <truncated>0</truncated>
    <difficult>0</difficult>
    <bndbox>
        <xmin>70.79424331677939</xmin>
        <ymin>42.54165528995208</ymin>
        <xmax>208.76997701817416</xmax>
        <ymax>218.72316930312851</ymax>
    </bndbox>
</object>
</annotation>