<annotation verified="yes">
    <folder>Annotation</folder>
    <filename>hand1774</filename>
    <path>white_background-PascalVOC-export/Annotations/hand1774.jpg</path>
    <source>
        <database>Unknown</database>
    </source>
    <size>
        <width>320</width>
        <height>240</height>
        <depth>3</depth>
    </size>
    <segmented>0</segmented>
    <object>
    <name>hand</name>
    <pose>Unspecified</pose>
    <truncated>0</truncated>
    <difficult>0</difficult>
    <bndbox>
        <xmin>72.33339827240069</xmin>
        <ymin>36.888010741086525</ymin>
        <xmax>239.4341385777684</xmax>
        <ymax>196.33269403537204</ymax>
    </bndbox>
</object>
</annotation>