<annotation verified="yes">
    <folder>Annotation</folder>
    <filename>hand1751</filename>
    <path>white_background-PascalVOC-export/Annotations/hand1751.jpg</path>
    <source>
        <database>Unknown</database>
    </source>
    <size>
        <width>320</width>
        <height>240</height>
        <depth>3</depth>
    </size>
    <segmented>0</segmented>
    <object>
    <name>hand</name>
    <pose>Unspecified</pose>
    <truncated>0</truncated>
    <difficult>0</difficult>
    <bndbox>
        <xmin>62.319529929205416</xmin>
        <ymin>3.0659741183413187</ymin>
        <xmax>214.3737452451395</xmax>
        <ymax>180.07809747569053</ymax>
    </bndbox>
</object>
</annotation>