<annotation verified="yes">
    <folder>Annotation</folder>
    <filename>hand1799</filename>
    <path>white_background-PascalVOC-export/Annotations/hand1799.jpg</path>
    <source>
        <database>Unknown</database>
    </source>
    <size>
        <width>320</width>
        <height>240</height>
        <depth>3</depth>
    </size>
    <segmented>0</segmented>
    <object>
    <name>hand</name>
    <pose>Unspecified</pose>
    <truncated>0</truncated>
    <difficult>0</difficult>
    <bndbox>
        <xmin>121.15249233939139</xmin>
        <ymin>61.8801525507328</ymin>
        <xmax>311.0327623098056</xmax>
        <ymax>240</ymax>
    </bndbox>
</object>
</annotation>