<annotation verified="yes">
    <folder>Annotation</folder>
    <filename>hand1802</filename>
    <path>white_background-PascalVOC-export/Annotations/hand1802.jpg</path>
    <source>
        <database>Unknown</database>
    </source>
    <size>
        <width>320</width>
        <height>240</height>
        <depth>3</depth>
    </size>
    <segmented>0</segmented>
    <object>
    <name>hand</name>
    <pose>Unspecified</pose>
    <truncated>0</truncated>
    <difficult>0</difficult>
    <bndbox>
        <xmin>109.40405748098057</xmin>
        <ymin>60.86992231538895</ymin>
        <xmax>293.5456730769231</xmax>
        <ymax>240</ymax>
    </bndbox>
</object>
</annotation>