<annotation verified="yes">
    <folder>Annotation</folder>
    <filename>hand1812</filename>
    <path>white_background-PascalVOC-export/Annotations/hand1812.jpg</path>
    <source>
        <database>Unknown</database>
    </source>
    <size>
        <width>320</width>
        <height>240</height>
        <depth>3</depth>
    </size>
    <segmented>0</segmented>
    <object>
    <name>hand</name>
    <pose>Unspecified</pose>
    <truncated>0</truncated>
    <difficult>0</difficult>
    <bndbox>
        <xmin>123.21946983305158</xmin>
        <ymin>8.842553243024238</ymin>
        <xmax>256.1808564032122</xmax>
        <ymax>169.39033654523675</ymax>
    </bndbox>
</object>
</annotation>