<annotation verified="yes">
    <folder>Annotation</folder>
    <filename>hand1686</filename>
    <path>white_background-PascalVOC-export/Annotations/hand1686.jpg</path>
    <source>
        <database>Unknown</database>
    </source>
    <size>
        <width>320</width>
        <height>240</height>
        <depth>3</depth>
    </size>
    <segmented>0</segmented>
    <object>
    <name>hand</name>
    <pose>Unspecified</pose>
    <truncated>0</truncated>
    <difficult>0</difficult>
    <bndbox>
        <xmin>0.812891285397295</xmin>
        <ymin>45.39603627924183</ymin>
        <xmax>94.56043956043958</xmax>
        <ymax>224.90111066093573</ymax>
    </bndbox>
</object>
</annotation>