<annotation verified="yes">
    <folder>Annotation</folder>
    <filename>hand1794</filename>
    <path>white_background-PascalVOC-export/Annotations/hand1794.jpg</path>
    <source>
        <database>Unknown</database>
    </source>
    <size>
        <width>320</width>
        <height>240</height>
        <depth>3</depth>
    </size>
    <segmented>0</segmented>
    <object>
    <name>hand</name>
    <pose>Unspecified</pose>
    <truncated>0</truncated>
    <difficult>0</difficult>
    <bndbox>
        <xmin>47.426167582417584</xmin>
        <ymin>18.145107884283398</ymin>
        <xmax>230.5904282016061</xmax>
        <ymax>211.14046425803267</ymax>
    </bndbox>
</object>
</annotation>