<annotation verified="yes">
    <folder>Annotation</folder>
    <filename>hand1730</filename>
    <path>white_background-PascalVOC-export/Annotations/hand1730.jpg</path>
    <source>
        <database>Unknown</database>
    </source>
    <size>
        <width>320</width>
        <height>240</height>
        <depth>3</depth>
    </size>
    <segmented>0</segmented>
    <object>
    <name>hand</name>
    <pose>Unspecified</pose>
    <truncated>0</truncated>
    <difficult>0</difficult>
    <bndbox>
        <xmin>217.00717851859682</xmin>
        <ymin>65.34569706965192</ymin>
        <xmax>317.69722765215556</xmax>
        <ymax>190.48250114501127</ymax>
    </bndbox>
</object>
</annotation>