<annotation verified="yes">
    <folder>Annotation</folder>
    <filename>hand1739</filename>
    <path>white_background-PascalVOC-export/Annotations/hand1739.jpg</path>
    <source>
        <database>Unknown</database>
    </source>
    <size>
        <width>320</width>
        <height>240</height>
        <depth>3</depth>
    </size>
    <segmented>0</segmented>
    <object>
    <name>hand</name>
    <pose>Unspecified</pose>
    <truncated>0</truncated>
    <difficult>0</difficult>
    <bndbox>
        <xmin>167.16572339919696</xmin>
        <ymin>16.06320076891911</ymin>
        <xmax>320</xmax>
        <ymax>131.68137749260146</ymax>
    </bndbox>
</object>
</annotation>