<annotation verified="yes">
    <folder>Annotation</folder>
    <filename>hand1693</filename>
    <path>white_background-PascalVOC-export/Annotations/hand1693.jpg</path>
    <source>
        <database>Unknown</database>
    </source>
    <size>
        <width>320</width>
        <height>240</height>
        <depth>3</depth>
    </size>
    <segmented>0</segmented>
    <object>
    <name>hand</name>
    <pose>Unspecified</pose>
    <truncated>0</truncated>
    <difficult>0</difficult>
    <bndbox>
        <xmin>59.271911982248525</xmin>
        <ymin>105.64524137718432</ymin>
        <xmax>200.81786903000847</xmax>
        <ymax>240</ymax>
    </bndbox>
</object>
</annotation>