<annotation verified="yes">
    <folder>Annotation</folder>
    <filename>hand1675</filename>
    <path>white_background-PascalVOC-export/Annotations/hand1675.jpg</path>
    <source>
        <database>Unknown</database>
    </source>
    <size>
        <width>320</width>
        <height>240</height>
        <depth>3</depth>
    </size>
    <segmented>0</segmented>
    <object>
    <name>hand</name>
    <pose>Unspecified</pose>
    <truncated>0</truncated>
    <difficult>0</difficult>
    <bndbox>
        <xmin>5.164587515849536</xmin>
        <ymin>0.25061296637189967</ymin>
        <xmax>204.78061601859682</xmax>
        <ymax>139.21775912485907</ymax>
    </bndbox>
</object>
</annotation>