<annotation verified="yes">
    <folder>Annotation</folder>
    <filename>hand1747</filename>
    <path>white_background-PascalVOC-export/Annotations/hand1747.jpg</path>
    <source>
        <database>Unknown</database>
    </source>
    <size>
        <width>320</width>
        <height>240</height>
        <depth>3</depth>
    </size>
    <segmented>0</segmented>
    <object>
    <name>hand</name>
    <pose>Unspecified</pose>
    <truncated>0</truncated>
    <difficult>0</difficult>
    <bndbox>
        <xmin>114.16124590553679</xmin>
        <ymin>1.0062626061337372</ymin>
        <xmax>279.43153000845314</xmax>
        <ymax>108.34428617354847</ymax>
    </bndbox>
</object>
</annotation>