<annotation verified="yes">
    <folder>Annotation</folder>
    <filename>hand1658</filename>
    <path>white_background-PascalVOC-export/Annotations/hand1658.jpg</path>
    <source>
        <database>Unknown</database>
    </source>
    <size>
        <width>320</width>
        <height>240</height>
        <depth>3</depth>
    </size>
    <segmented>0</segmented>
    <object>
    <name>hand</name>
    <pose>Unspecified</pose>
    <truncated>0</truncated>
    <difficult>0</difficult>
    <bndbox>
        <xmin>36.39531216980136</xmin>
        <ymin>38.899223043792276</ymin>
        <xmax>211.3510738060017</xmax>
        <ymax>234.00791378945883</ymax>
    </bndbox>
</object>
</annotation>