<annotation verified="yes">
    <folder>Annotation</folder>
    <filename>hand1734</filename>
    <path>white_background-PascalVOC-export/Annotations/hand1734.jpg</path>
    <source>
        <database>Unknown</database>
    </source>
    <size>
        <width>320</width>
        <height>240</height>
        <depth>3</depth>
    </size>
    <segmented>0</segmented>
    <object>
    <name>hand</name>
    <pose>Unspecified</pose>
    <truncated>0</truncated>
    <difficult>0</difficult>
    <bndbox>
        <xmin>207.64895260989013</xmin>
        <ymin>59.87151652339346</ymin>
        <xmax>319.98352308748946</xmax>
        <ymax>185.7738624753382</ymax>
    </bndbox>
</object>
</annotation>