<annotation verified="yes">
    <folder>Annotation</folder>
    <filename>hand1763</filename>
    <path>white_background-PascalVOC-export/Annotations/hand1763.jpg</path>
    <source>
        <database>Unknown</database>
    </source>
    <size>
        <width>320</width>
        <height>240</height>
        <depth>3</depth>
    </size>
    <segmented>0</segmented>
    <object>
    <name>hand</name>
    <pose>Unspecified</pose>
    <truncated>0</truncated>
    <difficult>0</difficult>
    <bndbox>
        <xmin>72.01436033918006</xmin>
        <ymin>34.808407410424884</ymin>
        <xmax>204.8634958791209</xmax>
        <ymax>169.4970537979143</ymax>
    </bndbox>
</object>
</annotation>