<annotation verified="yes">
    <folder>Annotation</folder>
    <filename>hand1768</filename>
    <path>white_background-PascalVOC-export/Annotations/hand1768.jpg</path>
    <source>
        <database>Unknown</database>
    </source>
    <size>
        <width>320</width>
        <height>240</height>
        <depth>3</depth>
    </size>
    <segmented>0</segmented>
    <object>
    <name>hand</name>
    <pose>Unspecified</pose>
    <truncated>0</truncated>
    <difficult>0</difficult>
    <bndbox>
        <xmin>71.60730795646661</xmin>
        <ymin>34.95834746247886</ymin>
        <xmax>197.4705793005072</xmax>
        <ymax>172.6992649908399</ymax>
    </bndbox>
</object>
</annotation>