<annotation verified="yes">
    <folder>Annotation</folder>
    <filename>hand1788</filename>
    <path>white_background-PascalVOC-export/Annotations/hand1788.jpg</path>
    <source>
        <database>Unknown</database>
    </source>
    <size>
        <width>320</width>
        <height>240</height>
        <depth>3</depth>
    </size>
    <segmented>0</segmented>
    <object>
    <name>hand</name>
    <pose>Unspecified</pose>
    <truncated>0</truncated>
    <difficult>0</difficult>
    <bndbox>
        <xmin>50.763732961749795</xmin>
        <ymin>52.60087108934611</ymin>
        <xmax>235.9169946639899</xmax>
        <ymax>238.3956575447435</ymax>
    </bndbox>
</object>
</annotation>