<annotation verified="yes">
    <folder>Annotation</folder>
    <filename>hand1741</filename>
    <path>white_background-PascalVOC-export/Annotations/hand1741.jpg</path>
    <source>
        <database>Unknown</database>
    </source>
    <size>
        <width>320</width>
        <height>240</height>
        <depth>3</depth>
    </size>
    <segmented>0</segmented>
    <object>
    <name>hand</name>
    <pose>Unspecified</pose>
    <truncated>0</truncated>
    <difficult>0</difficult>
    <bndbox>
        <xmin>153.24223702979714</xmin>
        <ymin>5.987635529699831</ymin>
        <xmax>317.7618145076078</xmax>
        <ymax>131.06503664036077</ymax>
    </bndbox>
</object>
</annotation>