<annotation verified="yes">
    <folder>Annotation</folder>
    <filename>hand1742</filename>
    <path>white_background-PascalVOC-export/Annotations/hand1742.jpg</path>
    <source>
        <database>Unknown</database>
    </source>
    <size>
        <width>320</width>
        <height>240</height>
        <depth>3</depth>
    </size>
    <segmented>0</segmented>
    <object>
    <name>hand</name>
    <pose>Unspecified</pose>
    <truncated>0</truncated>
    <difficult>0</difficult>
    <bndbox>
        <xmin>142.4751855716399</xmin>
        <ymin>1.6683942758244081</ymin>
        <xmax>311.13026997041425</xmax>
        <ymax>127.10502065424183</ymax>
    </bndbox>
</object>
</annotation>