<annotation verified="yes">
    <folder>Annotation</folder>
    <filename>hand1815</filename>
    <path>white_background-PascalVOC-export/Annotations/hand1815.jpg</path>
    <source>
        <database>Unknown</database>
    </source>
    <size>
        <width>320</width>
        <height>240</height>
        <depth>3</depth>
    </size>
    <segmented>0</segmented>
    <object>
    <name>hand</name>
    <pose>Unspecified</pose>
    <truncated>0</truncated>
    <difficult>0</difficult>
    <bndbox>
        <xmin>119.23763736263737</xmin>
        <ymin>30.821534579340472</ymin>
        <xmax>239.13811549027898</xmax>
        <ymax>174.7665443119363</ymax>
    </bndbox>
</object>
</annotation>