<annotation verified="yes">
    <folder>Annotation</folder>
    <filename>hand1784</filename>
    <path>white_background-PascalVOC-export/Annotations/hand1784.jpg</path>
    <source>
        <database>Unknown</database>
    </source>
    <size>
        <width>320</width>
        <height>240</height>
        <depth>3</depth>
    </size>
    <segmented>0</segmented>
    <object>
    <name>hand</name>
    <pose>Unspecified</pose>
    <truncated>0</truncated>
    <difficult>0</difficult>
    <bndbox>
        <xmin>71.21105306952663</xmin>
        <ymin>44.2841587690248</ymin>
        <xmax>236.8453151415892</xmax>
        <ymax>224.22759631306369</ymax>
    </bndbox>
</object>
</annotation>