<annotation verified="yes">
    <folder>Annotation</folder>
    <filename>hand1660</filename>
    <path>white_background-PascalVOC-export/Annotations/hand1660.jpg</path>
    <source>
        <database>Unknown</database>
    </source>
    <size>
        <width>320</width>
        <height>240</height>
        <depth>3</depth>
    </size>
    <segmented>0</segmented>
    <object>
    <name>hand</name>
    <pose>Unspecified</pose>
    <truncated>0</truncated>
    <difficult>0</difficult>
    <bndbox>
        <xmin>33.26126472685968</xmin>
        <ymin>35.709905613637964</ymin>
        <xmax>208.50155853761623</xmax>
        <ymax>214.3388936108371</ymax>
    </bndbox>
</object>
</annotation>