<annotation verified="yes">
    <folder>Annotation</folder>
    <filename>hand1771</filename>
    <path>white_background-PascalVOC-export/Annotations/hand1771.jpg</path>
    <source>
        <database>Unknown</database>
    </source>
    <size>
        <width>320</width>
        <height>240</height>
        <depth>3</depth>
    </size>
    <segmented>0</segmented>
    <object>
    <name>hand</name>
    <pose>Unspecified</pose>
    <truncated>0</truncated>
    <difficult>0</difficult>
    <bndbox>
        <xmin>73.1484110841082</xmin>
        <ymin>34.76930912882258</ymin>
        <xmax>240.88110207100593</xmax>
        <ymax>197.81565428586526</ymax>
    </bndbox>
</object>
</annotation>