<annotation verified="yes">
    <folder>Annotation</folder>
    <filename>hand1759</filename>
    <path>white_background-PascalVOC-export/Annotations/hand1759.jpg</path>
    <source>
        <database>Unknown</database>
    </source>
    <size>
        <width>320</width>
        <height>240</height>
        <depth>3</depth>
    </size>
    <segmented>0</segmented>
    <object>
    <name>hand</name>
    <pose>Unspecified</pose>
    <truncated>0</truncated>
    <difficult>0</difficult>
    <bndbox>
        <xmin>70.40540138947591</xmin>
        <ymin>35.55171652603579</ymin>
        <xmax>239.98051827979714</xmax>
        <ymax>205.0279867178692</ymax>
    </bndbox>
</object>
</annotation>