<annotation verified="yes">
    <folder>Annotation</folder>
    <filename>hand1709</filename>
    <path>white_background-PascalVOC-export/Annotations/hand1709.jpg</path>
    <source>
        <database>Unknown</database>
    </source>
    <size>
        <width>320</width>
        <height>240</height>
        <depth>3</depth>
    </size>
    <segmented>0</segmented>
    <object>
    <name>hand</name>
    <pose>Unspecified</pose>
    <truncated>0</truncated>
    <difficult>0</difficult>
    <bndbox>
        <xmin>133.80094965131025</xmin>
        <ymin>46.36058717058906</ymin>
        <xmax>302.1851886094675</xmax>
        <ymax>181.53390774732244</ymax>
    </bndbox>
</object>
</annotation>