<annotation verified="yes">
    <folder>Annotation</folder>
    <filename>hand1738</filename>
    <path>white_background-PascalVOC-export/Annotations/hand1738.jpg</path>
    <source>
        <database>Unknown</database>
    </source>
    <size>
        <width>320</width>
        <height>240</height>
        <depth>3</depth>
    </size>
    <segmented>0</segmented>
    <object>
    <name>hand</name>
    <pose>Unspecified</pose>
    <truncated>0</truncated>
    <difficult>0</difficult>
    <bndbox>
        <xmin>174.98659393491127</xmin>
        <ymin>19.493127455168406</ymin>
        <xmax>317.77403185756555</xmax>
        <ymax>131.61540172280158</ymax>
    </bndbox>
</object>
</annotation>