<annotation verified="yes">
    <folder>Annotation</folder>
    <filename>hand1778</filename>
    <path>white_background-PascalVOC-export/Annotations/hand1778.jpg</path>
    <source>
        <database>Unknown</database>
    </source>
    <size>
        <width>320</width>
        <height>240</height>
        <depth>3</depth>
    </size>
    <segmented>0</segmented>
    <object>
    <name>hand</name>
    <pose>Unspecified</pose>
    <truncated>0</truncated>
    <difficult>0</difficult>
    <bndbox>
        <xmin>70.52886266377854</xmin>
        <ymin>38.762812566058344</ymin>
        <xmax>193.48927514792902</xmax>
        <ymax>187.23342155791994</ymax>
    </bndbox>
</object>
</annotation>