<annotation verified="yes">
    <folder>Annotation</folder>
    <filename>hand1822</filename>
    <path>white_background-PascalVOC-export/Annotations/hand1822.jpg</path>
    <source>
        <database>Unknown</database>
    </source>
    <size>
        <width>320</width>
        <height>240</height>
        <depth>3</depth>
    </size>
    <segmented>0</segmented>
    <object>
    <name>hand</name>
    <pose>Unspecified</pose>
    <truncated>0</truncated>
    <difficult>0</difficult>
    <bndbox>
        <xmin>74.6050328877853</xmin>
        <ymin>42.2226925820885</ymin>
        <xmax>239.16255019019445</xmax>
        <ymax>224.26050988232805</ymax>
    </bndbox>
</object>
</annotation>