<annotation verified="yes">
    <folder>Annotation</folder>
    <filename>hand1705</filename>
    <path>white_background-PascalVOC-export/Annotations/hand1705.jpg</path>
    <source>
        <database>Unknown</database>
    </source>
    <size>
        <width>320</width>
        <height>240</height>
        <depth>3</depth>
    </size>
    <segmented>0</segmented>
    <object>
    <name>hand</name>
    <pose>Unspecified</pose>
    <truncated>0</truncated>
    <difficult>0</difficult>
    <bndbox>
        <xmin>155.02271766694844</xmin>
        <ymin>82.008030492531</ymin>
        <xmax>317.0610339180051</xmax>
        <ymax>217.2019447576099</ymax>
    </bndbox>
</object>
</annotation>