<annotation verified="yes">
    <folder>Annotation</folder>
    <filename>hand1719</filename>
    <path>white_background-PascalVOC-export/Annotations/hand1719.jpg</path>
    <source>
        <database>Unknown</database>
    </source>
    <size>
        <width>320</width>
        <height>240</height>
        <depth>3</depth>
    </size>
    <segmented>0</segmented>
    <object>
    <name>hand</name>
    <pose>Unspecified</pose>
    <truncated>0</truncated>
    <difficult>0</difficult>
    <bndbox>
        <xmin>179.87315418956047</xmin>
        <ymin>57.338022191199265</ymin>
        <xmax>318.53863984573127</xmax>
        <ymax>178.99067806686864</ymax>
    </bndbox>
</object>
</annotation>