<annotation verified="yes">
    <folder>Annotation</folder>
    <filename>hand1769</filename>
    <path>white_background-PascalVOC-export/Annotations/hand1769.jpg</path>
    <source>
        <database>Unknown</database>
    </source>
    <size>
        <width>320</width>
        <height>240</height>
        <depth>3</depth>
    </size>
    <segmented>0</segmented>
    <object>
    <name>hand</name>
    <pose>Unspecified</pose>
    <truncated>0</truncated>
    <difficult>0</difficult>
    <bndbox>
        <xmin>70.48210653529163</xmin>
        <ymin>33.073859833004505</ymin>
        <xmax>198.56984361792058</xmax>
        <ymax>174.36261406073845</ymax>
    </bndbox>
</object>
</annotation>