<annotation verified="yes">
    <folder>Annotation</folder>
    <filename>hand1659</filename>
    <path>white_background-PascalVOC-export/Annotations/hand1659.jpg</path>
    <source>
        <database>Unknown</database>
    </source>
    <size>
        <width>320</width>
        <height>240</height>
        <depth>3</depth>
    </size>
    <segmented>0</segmented>
    <object>
    <name>hand</name>
    <pose>Unspecified</pose>
    <truncated>0</truncated>
    <difficult>0</difficult>
    <bndbox>
        <xmin>33.758543890004226</xmin>
        <ymin>35.46239326072787</ymin>
        <xmax>210.76665521978023</xmax>
        <ymax>227.76381500140923</ymax>
    </bndbox>
</object>
</annotation>