<annotation verified="yes">
    <folder>Annotation</folder>
    <filename>hand1823</filename>
    <path>white_background-PascalVOC-export/Annotations/hand1823.jpg</path>
    <source>
        <database>Unknown</database>
    </source>
    <size>
        <width>320</width>
        <height>240</height>
        <depth>3</depth>
    </size>
    <segmented>0</segmented>
    <object>
    <name>hand</name>
    <pose>Unspecified</pose>
    <truncated>0</truncated>
    <difficult>0</difficult>
    <bndbox>
        <xmin>62.34219806635672</xmin>
        <ymin>36.319314468538614</ymin>
        <xmax>224.75776627218937</xmax>
        <ymax>221.33840257715613</ymax>
    </bndbox>
</object>
</annotation>