<annotation verified="yes">
    <folder>Annotation</folder>
    <filename>hand1699</filename>
    <path>white_background-PascalVOC-export/Annotations/hand1699.jpg</path>
    <source>
        <database>Unknown</database>
    </source>
    <size>
        <width>320</width>
        <height>240</height>
        <depth>3</depth>
    </size>
    <segmented>0</segmented>
    <object>
    <name>hand</name>
    <pose>Unspecified</pose>
    <truncated>0</truncated>
    <difficult>0</difficult>
    <bndbox>
        <xmin>113.68247437658496</xmin>
        <ymin>116.76071356221814</ymin>
        <xmax>261.07407016060864</xmax>
        <ymax>240</ymax>
    </bndbox>
</object>
</annotation>