<annotation verified="yes">
    <folder>Annotation</folder>
    <filename>hand1785</filename>
    <path>white_background-PascalVOC-export/Annotations/hand1785.jpg</path>
    <source>
        <database>Unknown</database>
    </source>
    <size>
        <width>320</width>
        <height>240</height>
        <depth>3</depth>
    </size>
    <segmented>0</segmented>
    <object>
    <name>hand</name>
    <pose>Unspecified</pose>
    <truncated>0</truncated>
    <difficult>0</difficult>
    <bndbox>
        <xmin>71.62302541208791</xmin>
        <ymin>43.75602231891206</ymin>
        <xmax>237.7787867180896</xmax>
        <ymax>222.55199342058904</ymax>
    </bndbox>
</object>
</annotation>