<annotation verified="yes">
    <folder>Annotation</folder>
    <filename>hand1816</filename>
    <path>white_background-PascalVOC-export/Annotations/hand1816.jpg</path>
    <source>
        <database>Unknown</database>
    </source>
    <size>
        <width>320</width>
        <height>240</height>
        <depth>3</depth>
    </size>
    <segmented>0</segmented>
    <object>
    <name>hand</name>
    <pose>Unspecified</pose>
    <truncated>0</truncated>
    <difficult>0</difficult>
    <bndbox>
        <xmin>109.77701685333898</xmin>
        <ymin>40.00497364272125</ymin>
        <xmax>229.50958896872362</xmax>
        <ymax>190.7747927969983</ymax>
    </bndbox>
</object>
</annotation>