<annotation verified="yes">
    <folder>Annotation</folder>
    <filename>apple_114</filename>
    <path>apple_dataset-PascalVOC-export/Annotations/frame_657.jpg</path>
    <source>
        <database>Unknown</database>
    </source>
    <size>
        <width>320</width>
        <height>240</height>
        <depth>3</depth>
    </size>
    <segmented>0</segmented>
    <object>
    <name>apple</name>
    <pose>Unspecified</pose>
    <truncated>0</truncated>
    <difficult>0</difficult>
    <bndbox>
        <xmin>134.97362206287045</xmin>
        <ymin>114.78859516083523</ymin>
        <xmax>168.9117075042337</xmax>
        <ymax>151.45775099640238</ymax>
    </bndbox>
</object>
</annotation>