<annotation verified="yes">
    <folder>Annotation</folder>
    <filename>apple_11</filename>
    <path>apple_dataset-PascalVOC-export/Annotations/frame_1203.jpg</path>
    <source>
        <database>Unknown</database>
    </source>
    <size>
        <width>320</width>
        <height>240</height>
        <depth>3</depth>
    </size>
    <segmented>0</segmented>
    <object>
    <name>apple</name>
    <pose>Unspecified</pose>
    <truncated>0</truncated>
    <difficult>0</difficult>
    <bndbox>
        <xmin>140.38202529635902</xmin>
        <ymin>33.858528223317585</ymin>
        <xmax>215.1500317527519</xmax>
        <ymax>109.92670270174943</ymax>
    </bndbox>
</object>
</annotation>