<annotation verified="yes">
    <folder>Annotation</folder>
    <filename>apple_181</filename>
    <path>apple_dataset-PascalVOC-export/Annotations/frame_1041.jpg</path>
    <source>
        <database>Unknown</database>
    </source>
    <size>
        <width>320</width>
        <height>240</height>
        <depth>3</depth>
    </size>
    <segmented>0</segmented>
    <object>
    <name>apple</name>
    <pose>Unspecified</pose>
    <truncated>0</truncated>
    <difficult>0</difficult>
    <bndbox>
        <xmin>33.69158816680779</xmin>
        <ymin>142.2709156320542</ymin>
        <xmax>175.1548277413209</xmax>
        <ymax>240.00000000000003</ymax>
    </bndbox>
</object>
</annotation>