<annotation verified="yes">
    <folder>Annotation</folder>
    <filename>apple_178</filename>
    <path>apple_dataset-PascalVOC-export/Annotations/frame_87.jpg</path>
    <source>
        <database>Unknown</database>
    </source>
    <size>
        <width>320</width>
        <height>240</height>
        <depth>3</depth>
    </size>
    <segmented>0</segmented>
    <object>
    <name>apple</name>
    <pose>Unspecified</pose>
    <truncated>0</truncated>
    <difficult>0</difficult>
    <bndbox>
        <xmin>84.27087743437764</xmin>
        <ymin>45.55506996860892</ymin>
        <xmax>154.8688214436918</xmax>
        <ymax>126.36003412457676</ymax>
    </bndbox>
</object>
</annotation>