<annotation verified="yes">
    <folder>Annotation</folder>
    <filename>apple_161</filename>
    <path>apple_dataset-PascalVOC-export/Annotations/frame_738.jpg</path>
    <source>
        <database>Unknown</database>
    </source>
    <size>
        <width>320</width>
        <height>240</height>
        <depth>3</depth>
    </size>
    <segmented>0</segmented>
    <object>
    <name>apple</name>
    <pose>Unspecified</pose>
    <truncated>0</truncated>
    <difficult>0</difficult>
    <bndbox>
        <xmin>48.67334687235394</xmin>
        <ymin>49.86270258711908</ymin>
        <xmax>167.70368067315835</xmax>
        <ymax>175.61426442579008</ymax>
    </bndbox>
</object>
</annotation>