<annotation verified="yes">
    <folder>Annotation</folder>
    <filename>apple_2</filename>
    <path>apple_dataset-PascalVOC-export/Annotations/frame_168.jpg</path>
    <source>
        <database>Unknown</database>
    </source>
    <size>
        <width>320</width>
        <height>240</height>
        <depth>3</depth>
    </size>
    <segmented>0</segmented>
    <object>
    <name>apple</name>
    <pose>Unspecified</pose>
    <truncated>0</truncated>
    <difficult>0</difficult>
    <bndbox>
        <xmin>129.54778789161728</xmin>
        <ymin>103.49276506066592</ymin>
        <xmax>215.21773788103303</xmax>
        <ymax>188.37452494533017</ymax>
    </bndbox>
</object>
</annotation>