<annotation verified="yes">
    <folder>Annotation</folder>
    <filename>apple_294</filename>
    <path>apple_dataset-PascalVOC-export/Annotations/frame_1227.jpg</path>
    <source>
        <database>Unknown</database>
    </source>
    <size>
        <width>320</width>
        <height>240</height>
        <depth>3</depth>
    </size>
    <segmented>0</segmented>
    <object>
    <name>apple</name>
    <pose>Unspecified</pose>
    <truncated>0</truncated>
    <difficult>0</difficult>
    <bndbox>
        <xmin>62.80734017781541</xmin>
        <ymin>110.96755189228274</ymin>
        <xmax>137.653570861558</xmax>
        <ymax>190.5376163939052</ymax>
    </bndbox>
</object>
</annotation>