<annotation verified="yes">
    <folder>Annotation</folder>
    <filename>apple_173</filename>
    <path>apple_dataset-PascalVOC-export/Annotations/frame_117.jpg</path>
    <source>
        <database>Unknown</database>
    </source>
    <size>
        <width>320</width>
        <height>240</height>
        <depth>3</depth>
    </size>
    <segmented>0</segmented>
    <object>
    <name>apple</name>
    <pose>Unspecified</pose>
    <truncated>0</truncated>
    <difficult>0</difficult>
    <bndbox>
        <xmin>127.33414148497036</xmin>
        <ymin>46.49770353502399</ymin>
        <xmax>244.18325968458933</xmax>
        <ymax>167.13814281179458</ymax>
    </bndbox>
</object>
</annotation>