<annotation verified="yes">
    <folder>Annotation</folder>
    <filename>apple_201</filename>
    <path>apple_dataset-PascalVOC-export/Annotations/frame_312.jpg</path>
    <source>
        <database>Unknown</database>
    </source>
    <size>
        <width>320</width>
        <height>240</height>
        <depth>3</depth>
    </size>
    <segmented>0</segmented>
    <object>
    <name>apple</name>
    <pose>Unspecified</pose>
    <truncated>0</truncated>
    <difficult>0</difficult>
    <bndbox>
        <xmin>183.48916437341236</xmin>
        <ymin>74.41144198381068</ymin>
        <xmax>277.2377421147333</xmax>
        <ymax>171.9483854754515</ymax>
    </bndbox>
</object>
</annotation>