<annotation verified="yes">
    <folder>Annotation</folder>
    <filename>apple_80</filename>
    <path>apple_dataset-PascalVOC-export/Annotations/frame_1077.jpg</path>
    <source>
        <database>Unknown</database>
    </source>
    <size>
        <width>320</width>
        <height>240</height>
        <depth>3</depth>
    </size>
    <segmented>0</segmented>
    <object>
    <name>apple</name>
    <pose>Unspecified</pose>
    <truncated>0</truncated>
    <difficult>0</difficult>
    <bndbox>
        <xmin>139.85709607853514</xmin>
        <ymin>74.33799313099605</ymin>
        <xmax>255.0335057684166</xmax>
        <ymax>175.43810291161117</ymax>
    </bndbox>
</object>
</annotation>