<annotation verified="yes">
    <folder>Annotation</folder>
    <filename>apple_231</filename>
    <path>apple_dataset-PascalVOC-export/Annotations/frame_648.jpg</path>
    <source>
        <database>Unknown</database>
    </source>
    <size>
        <width>320</width>
        <height>240</height>
        <depth>3</depth>
    </size>
    <segmented>0</segmented>
    <object>
    <name>apple</name>
    <pose>Unspecified</pose>
    <truncated>0</truncated>
    <difficult>0</difficult>
    <bndbox>
        <xmin>166.31059483488568</xmin>
        <ymin>149.88911165878952</ymin>
        <xmax>198.9540445067739</xmax>
        <ymax>182.14455770316027</ymax>
    </bndbox>
</object>
</annotation>