<annotation verified="yes">
    <folder>Annotation</folder>
    <filename>apple_197</filename>
    <path>apple_dataset-PascalVOC-export/Annotations/frame_879.jpg</path>
    <source>
        <database>Unknown</database>
    </source>
    <size>
        <width>320</width>
        <height>240</height>
        <depth>3</depth>
    </size>
    <segmented>0</segmented>
    <object>
    <name>apple</name>
    <pose>Unspecified</pose>
    <truncated>0</truncated>
    <difficult>0</difficult>
    <bndbox>
        <xmin>24.87698289320491</xmin>
        <ymin>83.77745617593116</ymin>
        <xmax>106.84480180990685</xmax>
        <ymax>160.0903099869498</ymax>
    </bndbox>
</object>
</annotation>