<annotation verified="yes">
    <folder>Annotation</folder>
    <filename>apple_108</filename>
    <path>apple_dataset-PascalVOC-export/Annotations/frame_1101.jpg</path>
    <source>
        <database>Unknown</database>
    </source>
    <size>
        <width>320</width>
        <height>240</height>
        <depth>3</depth>
    </size>
    <segmented>0</segmented>
    <object>
    <name>apple</name>
    <pose>Unspecified</pose>
    <truncated>0</truncated>
    <difficult>0</difficult>
    <bndbox>
        <xmin>143.3077767781541</xmin>
        <ymin>105.76156995097348</ymin>
        <xmax>197.34775216977138</xmax>
        <ymax>159.7141295146727</ymax>
    </bndbox>
</object>
</annotation>