<annotation verified="yes">
    <folder>Annotation</folder>
    <filename>apple_30</filename>
    <path>apple_dataset-PascalVOC-export/Annotations/frame_426.jpg</path>
    <source>
        <database>Unknown</database>
    </source>
    <size>
        <width>320</width>
        <height>240</height>
        <depth>3</depth>
    </size>
    <segmented>0</segmented>
    <object>
    <name>apple</name>
    <pose>Unspecified</pose>
    <truncated>0</truncated>
    <difficult>0</difficult>
    <bndbox>
        <xmin>96.05295102138018</xmin>
        <ymin>60.39537554669865</ymin>
        <xmax>182.041404265453</xmax>
        <ymax>152.0776146744498</ymax>
    </bndbox>
</object>
</annotation>