<annotation verified="yes">
    <folder>Annotation</folder>
    <filename>apple_282</filename>
    <path>apple_dataset-PascalVOC-export/Annotations/frame_1185.jpg</path>
    <source>
        <database>Unknown</database>
    </source>
    <size>
        <width>320</width>
        <height>240</height>
        <depth>3</depth>
    </size>
    <segmented>0</segmented>
    <object>
    <name>apple</name>
    <pose>Unspecified</pose>
    <truncated>0</truncated>
    <difficult>0</difficult>
    <bndbox>
        <xmin>140.78004273391193</xmin>
        <ymin>55.852888464658584</ymin>
        <xmax>222.33799481371716</xmax>
        <ymax>124.51818324104121</ymax>
    </bndbox>
</object>
</annotation>