<annotation verified="yes">
    <folder>Annotation</folder>
    <filename>apple_99</filename>
    <path>apple_dataset-PascalVOC-export/Annotations/frame_732.jpg</path>
    <source>
        <database>Unknown</database>
    </source>
    <size>
        <width>320</width>
        <height>240</height>
        <depth>3</depth>
    </size>
    <segmented>0</segmented>
    <object>
    <name>apple</name>
    <pose>Unspecified</pose>
    <truncated>0</truncated>
    <difficult>0</difficult>
    <bndbox>
        <xmin>92.08557697396274</xmin>
        <ymin>0.7879859114877258</ymin>
        <xmax>181.69685383149874</xmax>
        <ymax>80.26108718079854</ymax>
    </bndbox>
</object>
</annotation>