<annotation verified="yes">
    <folder>Annotation</folder>
    <filename>apple_118</filename>
    <path>apple_dataset-PascalVOC-export/Annotations/frame_1071.jpg</path>
    <source>
        <database>Unknown</database>
    </source>
    <size>
        <width>320</width>
        <height>240</height>
        <depth>3</depth>
    </size>
    <segmented>0</segmented>
    <object>
    <name>apple</name>
    <pose>Unspecified</pose>
    <truncated>0</truncated>
    <difficult>0</difficult>
    <bndbox>
        <xmin>138.1774416543184</xmin>
        <ymin>80.04389020174945</ymin>
        <xmax>260.50940013759526</xmax>
        <ymax>197.42962357152936</ymax>
    </bndbox>
</object>
</annotation>