<annotation verified="yes">
    <folder>Annotation</folder>
    <filename>apple_234</filename>
    <path>apple_dataset-PascalVOC-export/Annotations/frame_798.jpg</path>
    <source>
        <database>Unknown</database>
    </source>
    <size>
        <width>320</width>
        <height>240</height>
        <depth>3</depth>
    </size>
    <segmented>0</segmented>
    <object>
    <name>apple</name>
    <pose>Unspecified</pose>
    <truncated>0</truncated>
    <difficult>0</difficult>
    <bndbox>
        <xmin>61.08349650719729</xmin>
        <ymin>36.85765526902864</ymin>
        <xmax>147.84742802709567</xmax>
        <ymax>126.75150783013545</ymax>
    </bndbox>
</object>
</annotation>