<annotation verified="yes">
    <folder>Annotation</folder>
    <filename>apple_251</filename>
    <path>apple_dataset-PascalVOC-export/Annotations/frame_228.jpg</path>
    <source>
        <database>Unknown</database>
    </source>
    <size>
        <width>320</width>
        <height>240</height>
        <depth>3</depth>
    </size>
    <segmented>0</segmented>
    <object>
    <name>apple</name>
    <pose>Unspecified</pose>
    <truncated>0</truncated>
    <difficult>0</difficult>
    <bndbox>
        <xmin>36.952182340177814</xmin>
        <ymin>93.81869555057845</ymin>
        <xmax>159.9663950042337</xmax>
        <ymax>216.0961803840999</ymax>
    </bndbox>
</object>
</annotation>