<annotation verified="yes">
    <folder>Annotation</folder>
    <filename>apple_10</filename>
    <path>apple_dataset-PascalVOC-export/Annotations/frame_237.jpg</path>
    <source>
        <database>Unknown</database>
    </source>
    <size>
        <width>320</width>
        <height>240</height>
        <depth>3</depth>
    </size>
    <segmented>0</segmented>
    <object>
    <name>apple</name>
    <pose>Unspecified</pose>
    <truncated>0</truncated>
    <difficult>0</difficult>
    <bndbox>
        <xmin>84.33869932790009</xmin>
        <ymin>128.2698696300085</ymin>
        <xmax>203.00996242591026</xmax>
        <ymax>236.75871080523422</ymax>
    </bndbox>
</object>
</annotation>