<annotation verified="yes">
    <folder>Annotation</folder>
    <filename>apple_77</filename>
    <path>apple_dataset-PascalVOC-export/Annotations/frame_447.jpg</path>
    <source>
        <database>Unknown</database>
    </source>
    <size>
        <width>320</width>
        <height>240</height>
        <depth>3</depth>
    </size>
    <segmented>0</segmented>
    <object>
    <name>apple</name>
    <pose>Unspecified</pose>
    <truncated>0</truncated>
    <difficult>0</difficult>
    <bndbox>
        <xmin>108.20393535668924</xmin>
        <ymin>37.39928372557492</ymin>
        <xmax>252.02691707239626</xmax>
        <ymax>166.59257944765804</ymax>
    </bndbox>
</object>
</annotation>