<annotation verified="yes">
    <folder>Annotation</folder>
    <filename>apple_198</filename>
    <path>apple_dataset-PascalVOC-export/Annotations/frame_138.jpg</path>
    <source>
        <database>Unknown</database>
    </source>
    <size>
        <width>320</width>
        <height>240</height>
        <depth>3</depth>
    </size>
    <segmented>0</segmented>
    <object>
    <name>apple</name>
    <pose>Unspecified</pose>
    <truncated>0</truncated>
    <difficult>0</difficult>
    <bndbox>
        <xmin>137.18801267464013</xmin>
        <ymin>2.204193046345937</ymin>
        <xmax>260.68592559271804</xmax>
        <ymax>128.0928814545711</ymax>
    </bndbox>
</object>
</annotation>