<annotation verified="yes">
    <folder>Annotation</folder>
    <filename>apple_16</filename>
    <path>apple_dataset-PascalVOC-export/Annotations/frame_1149.jpg</path>
    <source>
        <database>Unknown</database>
    </source>
    <size>
        <width>320</width>
        <height>240</height>
        <depth>3</depth>
    </size>
    <segmented>0</segmented>
    <object>
    <name>apple</name>
    <pose>Unspecified</pose>
    <truncated>0</truncated>
    <difficult>0</difficult>
    <bndbox>
        <xmin>52.480981424640134</xmin>
        <ymin>88.03464592444978</ymin>
        <xmax>156.06212955122777</xmax>
        <ymax>188.30136542395599</ymax>
    </bndbox>
</object>
</annotation>