<annotation verified="yes">
    <folder>Annotation</folder>
    <filename>apple_70</filename>
    <path>apple_dataset-PascalVOC-export/Annotations/frame_150.jpg</path>
    <source>
        <database>Unknown</database>
    </source>
    <size>
        <width>320</width>
        <height>240</height>
        <depth>3</depth>
    </size>
    <segmented>0</segmented>
    <object>
    <name>apple</name>
    <pose>Unspecified</pose>
    <truncated>0</truncated>
    <difficult>0</difficult>
    <bndbox>
        <xmin>85.65139447502116</xmin>
        <ymin>101.43165054493511</ymin>
        <xmax>224.2389593035563</xmax>
        <ymax>232.08875255713883</ymax>
    </bndbox>
</object>
</annotation>