<annotation verified="yes">
    <folder>Annotation</folder>
    <filename>apple_235</filename>
    <path>apple_dataset-PascalVOC-export/Annotations/frame_954.jpg</path>
    <source>
        <database>Unknown</database>
    </source>
    <size>
        <width>320</width>
        <height>240</height>
        <depth>3</depth>
    </size>
    <segmented>0</segmented>
    <object>
    <name>apple</name>
    <pose>Unspecified</pose>
    <truncated>0</truncated>
    <difficult>0</difficult>
    <bndbox>
        <xmin>149.24530985393733</xmin>
        <ymin>109.54528119709369</ymin>
        <xmax>312.6105061917866</xmax>
        <ymax>240.00000000000003</ymax>
    </bndbox>
</object>
</annotation>