<annotation verified="yes">
    <folder>Annotation</folder>
    <filename>apple_191</filename>
    <path>apple_dataset-PascalVOC-export/Annotations/frame_114.jpg</path>
    <source>
        <database>Unknown</database>
    </source>
    <size>
        <width>320</width>
        <height>240</height>
        <depth>3</depth>
    </size>
    <segmented>0</segmented>
    <object>
    <name>apple</name>
    <pose>Unspecified</pose>
    <truncated>0</truncated>
    <difficult>0</difficult>
    <bndbox>
        <xmin>126.34682935541913</xmin>
        <ymin>38.14175366817156</ymin>
        <xmax>242.0273139817951</xmax>
        <ymax>155.5416560119216</ymax>
    </bndbox>
</object>
</annotation>