<annotation verified="yes">
    <folder>Annotation</folder>
    <filename>apple_273</filename>
    <path>apple_dataset-PascalVOC-export/Annotations/frame_1218.jpg</path>
    <source>
        <database>Unknown</database>
    </source>
    <size>
        <width>320</width>
        <height>240</height>
        <depth>3</depth>
    </size>
    <segmented>0</segmented>
    <object>
    <name>apple</name>
    <pose>Unspecified</pose>
    <truncated>0</truncated>
    <difficult>0</difficult>
    <bndbox>
        <xmin>87.34386576524132</xmin>
        <ymin>100.73035246631632</ymin>
        <xmax>155.87214225232853</xmax>
        <ymax>181.14806715575622</ymax>
    </bndbox>
</object>
</annotation>