<annotation verified="yes">
    <folder>Annotation</folder>
    <filename>apple_136</filename>
    <path>apple_dataset-PascalVOC-export/Annotations/frame_126.jpg</path>
    <source>
        <database>Unknown</database>
    </source>
    <size>
        <width>320</width>
        <height>240</height>
        <depth>3</depth>
    </size>
    <segmented>0</segmented>
    <object>
    <name>apple</name>
    <pose>Unspecified</pose>
    <truncated>0</truncated>
    <difficult>0</difficult>
    <bndbox>
        <xmin>104.84155046041491</xmin>
        <ymin>58.32905306503951</ymin>
        <xmax>215.614845734547</xmax>
        <ymax>175.28485644751694</ymax>
    </bndbox>
</object>
</annotation>