<annotation verified="yes">
    <folder>Annotation</folder>
    <filename>apple_49</filename>
    <path>apple_dataset-PascalVOC-export/Annotations/frame_153.jpg</path>
    <source>
        <database>Unknown</database>
    </source>
    <size>
        <width>320</width>
        <height>240</height>
        <depth>3</depth>
    </size>
    <segmented>0</segmented>
    <object>
    <name>apple</name>
    <pose>Unspecified</pose>
    <truncated>0</truncated>
    <difficult>0</difficult>
    <bndbox>
        <xmin>44.34756363780694</xmin>
        <ymin>63.567035063663944</ymin>
        <xmax>187.3021737404742</xmax>
        <ymax>202.44239824351018</ymax>
    </bndbox>
</object>
</annotation>