<annotation verified="yes">
    <folder>Annotation</folder>
    <filename>apple_8</filename>
    <path>apple_dataset-PascalVOC-export/Annotations/frame_948.jpg</path>
    <source>
        <database>Unknown</database>
    </source>
    <size>
        <width>320</width>
        <height>240</height>
        <depth>3</depth>
    </size>
    <segmented>0</segmented>
    <object>
    <name>apple</name>
    <pose>Unspecified</pose>
    <truncated>0</truncated>
    <difficult>0</difficult>
    <bndbox>
        <xmin>104.35515453005927</xmin>
        <ymin>119.6209262133183</ymin>
        <xmax>244.28301624682473</xmax>
        <ymax>240.00000000000003</ymax>
    </bndbox>
</object>
</annotation>