<annotation verified="yes">
    <folder>Annotation</folder>
    <filename>apple_270</filename>
    <path>apple_dataset-PascalVOC-export/Annotations/frame_984.jpg</path>
    <source>
        <database>Unknown</database>
    </source>
    <size>
        <width>320</width>
        <height>240</height>
        <depth>3</depth>
    </size>
    <segmented>0</segmented>
    <object>
    <name>apple</name>
    <pose>Unspecified</pose>
    <truncated>0</truncated>
    <difficult>0</difficult>
    <bndbox>
        <xmin>29.17458556043607</xmin>
        <ymin>1.1773433642247462</ymin>
        <xmax>290.3716725762066</xmax>
        <ymax>150.2335814051919</ymax>
    </bndbox>
</object>
</annotation>