<annotation verified="yes">
    <folder>Annotation</folder>
    <filename>apple_150</filename>
    <path>apple_dataset-PascalVOC-export/Annotations/frame_1107.jpg</path>
    <source>
        <database>Unknown</database>
    </source>
    <size>
        <width>320</width>
        <height>240</height>
        <depth>3</depth>
    </size>
    <segmented>0</segmented>
    <object>
    <name>apple</name>
    <pose>Unspecified</pose>
    <truncated>0</truncated>
    <difficult>0</difficult>
    <bndbox>
        <xmin>142.63142662468246</xmin>
        <ymin>96.72086349728416</ymin>
        <xmax>195.43110975867907</xmax>
        <ymax>144.07095398913657</ymax>
    </bndbox>
</object>
</annotation>