<annotation verified="yes">
    <folder>Annotation</folder>
    <filename>apple_64</filename>
    <path>apple_dataset-PascalVOC-export/Annotations/frame_1212.jpg</path>
    <source>
        <database>Unknown</database>
    </source>
    <size>
        <width>320</width>
        <height>240</height>
        <depth>3</depth>
    </size>
    <segmented>0</segmented>
    <object>
    <name>apple</name>
    <pose>Unspecified</pose>
    <truncated>0</truncated>
    <difficult>0</difficult>
    <bndbox>
        <xmin>134.781137542337</xmin>
        <ymin>125.61926297086626</ymin>
        <xmax>195.1492710097375</xmax>
        <ymax>198.0252330082534</ymax>
    </bndbox>
</object>
</annotation>