<annotation verified="yes">
    <folder>Annotation</folder>
    <filename>apple_169</filename>
    <path>apple_dataset-PascalVOC-export/Annotations/frame_507.jpg</path>
    <source>
        <database>Unknown</database>
    </source>
    <size>
        <width>320</width>
        <height>240</height>
        <depth>3</depth>
    </size>
    <segmented>0</segmented>
    <object>
    <name>apple</name>
    <pose>Unspecified</pose>
    <truncated>0</truncated>
    <difficult>0</difficult>
    <bndbox>
        <xmin>44.40028643628281</xmin>
        <ymin>20.444618380096642</ymin>
        <xmax>129.27990712320067</xmax>
        <ymax>91.02209224657874</ymax>
    </bndbox>
</object>
</annotation>