<annotation verified="yes">
    <folder>Annotation</folder>
    <filename>apple_27</filename>
    <path>apple_dataset-PascalVOC-export/Annotations/frame_585.jpg</path>
    <source>
        <database>Unknown</database>
    </source>
    <size>
        <width>320</width>
        <height>240</height>
        <depth>3</depth>
    </size>
    <segmented>0</segmented>
    <object>
    <name>apple</name>
    <pose>Unspecified</pose>
    <truncated>0</truncated>
    <difficult>0</difficult>
    <bndbox>
        <xmin>89.63401645850973</xmin>
        <ymin>45.636314237090865</ymin>
        <xmax>190.4703707133785</xmax>
        <ymax>131.08192323292892</ymax>
    </bndbox>
</object>
</annotation>