<annotation verified="yes">
    <folder>Annotation</folder>
    <filename>apple_1</filename>
    <path>apple_dataset-PascalVOC-export/Annotations/frame_801.jpg</path>
    <source>
        <database>Unknown</database>
    </source>
    <size>
        <width>320</width>
        <height>240</height>
        <depth>3</depth>
    </size>
    <segmented>0</segmented>
    <object>
    <name>apple</name>
    <pose>Unspecified</pose>
    <truncated>0</truncated>
    <difficult>0</difficult>
    <bndbox>
        <xmin>70.40870091553768</xmin>
        <ymin>27.535243324985895</ymin>
        <xmax>155.20665749364946</xmax>
        <ymax>115.37010175648986</ymax>
    </bndbox>
</object>
</annotation>