<annotation verified="yes">
    <folder>Annotation</folder>
    <filename>apple_110</filename>
    <path>apple_dataset-PascalVOC-export/Annotations/frame_684.jpg</path>
    <source>
        <database>Unknown</database>
    </source>
    <size>
        <width>320</width>
        <height>240</height>
        <depth>3</depth>
    </size>
    <segmented>0</segmented>
    <object>
    <name>apple</name>
    <pose>Unspecified</pose>
    <truncated>0</truncated>
    <difficult>0</difficult>
    <bndbox>
        <xmin>70.78421028259949</xmin>
        <ymin>58.89719254814476</ymin>
        <xmax>125.58808742591023</xmax>
        <ymax>111.7630645545288</ymax>
    </bndbox>
</object>
</annotation>