<annotation verified="yes">
    <folder>Annotation</folder>
    <filename>apple_131</filename>
    <path>apple_dataset-PascalVOC-export/Annotations/frame_681.jpg</path>
    <source>
        <database>Unknown</database>
    </source>
    <size>
        <width>320</width>
        <height>240</height>
        <depth>3</depth>
    </size>
    <segmented>0</segmented>
    <object>
    <name>apple</name>
    <pose>Unspecified</pose>
    <truncated>0</truncated>
    <difficult>0</difficult>
    <bndbox>
        <xmin>28.114605935118544</xmin>
        <ymin>57.07375141083522</ymin>
        <xmax>84.69575240791701</xmax>
        <ymax>106.40199269451892</ymax>
    </bndbox>
</object>
</annotation>