<annotation verified="yes">
    <folder>Annotation</folder>
    <filename>apple_53</filename>
    <path>apple_dataset-PascalVOC-export/Annotations/frame_186.jpg</path>
    <source>
        <database>Unknown</database>
    </source>
    <size>
        <width>320</width>
        <height>240</height>
        <depth>3</depth>
    </size>
    <segmented>0</segmented>
    <object>
    <name>apple</name>
    <pose>Unspecified</pose>
    <truncated>0</truncated>
    <difficult>0</difficult>
    <bndbox>
        <xmin>154.07797946655376</xmin>
        <ymin>65.40391771303612</ymin>
        <xmax>215.09290987510582</xmax>
        <ymax>133.23231716457394</ymax>
    </bndbox>
</object>
</annotation>