<annotation verified="yes">
    <folder>Annotation</folder>
    <filename>apple_153</filename>
    <path>apple_dataset-PascalVOC-export/Annotations/frame_843.jpg</path>
    <source>
        <database>Unknown</database>
    </source>
    <size>
        <width>320</width>
        <height>240</height>
        <depth>3</depth>
    </size>
    <segmented>0</segmented>
    <object>
    <name>apple</name>
    <pose>Unspecified</pose>
    <truncated>0</truncated>
    <difficult>0</difficult>
    <bndbox>
        <xmin>77.53608567950889</xmin>
        <ymin>50.483988122531045</ymin>
        <xmax>160.45217903259947</xmax>
        <ymax>149.12650011463037</ymax>
    </bndbox>
</object>
</annotation>