<annotation verified="yes">
    <folder>Annotation</folder>
    <filename>apple_60</filename>
    <path>apple_dataset-PascalVOC-export/Annotations/frame_1005.jpg</path>
    <source>
        <database>Unknown</database>
    </source>
    <size>
        <width>320</width>
        <height>240</height>
        <depth>3</depth>
    </size>
    <segmented>0</segmented>
    <object>
    <name>apple</name>
    <pose>Unspecified</pose>
    <truncated>0</truncated>
    <difficult>0</difficult>
    <bndbox>
        <xmin>1.866896433107536</xmin>
        <ymin>0.8525564223864278</ymin>
        <xmax>170.4508394633785</xmax>
        <ymax>160.13412303364842</ymax>
    </bndbox>
</object>
</annotation>