<annotation verified="yes">
    <folder>Annotation</folder>
    <filename>apple_5</filename>
    <path>apple_dataset-PascalVOC-export/Annotations/frame_975.jpg</path>
    <source>
        <database>Unknown</database>
    </source>
    <size>
        <width>320</width>
        <height>240</height>
        <depth>3</depth>
    </size>
    <segmented>0</segmented>
    <object>
    <name>apple</name>
    <pose>Unspecified</pose>
    <truncated>0</truncated>
    <difficult>0</difficult>
    <bndbox>
        <xmin>109.05555408552074</xmin>
        <ymin>71.53983570383042</ymin>
        <xmax>306.15411330440304</xmax>
        <ymax>233.87207582357507</ymax>
    </bndbox>
</object>
</annotation>