<annotation verified="yes">
    <folder>Annotation</folder>
    <filename>apple_188</filename>
    <path>apple_dataset-PascalVOC-export/Annotations/frame_276.jpg</path>
    <source>
        <database>Unknown</database>
    </source>
    <size>
        <width>320</width>
        <height>240</height>
        <depth>3</depth>
    </size>
    <segmented>0</segmented>
    <object>
    <name>apple</name>
    <pose>Unspecified</pose>
    <truncated>0</truncated>
    <difficult>0</difficult>
    <bndbox>
        <xmin>9.757695080969517</xmin>
        <ymin>107.81142534036401</ymin>
        <xmax>67.7098658446232</xmax>
        <ymax>185.0605060930446</ymax>
    </bndbox>
</object>
</annotation>