<annotation verified="yes">
    <folder>Annotation</folder>
    <filename>apple_48</filename>
    <path>apple_dataset-PascalVOC-export/Annotations/frame_609.jpg</path>
    <source>
        <database>Unknown</database>
    </source>
    <size>
        <width>320</width>
        <height>240</height>
        <depth>3</depth>
    </size>
    <segmented>0</segmented>
    <object>
    <name>apple</name>
    <pose>Unspecified</pose>
    <truncated>0</truncated>
    <difficult>0</difficult>
    <bndbox>
        <xmin>130.4685680831922</xmin>
        <ymin>70.24211806045429</ymin>
        <xmax>187.54141088060965</xmax>
        <ymax>125.12612646374154</ymax>
    </bndbox>
</object>
</annotation>