<annotation verified="yes">
    <folder>Annotation</folder>
    <filename>apple_78</filename>
    <path>apple_dataset-PascalVOC-export/Annotations/frame_321.jpg</path>
    <source>
        <database>Unknown</database>
    </source>
    <size>
        <width>320</width>
        <height>240</height>
        <depth>3</depth>
    </size>
    <segmented>0</segmented>
    <object>
    <name>apple</name>
    <pose>Unspecified</pose>
    <truncated>0</truncated>
    <difficult>0</difficult>
    <bndbox>
        <xmin>142.74249510478407</xmin>
        <ymin>49.39044754338319</ymin>
        <xmax>260.90306810965285</xmax>
        <ymax>160.15841034142215</ymax>
    </bndbox>
</object>
</annotation>