<annotation verified="yes">
    <folder>Annotation</folder>
    <filename>apple_127</filename>
    <path>apple_dataset-PascalVOC-export/Annotations/frame_483.jpg</path>
    <source>
        <database>Unknown</database>
    </source>
    <size>
        <width>320</width>
        <height>240</height>
        <depth>3</depth>
    </size>
    <segmented>0</segmented>
    <object>
    <name>apple</name>
    <pose>Unspecified</pose>
    <truncated>0</truncated>
    <difficult>0</difficult>
    <bndbox>
        <xmin>95.77089727984759</xmin>
        <ymin>14.934797093238574</ymin>
        <xmax>319.84275772650295</xmax>
        <ymax>236.61538427624157</ymax>
    </bndbox>
</object>
</annotation>