<annotation verified="yes">
    <folder>Annotation</folder>
    <filename>apple_141</filename>
    <path>apple_dataset-PascalVOC-export/Annotations/frame_720.jpg</path>
    <source>
        <database>Unknown</database>
    </source>
    <size>
        <width>320</width>
        <height>240</height>
        <depth>3</depth>
    </size>
    <segmented>0</segmented>
    <object>
    <name>apple</name>
    <pose>Unspecified</pose>
    <truncated>0</truncated>
    <difficult>0</difficult>
    <bndbox>
        <xmin>137.70368067315835</xmin>
        <ymin>43.951562059113996</ymin>
        <xmax>183.03658843141406</xmax>
        <ymax>85.34246647061937</ymax>
    </bndbox>
</object>
</annotation>