<annotation verified="yes">
    <folder>Annotation</folder>
    <filename>apple_111</filename>
    <path>apple_dataset-PascalVOC-export/Annotations/frame_858.jpg</path>
    <source>
        <database>Unknown</database>
    </source>
    <size>
        <width>320</width>
        <height>240</height>
        <depth>3</depth>
    </size>
    <segmented>0</segmented>
    <object>
    <name>apple</name>
    <pose>Unspecified</pose>
    <truncated>0</truncated>
    <difficult>0</difficult>
    <bndbox>
        <xmin>42.44258044030482</xmin>
        <ymin>76.22845169652935</ymin>
        <xmax>118.60547536515664</xmax>
        <ymax>157.31950678082677</ymax>
    </bndbox>
</object>
</annotation>