<annotation verified="yes">
    <folder>Annotation</folder>
    <filename>apple_71</filename>
    <path>apple_dataset-PascalVOC-export/Annotations/frame_876.jpg</path>
    <source>
        <database>Unknown</database>
    </source>
    <size>
        <width>320</width>
        <height>240</height>
        <depth>3</depth>
    </size>
    <segmented>0</segmented>
    <object>
    <name>apple</name>
    <pose>Unspecified</pose>
    <truncated>0</truncated>
    <difficult>0</difficult>
    <bndbox>
        <xmin>14.285926915749364</xmin>
        <ymin>58.840128121472915</ymin>
        <xmax>98.32408313928875</xmax>
        <ymax>140.18395968538374</ymax>
    </bndbox>
</object>
</annotation>