<annotation verified="yes">
    <folder>Annotation</folder>
    <filename>apple_158</filename>
    <path>apple_dataset-PascalVOC-export/Annotations/frame_1122.jpg</path>
    <source>
        <database>Unknown</database>
    </source>
    <size>
        <width>320</width>
        <height>240</height>
        <depth>3</depth>
    </size>
    <segmented>0</segmented>
    <object>
    <name>apple</name>
    <pose>Unspecified</pose>
    <truncated>0</truncated>
    <difficult>0</difficult>
    <bndbox>
        <xmin>98.72664849703641</xmin>
        <ymin>77.05407962842128</ymin>
        <xmax>146.77881562235393</xmax>
        <ymax>123.21748135052201</ymax>
    </bndbox>
</object>
</annotation>