<annotation verified="yes">
    <folder>Annotation</folder>
    <filename>apple_164</filename>
    <path>apple_dataset-PascalVOC-export/Annotations/frame_705.jpg</path>
    <source>
        <database>Unknown</database>
    </source>
    <size>
        <width>320</width>
        <height>240</height>
        <depth>3</depth>
    </size>
    <segmented>0</segmented>
    <object>
    <name>apple</name>
    <pose>Unspecified</pose>
    <truncated>0</truncated>
    <difficult>0</difficult>
    <bndbox>
        <xmin>113.84510941469094</xmin>
        <ymin>71.41370372901383</ymin>
        <xmax>167.1587902201524</xmax>
        <ymax>117.88325118157451</ymax>
    </bndbox>
</object>
</annotation>