<annotation verified="yes">
    <folder>Annotation</folder>
    <filename>apple_285</filename>
    <path>apple_dataset-PascalVOC-export/Annotations/frame_825.jpg</path>
    <source>
        <database>Unknown</database>
    </source>
    <size>
        <width>320</width>
        <height>240</height>
        <depth>3</depth>
    </size>
    <segmented>0</segmented>
    <object>
    <name>apple</name>
    <pose>Unspecified</pose>
    <truncated>0</truncated>
    <difficult>0</difficult>
    <bndbox>
        <xmin>72.028570861558</xmin>
        <ymin>48.29842802095091</ymin>
        <xmax>156.9771545565199</xmax>
        <ymax>141.9387962048533</ymax>
    </bndbox>
</object>
</annotation>