<annotation verified="yes">
    <folder>Annotation</folder>
    <filename>apple_261</filename>
    <path>apple_dataset-PascalVOC-export/Annotations/frame_177.jpg</path>
    <source>
        <database>Unknown</database>
    </source>
    <size>
        <width>320</width>
        <height>240</height>
        <depth>3</depth>
    </size>
    <segmented>0</segmented>
    <object>
    <name>apple</name>
    <pose>Unspecified</pose>
    <truncated>0</truncated>
    <difficult>0</difficult>
    <bndbox>
        <xmin>164.49099677180357</xmin>
        <ymin>110.45834509029346</ymin>
        <xmax>222.3348195385267</xmax>
        <ymax>167.90136608528502</ymax>
    </bndbox>
</object>
</annotation>