<annotation verified="yes">
    <folder>Annotation</folder>
    <filename>apple_137</filename>
    <path>apple_dataset-PascalVOC-export/Annotations/frame_330.jpg</path>
    <source>
        <database>Unknown</database>
    </source>
    <size>
        <width>320</width>
        <height>240</height>
        <depth>3</depth>
    </size>
    <segmented>0</segmented>
    <object>
    <name>apple</name>
    <pose>Unspecified</pose>
    <truncated>0</truncated>
    <difficult>0</difficult>
    <bndbox>
        <xmin>166.5047496824725</xmin>
        <ymin>81.27159790314617</ymin>
        <xmax>284.9598790749365</xmax>
        <ymax>199.8524685207393</ymax>
    </bndbox>
</object>
</annotation>