<annotation verified="yes">
    <folder>Annotation</folder>
    <filename>apple_102</filename>
    <path>apple_dataset-PascalVOC-export/Annotations/frame_525.jpg</path>
    <source>
        <database>Unknown</database>
    </source>
    <size>
        <width>320</width>
        <height>240</height>
        <depth>3</depth>
    </size>
    <segmented>0</segmented>
    <object>
    <name>apple</name>
    <pose>Unspecified</pose>
    <truncated>0</truncated>
    <difficult>0</difficult>
    <bndbox>
        <xmin>90.55666543183743</xmin>
        <ymin>43.5420506048956</ymin>
        <xmax>180.14559959779848</xmax>
        <ymax>129.30405593079854</ymax>
    </bndbox>
</object>
</annotation>