<annotation verified="yes">
    <folder>Annotation</folder>
    <filename>apple_259</filename>
    <path>apple_dataset-PascalVOC-export/Annotations/frame_573.jpg</path>
    <source>
        <database>Unknown</database>
    </source>
    <size>
        <width>320</width>
        <height>240</height>
        <depth>3</depth>
    </size>
    <segmented>0</segmented>
    <object>
    <name>apple</name>
    <pose>Unspecified</pose>
    <truncated>0</truncated>
    <difficult>0</difficult>
    <bndbox>
        <xmin>39.910364627434376</xmin>
        <ymin>25.78971087798039</ymin>
        <xmax>226.2332636536833</xmax>
        <ymax>220.6728912422404</ymax>
    </bndbox>
</object>
</annotation>