<annotation verified="yes">
    <folder>Annotation</folder>
    <filename>apple_275</filename>
    <path>apple_dataset-PascalVOC-export/Annotations/frame_1224.jpg</path>
    <source>
        <database>Unknown</database>
    </source>
    <size>
        <width>320</width>
        <height>240</height>
        <depth>3</depth>
    </size>
    <segmented>0</segmented>
    <object>
    <name>apple</name>
    <pose>Unspecified</pose>
    <truncated>0</truncated>
    <difficult>0</difficult>
    <bndbox>
        <xmin>38.49009876428874</xmin>
        <ymin>111.79723873095374</ymin>
        <xmax>105.43841950677393</xmax>
        <ymax>189.1090134734763</ymax>
    </bndbox>
</object>
</annotation>