<annotation verified="yes">
    <folder>Annotation</folder>
    <filename>apple_121</filename>
    <path>apple_dataset-PascalVOC-export/Annotations/frame_939.jpg</path>
    <source>
        <database>Unknown</database>
    </source>
    <size>
        <width>320</width>
        <height>240</height>
        <depth>3</depth>
    </size>
    <segmented>0</segmented>
    <object>
    <name>apple</name>
    <pose>Unspecified</pose>
    <truncated>0</truncated>
    <difficult>0</difficult>
    <bndbox>
        <xmin>112.03042310541913</xmin>
        <ymin>26.400431682509172</ymin>
        <xmax>239.08476000211684</xmax>
        <ymax>147.3209065938911</ymax>
    </bndbox>
</object>
</annotation>