<annotation verified="yes">
    <folder>Annotation</folder>
    <filename>apple_299</filename>
    <path>apple_dataset-PascalVOC-export/Annotations/frame_171.jpg</path>
    <source>
        <database>Unknown</database>
    </source>
    <size>
        <width>320</width>
        <height>240</height>
        <depth>3</depth>
    </size>
    <segmented>0</segmented>
    <object>
    <name>apple</name>
    <pose>Unspecified</pose>
    <truncated>0</truncated>
    <difficult>0</difficult>
    <bndbox>
        <xmin>143.83442593670617</xmin>
        <ymin>96.80785306151242</ymin>
        <xmax>224.33722745554613</xmax>
        <ymax>175.5801067825903</ymax>
    </bndbox>
</object>
</annotation>