<annotation verified="yes">
    <folder>Annotation</folder>
    <filename>apple_253</filename>
    <path>apple_dataset-PascalVOC-export/Annotations/frame_1023.jpg</path>
    <source>
        <database>Unknown</database>
    </source>
    <size>
        <width>320</width>
        <height>240</height>
        <depth>3</depth>
    </size>
    <segmented>0</segmented>
    <object>
    <name>apple</name>
    <pose>Unspecified</pose>
    <truncated>0</truncated>
    <difficult>0</difficult>
    <bndbox>
        <xmin>57.715058742591026</xmin>
        <ymin>1.3775441877998027</ymin>
        <xmax>177.9004815834039</xmax>
        <ymax>85.57914785553048</ymax>
    </bndbox>
</object>
</annotation>