<annotation verified="yes">
    <folder>Annotation</folder>
    <filename>apple_74</filename>
    <path>apple_dataset-PascalVOC-export/Annotations/frame_123.jpg</path>
    <source>
        <database>Unknown</database>
    </source>
    <size>
        <width>320</width>
        <height>240</height>
        <depth>3</depth>
    </size>
    <segmented>0</segmented>
    <object>
    <name>apple</name>
    <pose>Unspecified</pose>
    <truncated>0</truncated>
    <difficult>0</difficult>
    <bndbox>
        <xmin>109.31096528365792</xmin>
        <ymin>56.36269046275395</ymin>
        <xmax>221.47868596528366</xmax>
        <ymax>177.09585633288657</ymax>
    </bndbox>
</object>
</annotation>