<annotation verified="yes">
    <folder>Annotation</folder>
    <filename>apple_221</filename>
    <path>apple_dataset-PascalVOC-export/Annotations/frame_891.jpg</path>
    <source>
        <database>Unknown</database>
    </source>
    <size>
        <width>320</width>
        <height>240</height>
        <depth>3</depth>
    </size>
    <segmented>0</segmented>
    <object>
    <name>apple</name>
    <pose>Unspecified</pose>
    <truncated>0</truncated>
    <difficult>0</difficult>
    <bndbox>
        <xmin>88.04575042337002</xmin>
        <ymin>67.06643270316027</ymin>
        <xmax>171.75705175698562</xmax>
        <ymax>145.3800382248166</ymax>
    </bndbox>
</object>
</annotation>