<annotation verified="yes">
    <folder>Annotation</folder>
    <filename>apple_219</filename>
    <path>apple_dataset-PascalVOC-export/Annotations/frame_846.jpg</path>
    <source>
        <database>Unknown</database>
    </source>
    <size>
        <width>320</width>
        <height>240</height>
        <depth>3</depth>
    </size>
    <segmented>0</segmented>
    <object>
    <name>apple</name>
    <pose>Unspecified</pose>
    <truncated>0</truncated>
    <difficult>0</difficult>
    <bndbox>
        <xmin>80.44313280588484</xmin>
        <ymin>50.34057066079995</ymin>
        <xmax>164.94641723116</xmax>
        <ymax>144.37509919935104</ymax>
    </bndbox>
</object>
</annotation>