<annotation verified="yes">
    <folder>Annotation</folder>
    <filename>apple_212</filename>
    <path>apple_dataset-PascalVOC-export/Annotations/frame_1119.jpg</path>
    <source>
        <database>Unknown</database>
    </source>
    <size>
        <width>320</width>
        <height>240</height>
        <depth>3</depth>
    </size>
    <segmented>0</segmented>
    <object>
    <name>apple</name>
    <pose>Unspecified</pose>
    <truncated>0</truncated>
    <difficult>0</difficult>
    <bndbox>
        <xmin>103.92761695596951</xmin>
        <ymin>73.7518158992311</ymin>
        <xmax>153.13401315093142</xmax>
        <ymax>123.10970125564336</ymax>
    </bndbox>
</object>
</annotation>