<annotation verified="yes">
    <folder>Annotation</folder>
    <filename>apple_291</filename>
    <path>apple_dataset-PascalVOC-export/Annotations/frame_213.jpg</path>
    <source>
        <database>Unknown</database>
    </source>
    <size>
        <width>320</width>
        <height>240</height>
        <depth>3</depth>
    </size>
    <segmented>0</segmented>
    <object>
    <name>apple</name>
    <pose>Unspecified</pose>
    <truncated>0</truncated>
    <difficult>0</difficult>
    <bndbox>
        <xmin>29.31877116850127</xmin>
        <ymin>50.78620721201327</ymin>
        <xmax>153.2781739521592</xmax>
        <ymax>150.1553792501411</ymax>
    </bndbox>
</object>
</annotation>