<annotation verified="yes">
    <folder>Annotation</folder>
    <filename>apple_113</filename>
    <path>apple_dataset-PascalVOC-export/Annotations/frame_870.jpg</path>
    <source>
        <database>Unknown</database>
    </source>
    <size>
        <width>320</width>
        <height>240</height>
        <depth>3</depth>
    </size>
    <segmented>0</segmented>
    <object>
    <name>apple</name>
    <pose>Unspecified</pose>
    <truncated>0</truncated>
    <difficult>0</difficult>
    <bndbox>
        <xmin>25.135875317527518</xmin>
        <ymin>67.92305216563206</ymin>
        <xmax>110.95550976397121</xmax>
        <ymax>144.23964248553895</ymax>
    </bndbox>
</object>
</annotation>