<annotation verified="yes">
    <folder>Annotation</folder>
    <filename>apple_194</filename>
    <path>apple_dataset-PascalVOC-export/Annotations/frame_882.jpg</path>
    <source>
        <database>Unknown</database>
    </source>
    <size>
        <width>320</width>
        <height>240</height>
        <depth>3</depth>
    </size>
    <segmented>0</segmented>
    <object>
    <name>apple</name>
    <pose>Unspecified</pose>
    <truncated>0</truncated>
    <difficult>0</difficult>
    <bndbox>
        <xmin>50.029569750211685</xmin>
        <ymin>85.14741574668454</ymin>
        <xmax>135.26649158552075</xmax>
        <ymax>163.8265047439334</ymax>
    </bndbox>
</object>
</annotation>