<annotation verified="yes">
    <folder>Annotation</folder>
    <filename>apple_40</filename>
    <path>apple_dataset-PascalVOC-export/Annotations/frame_999.jpg</path>
    <source>
        <database>Unknown</database>
    </source>
    <size>
        <width>320</width>
        <height>240</height>
        <depth>3</depth>
    </size>
    <segmented>0</segmented>
    <object>
    <name>apple</name>
    <pose>Unspecified</pose>
    <truncated>0</truncated>
    <difficult>0</difficult>
    <bndbox>
        <xmin>30.45957147015241</xmin>
        <ymin>0</ymin>
        <xmax>220.59741479678237</xmax>
        <ymax>137.61421703054458</ymax>
    </bndbox>
</object>
</annotation>