<annotation verified="yes">
    <folder>Annotation</folder>
    <filename>apple_41</filename>
    <path>apple_dataset-PascalVOC-export/Annotations/frame_966.jpg</path>
    <source>
        <database>Unknown</database>
    </source>
    <size>
        <width>320</width>
        <height>240</height>
        <depth>3</depth>
    </size>
    <segmented>0</segmented>
    <object>
    <name>apple</name>
    <pose>Unspecified</pose>
    <truncated>0</truncated>
    <difficult>0</difficult>
    <bndbox>
        <xmin>163.4293633573243</xmin>
        <ymin>50.775733413868515</ymin>
        <xmax>306.9497843458933</xmax>
        <ymax>191.80769875141087</ymax>
    </bndbox>
</object>
</annotation>