<annotation verified="yes">
    <folder>Annotation</folder>
    <filename>apple_23</filename>
    <path>apple_dataset-PascalVOC-export/Annotations/frame_1017.jpg</path>
    <source>
        <database>Unknown</database>
    </source>
    <size>
        <width>320</width>
        <height>240</height>
        <depth>3</depth>
    </size>
    <segmented>0</segmented>
    <object>
    <name>apple</name>
    <pose>Unspecified</pose>
    <truncated>0</truncated>
    <difficult>0</difficult>
    <bndbox>
        <xmin>47.477210785351396</xmin>
        <ymin>2.96673432429811</ymin>
        <xmax>156.33826272756139</xmax>
        <ymax>98.80427306715578</ymax>
    </bndbox>
</object>
</annotation>