<annotation verified="yes">
    <folder>Annotation</folder>
    <filename>apple_298</filename>
    <path>apple_dataset-PascalVOC-export/Annotations/frame_603.jpg</path>
    <source>
        <database>Unknown</database>
    </source>
    <size>
        <width>320</width>
        <height>240</height>
        <depth>3</depth>
    </size>
    <segmented>0</segmented>
    <object>
    <name>apple</name>
    <pose>Unspecified</pose>
    <truncated>0</truncated>
    <difficult>0</difficult>
    <bndbox>
        <xmin>113.8723638600762</xmin>
        <ymin>77.27325232787811</ymin>
        <xmax>170.0681691892464</xmax>
        <ymax>133.10800384452597</ymax>
    </bndbox>
</object>
</annotation>