<annotation verified="yes">
    <folder>Annotation</folder>
    <filename>apple_296</filename>
    <path>apple_dataset-PascalVOC-export/Annotations/frame_159.jpg</path>
    <source>
        <database>Unknown</database>
    </source>
    <size>
        <width>320</width>
        <height>240</height>
        <depth>3</depth>
    </size>
    <segmented>0</segmented>
    <object>
    <name>apple</name>
    <pose>Unspecified</pose>
    <truncated>0</truncated>
    <difficult>0</difficult>
    <bndbox>
        <xmin>106.44054958721422</xmin>
        <ymin>57.73598974499154</ymin>
        <xmax>240.7190344517358</xmax>
        <ymax>193.13230768552484</ymax>
    </bndbox>
</object>
</annotation>