<annotation verified="yes">
    <folder>Annotation</folder>
    <filename>apple_61</filename>
    <path>apple_dataset-PascalVOC-export/Annotations/frame_1011.jpg</path>
    <source>
        <database>Unknown</database>
    </source>
    <size>
        <width>320</width>
        <height>240</height>
        <depth>3</depth>
    </size>
    <segmented>0</segmented>
    <object>
    <name>apple</name>
    <pose>Unspecified</pose>
    <truncated>0</truncated>
    <difficult>0</difficult>
    <bndbox>
        <xmin>1.260336182260796</xmin>
        <ymin>1.1079038185136851</ymin>
        <xmax>103.91905032811178</xmax>
        <ymax>127.01326185101581</ymax>
    </bndbox>
</object>
</annotation>