<annotation verified="yes">
    <folder>Annotation</folder>
    <filename>apple_233</filename>
    <path>apple_dataset-PascalVOC-export/Annotations/frame_834.jpg</path>
    <source>
        <database>Unknown</database>
    </source>
    <size>
        <width>320</width>
        <height>240</height>
        <depth>3</depth>
    </size>
    <segmented>0</segmented>
    <object>
    <name>apple</name>
    <pose>Unspecified</pose>
    <truncated>0</truncated>
    <difficult>0</difficult>
    <bndbox>
        <xmin>70.46200254022015</xmin>
        <ymin>54.104838834121054</ymin>
        <xmax>156.68231702476714</xmax>
        <ymax>146.0505431715576</ymax>
    </bndbox>
</object>
</annotation>