<annotation verified="yes">
    <folder>Annotation</folder>
    <filename>apple_149</filename>
    <path>apple_dataset-PascalVOC-export/Annotations/frame_669.jpg</path>
    <source>
        <database>Unknown</database>
    </source>
    <size>
        <width>320</width>
        <height>240</height>
        <depth>3</depth>
    </size>
    <segmented>0</segmented>
    <object>
    <name>apple</name>
    <pose>Unspecified</pose>
    <truncated>0</truncated>
    <difficult>0</difficult>
    <bndbox>
        <xmin>5.2379223777519055</xmin>
        <ymin>103.74379728502399</ymin>
        <xmax>51.92249682472481</xmax>
        <ymax>149.76154129338317</ymax>
    </bndbox>
</object>
</annotation>