<annotation verified="yes">
    <folder>Annotation</folder>
    <filename>apple_38</filename>
    <path>apple_dataset-PascalVOC-export/Annotations/frame_387.jpg</path>
    <source>
        <database>Unknown</database>
    </source>
    <size>
        <width>320</width>
        <height>240</height>
        <depth>3</depth>
    </size>
    <segmented>0</segmented>
    <object>
    <name>apple</name>
    <pose>Unspecified</pose>
    <truncated>0</truncated>
    <difficult>0</difficult>
    <bndbox>
        <xmin>88.49298462637596</xmin>
        <ymin>121.18116667254516</ymin>
        <xmax>192.32440066680778</xmax>
        <ymax>205.51486667607224</ymax>
    </bndbox>
</object>
</annotation>