<annotation verified="yes">
    <folder>Annotation</folder>
    <filename>apple_265</filename>
    <path>apple_dataset-PascalVOC-export/Annotations/frame_822.jpg</path>
    <source>
        <database>Unknown</database>
    </source>
    <size>
        <width>320</width>
        <height>240</height>
        <depth>3</depth>
    </size>
    <segmented>0</segmented>
    <object>
    <name>apple</name>
    <pose>Unspecified</pose>
    <truncated>0</truncated>
    <difficult>0</difficult>
    <bndbox>
        <xmin>72.7734375</xmin>
        <ymin>45.31310621825621</ymin>
        <xmax>156.652118834674</xmax>
        <ymax>138.51458340681432</ymax>
    </bndbox>
</object>
</annotation>