<annotation verified="yes">
    <folder>Annotation</folder>
    <filename>apple_28</filename>
    <path>apple_dataset-PascalVOC-export/Annotations/frame_591.jpg</path>
    <source>
        <database>Unknown</database>
    </source>
    <size>
        <width>320</width>
        <height>240</height>
        <depth>3</depth>
    </size>
    <segmented>0</segmented>
    <object>
    <name>apple</name>
    <pose>Unspecified</pose>
    <truncated>0</truncated>
    <difficult>0</difficult>
    <bndbox>
        <xmin>102.29416940093141</xmin>
        <ymin>80.10969243792326</ymin>
        <xmax>176.88796570702794</xmax>
        <ymax>153.4011324157026</ymax>
    </bndbox>
</object>
</annotation>