<annotation verified="yes">
    <folder>Annotation</folder>
    <filename>apple_109</filename>
    <path>apple_dataset-PascalVOC-export/Annotations/frame_690.jpg</path>
    <source>
        <database>Unknown</database>
    </source>
    <size>
        <width>320</width>
        <height>240</height>
        <depth>3</depth>
    </size>
    <segmented>0</segmented>
    <object>
    <name>apple</name>
    <pose>Unspecified</pose>
    <truncated>0</truncated>
    <difficult>0</difficult>
    <bndbox>
        <xmin>72.35655032811177</xmin>
        <ymin>56.881519601791766</ymin>
        <xmax>126.82631244707875</xmax>
        <ymax>112.89028331334652</ymax>
    </bndbox>
</object>
</annotation>