<annotation verified="yes">
    <folder>Annotation</folder>
    <filename>apple_227</filename>
    <path>apple_dataset-PascalVOC-export/Annotations/frame_927.jpg</path>
    <source>
        <database>Unknown</database>
    </source>
    <size>
        <width>320</width>
        <height>240</height>
        <depth>3</depth>
    </size>
    <segmented>0</segmented>
    <object>
    <name>apple</name>
    <pose>Unspecified</pose>
    <truncated>0</truncated>
    <difficult>0</difficult>
    <bndbox>
        <xmin>127.0158366850127</xmin>
        <ymin>85.30782936388968</ymin>
        <xmax>241.12649502540222</xmax>
        <ymax>184.01625105812644</ymax>
    </bndbox>
</object>
</annotation>