<annotation verified="yes">
    <folder>Annotation</folder>
    <filename>apple_267</filename>
    <path>apple_dataset-PascalVOC-export/Annotations/frame_615.jpg</path>
    <source>
        <database>Unknown</database>
    </source>
    <size>
        <width>320</width>
        <height>240</height>
        <depth>3</depth>
    </size>
    <segmented>0</segmented>
    <object>
    <name>apple</name>
    <pose>Unspecified</pose>
    <truncated>0</truncated>
    <difficult>0</difficult>
    <bndbox>
        <xmin>128.1827503175275</xmin>
        <ymin>75.4630460373166</ymin>
        <xmax>179.31405786939033</xmax>
        <ymax>126.50537770704008</ymax>
    </bndbox>
</object>
</annotation>