<annotation verified="yes">
    <folder>Annotation</folder>
    <filename>apple_54</filename>
    <path>apple_dataset-PascalVOC-export/Annotations/frame_810.jpg</path>
    <source>
        <database>Unknown</database>
    </source>
    <size>
        <width>320</width>
        <height>240</height>
        <depth>3</depth>
    </size>
    <segmented>0</segmented>
    <object>
    <name>apple</name>
    <pose>Unspecified</pose>
    <truncated>0</truncated>
    <difficult>0</difficult>
    <bndbox>
        <xmin>56.097107191998305</xmin>
        <ymin>44.78159609551355</ymin>
        <xmax>139.57133784928027</xmax>
        <ymax>135.50032846007338</ymax>
    </bndbox>
</object>
</annotation>