<annotation verified="yes">
    <folder>Annotation</folder>
    <filename>apple_146</filename>
    <path>apple_dataset-PascalVOC-export/Annotations/frame_906.jpg</path>
    <source>
        <database>Unknown</database>
    </source>
    <size>
        <width>320</width>
        <height>240</height>
        <depth>3</depth>
    </size>
    <segmented>0</segmented>
    <object>
    <name>apple</name>
    <pose>Unspecified</pose>
    <truncated>0</truncated>
    <difficult>0</difficult>
    <bndbox>
        <xmin>73.89824566045723</xmin>
        <ymin>83.01806861068003</ymin>
        <xmax>163.62722269263335</xmax>
        <ymax>170.0296385616535</ymax>
    </bndbox>
</object>
</annotation>