<annotation verified="yes">
    <folder>Annotation</folder>
    <filename>apple_185</filename>
    <path>apple_dataset-PascalVOC-export/Annotations/frame_921.jpg</path>
    <source>
        <database>Unknown</database>
    </source>
    <size>
        <width>320</width>
        <height>240</height>
        <depth>3</depth>
    </size>
    <segmented>0</segmented>
    <object>
    <name>apple</name>
    <pose>Unspecified</pose>
    <truncated>0</truncated>
    <difficult>0</difficult>
    <bndbox>
        <xmin>106.10876640558848</xmin>
        <ymin>78.96085648719668</ymin>
        <xmax>214.91340759949196</xmax>
        <ymax>175.27166293383186</ymax>
    </bndbox>
</object>
</annotation>