<annotation verified="yes">
    <folder>Annotation</folder>
    <filename>apple_128</filename>
    <path>apple_dataset-PascalVOC-export/Annotations/frame_1110.jpg</path>
    <source>
        <database>Unknown</database>
    </source>
    <size>
        <width>320</width>
        <height>240</height>
        <depth>3</depth>
    </size>
    <segmented>0</segmented>
    <object>
    <name>apple</name>
    <pose>Unspecified</pose>
    <truncated>0</truncated>
    <difficult>0</difficult>
    <bndbox>
        <xmin>130.73580387383572</xmin>
        <ymin>82.17695731341705</ymin>
        <xmax>184.27537574089752</xmax>
        <ymax>133.02507318707677</ymax>
    </bndbox>
</object>
</annotation>