<annotation verified="yes">
    <folder>Annotation</folder>
    <filename>apple_58</filename>
    <path>apple_dataset-PascalVOC-export/Annotations/frame_435.jpg</path>
    <source>
        <database>Unknown</database>
    </source>
    <size>
        <width>320</width>
        <height>240</height>
        <depth>3</depth>
    </size>
    <segmented>0</segmented>
    <object>
    <name>apple</name>
    <pose>Unspecified</pose>
    <truncated>0</truncated>
    <difficult>0</difficult>
    <bndbox>
        <xmin>47.536267596316684</xmin>
        <ymin>38.34440140907167</ymin>
        <xmax>151.17242075042338</xmax>
        <ymax>146.72787634029348</ymax>
    </bndbox>
</object>
</annotation>