<annotation verified="yes">
    <folder>Annotation</folder>
    <filename>apple_126</filename>
    <path>apple_dataset-PascalVOC-export/Annotations/frame_291.jpg</path>
    <source>
        <database>Unknown</database>
    </source>
    <size>
        <width>320</width>
        <height>240</height>
        <depth>3</depth>
    </size>
    <segmented>0</segmented>
    <object>
    <name>apple</name>
    <pose>Unspecified</pose>
    <truncated>0</truncated>
    <difficult>0</difficult>
    <bndbox>
        <xmin>132.6385544559695</xmin>
        <ymin>52.880148446317726</ymin>
        <xmax>223.57334224174429</xmax>
        <ymax>134.56206793171557</ymax>
    </bndbox>
</object>
</annotation>