<annotation verified="yes">
    <folder>Annotation</folder>
    <filename>apple_88</filename>
    <path>apple_dataset-PascalVOC-export/Annotations/frame_678.jpg</path>
    <source>
        <database>Unknown</database>
    </source>
    <size>
        <width>320</width>
        <height>240</height>
        <depth>3</depth>
    </size>
    <segmented>0</segmented>
    <object>
    <name>apple</name>
    <pose>Unspecified</pose>
    <truncated>0</truncated>
    <difficult>0</difficult>
    <bndbox>
        <xmin>26.032162891617272</xmin>
        <ymin>47.93852450885299</ymin>
        <xmax>81.77798872777308</xmax>
        <ymax>102.28089618898139</ymax>
    </bndbox>
</object>
</annotation>