<annotation verified="yes">
    <folder>Annotation</folder>
    <filename>apple_184</filename>
    <path>apple_dataset-PascalVOC-export/Annotations/frame_909.jpg</path>
    <source>
        <database>Unknown</database>
    </source>
    <size>
        <width>320</width>
        <height>240</height>
        <depth>3</depth>
    </size>
    <segmented>0</segmented>
    <object>
    <name>apple</name>
    <pose>Unspecified</pose>
    <truncated>0</truncated>
    <difficult>0</difficult>
    <bndbox>
        <xmin>102.72225272544453</xmin>
        <ymin>79.86248765519188</ymin>
        <xmax>201.98897914902625</xmax>
        <ymax>169.58949104119642</ymax>
    </bndbox>
</object>
</annotation>