<annotation verified="yes">
    <folder>Annotation</folder>
    <filename>apple_245</filename>
    <path>apple_dataset-PascalVOC-export/Annotations/frame_174.jpg</path>
    <source>
        <database>Unknown</database>
    </source>
    <size>
        <width>320</width>
        <height>240</height>
        <depth>3</depth>
    </size>
    <segmented>0</segmented>
    <object>
    <name>apple</name>
    <pose>Unspecified</pose>
    <truncated>0</truncated>
    <difficult>0</difficult>
    <bndbox>
        <xmin>169.4277558742591</xmin>
        <ymin>96.04346419564759</ymin>
        <xmax>240.2166463801863</xmax>
        <ymax>172.04113686865128</ymax>
    </bndbox>
</object>
</annotation>