<annotation verified="yes">
    <folder>Annotation</folder>
    <filename>apple_144</filename>
    <path>apple_dataset-PascalVOC-export/Annotations/frame_912.jpg</path>
    <source>
        <database>Unknown</database>
    </source>
    <size>
        <width>320</width>
        <height>240</height>
        <depth>3</depth>
    </size>
    <segmented>0</segmented>
    <object>
    <name>apple</name>
    <pose>Unspecified</pose>
    <truncated>0</truncated>
    <difficult>0</difficult>
    <bndbox>
        <xmin>116.24469133679085</xmin>
        <ymin>85.59126670957957</ymin>
        <xmax>215.2244191892464</xmax>
        <ymax>179.26997544264955</ymax>
    </bndbox>
</object>
</annotation>