<annotation verified="yes">
    <folder>Annotation</folder>
    <filename>apple_256</filename>
    <path>apple_dataset-PascalVOC-export/Annotations/frame_1221.jpg</path>
    <source>
        <database>Unknown</database>
    </source>
    <size>
        <width>320</width>
        <height>240</height>
        <depth>3</depth>
    </size>
    <segmented>0</segmented>
    <object>
    <name>apple</name>
    <pose>Unspecified</pose>
    <truncated>0</truncated>
    <difficult>0</difficult>
    <bndbox>
        <xmin>56.014384658128705</xmin>
        <ymin>107.0333882971219</ymin>
        <xmax>128.98639262277732</xmax>
        <ymax>186.5148512450621</ymax>
    </bndbox>
</object>
</annotation>