<annotation verified="yes">
    <folder>Annotation</folder>
    <filename>apple_277</filename>
    <path>apple_dataset-PascalVOC-export/Annotations/frame_1230.jpg</path>
    <source>
        <database>Unknown</database>
    </source>
    <size>
        <width>320</width>
        <height>240</height>
        <depth>3</depth>
    </size>
    <segmented>0</segmented>
    <object>
    <name>apple</name>
    <pose>Unspecified</pose>
    <truncated>0</truncated>
    <difficult>0</difficult>
    <bndbox>
        <xmin>129.20330360922947</xmin>
        <ymin>109.30665715822518</ymin>
        <xmax>202.76239018839965</xmax>
        <ymax>191.48824377468964</ymax>
    </bndbox>
</object>
</annotation>