<annotation verified="yes">
    <folder>Annotation</folder>
    <filename>apple_90</filename>
    <path>apple_dataset-PascalVOC-export/Annotations/frame_693.jpg</path>
    <source>
        <database>Unknown</database>
    </source>
    <size>
        <width>320</width>
        <height>240</height>
        <depth>3</depth>
    </size>
    <segmented>0</segmented>
    <object>
    <name>apple</name>
    <pose>Unspecified</pose>
    <truncated>0</truncated>
    <difficult>0</difficult>
    <bndbox>
        <xmin>82.20589013547841</xmin>
        <ymin>41.674490556221784</ymin>
        <xmax>137.43839635372566</xmax>
        <ymax>95.60713585020457</ymax>
    </bndbox>
</object>
</annotation>