<annotation verified="yes">
    <folder>Annotation</folder>
    <filename>apple_203</filename>
    <path>apple_dataset-PascalVOC-export/Annotations/frame_702.jpg</path>
    <source>
        <database>Unknown</database>
    </source>
    <size>
        <width>320</width>
        <height>240</height>
        <depth>3</depth>
    </size>
    <segmented>0</segmented>
    <object>
    <name>apple</name>
    <pose>Unspecified</pose>
    <truncated>0</truncated>
    <difficult>0</difficult>
    <bndbox>
        <xmin>113.46346448983911</xmin>
        <ymin>72.61218895492382</ymin>
        <xmax>166.5561825254022</xmax>
        <ymax>124.07955677729967</ymax>
    </bndbox>
</object>
</annotation>