<annotation verified="yes">
    <folder>Annotation</folder>
    <filename>apple_177</filename>
    <path>apple_dataset-PascalVOC-export/Annotations/frame_897.jpg</path>
    <source>
        <database>Unknown</database>
    </source>
    <size>
        <width>320</width>
        <height>240</height>
        <depth>3</depth>
    </size>
    <segmented>0</segmented>
    <object>
    <name>apple</name>
    <pose>Unspecified</pose>
    <truncated>0</truncated>
    <difficult>0</difficult>
    <bndbox>
        <xmin>68.04546927921253</xmin>
        <ymin>60.732215209685386</ymin>
        <xmax>154.46805871613037</xmax>
        <ymax>149.02328318989842</ymax>
    </bndbox>
</object>
</annotation>