<annotation verified="yes">
    <folder>Annotation</folder>
    <filename>apple_26</filename>
    <path>apple_dataset-PascalVOC-export/Annotations/frame_234.jpg</path>
    <source>
        <database>Unknown</database>
    </source>
    <size>
        <width>320</width>
        <height>240</height>
        <depth>3</depth>
    </size>
    <segmented>0</segmented>
    <object>
    <name>apple</name>
    <pose>Unspecified</pose>
    <truncated>0</truncated>
    <difficult>0</difficult>
    <bndbox>
        <xmin>64.01707041172735</xmin>
        <ymin>107.79768623024832</ymin>
        <xmax>187.0586367485182</xmax>
        <ymax>221.2835624470937</ymax>
    </bndbox>
</object>
</annotation>