<annotation verified="yes">
    <folder>Annotation</folder>
    <filename>apple_106</filename>
    <path>apple_dataset-PascalVOC-export/Annotations/frame_486.jpg</path>
    <source>
        <database>Unknown</database>
    </source>
    <size>
        <width>320</width>
        <height>240</height>
        <depth>3</depth>
    </size>
    <segmented>0</segmented>
    <object>
    <name>apple</name>
    <pose>Unspecified</pose>
    <truncated>0</truncated>
    <difficult>0</difficult>
    <bndbox>
        <xmin>46.73370025402201</xmin>
        <ymin>0.9104061772538093</ymin>
        <xmax>320</xmax>
        <ymax>235.7801257406885</ymax>
    </bndbox>
</object>
</annotation>