<annotation verified="yes">
    <folder>Annotation</folder>
    <filename>apple_205</filename>
    <path>apple_dataset-PascalVOC-export/Annotations/frame_924.jpg</path>
    <source>
        <database>Unknown</database>
    </source>
    <size>
        <width>320</width>
        <height>240</height>
        <depth>3</depth>
    </size>
    <segmented>0</segmented>
    <object>
    <name>apple</name>
    <pose>Unspecified</pose>
    <truncated>0</truncated>
    <difficult>0</difficult>
    <bndbox>
        <xmin>126.94469067527518</xmin>
        <ymin>83.4659371472912</ymin>
        <xmax>236.08650640347162</xmax>
        <ymax>179.23323861632338</ymax>
    </bndbox>
</object>
</annotation>