<annotation verified="yes">
    <folder>Annotation</folder>
    <filename>apple_84</filename>
    <path>apple_dataset-PascalVOC-export/Annotations/frame_240.jpg</path>
    <source>
        <database>Unknown</database>
    </source>
    <size>
        <width>320</width>
        <height>240</height>
        <depth>3</depth>
    </size>
    <segmented>0</segmented>
    <object>
    <name>apple</name>
    <pose>Unspecified</pose>
    <truncated>0</truncated>
    <difficult>0</difficult>
    <bndbox>
        <xmin>95.12519183954277</xmin>
        <ymin>136.08593529556998</ymin>
        <xmax>208.6013243543607</xmax>
        <ymax>240</ymax>
    </bndbox>
</object>
</annotation>