<annotation verified="yes">
    <folder>Annotation</folder>
    <filename>apple_263</filename>
    <path>apple_dataset-PascalVOC-export/Annotations/frame_639.jpg</path>
    <source>
        <database>Unknown</database>
    </source>
    <size>
        <width>320</width>
        <height>240</height>
        <depth>3</depth>
    </size>
    <segmented>0</segmented>
    <object>
    <name>apple</name>
    <pose>Unspecified</pose>
    <truncated>0</truncated>
    <difficult>0</difficult>
    <bndbox>
        <xmin>150.19346025613888</xmin>
        <ymin>72.96694236738149</ymin>
        <xmax>185.57221104995767</xmax>
        <ymax>110.73683073504515</ymax>
    </bndbox>
</object>
</annotation>