<annotation verified="yes">
    <folder>Annotation</folder>
    <filename>apple_123</filename>
    <path>apple_dataset-PascalVOC-export/Annotations/frame_534.jpg</path>
    <source>
        <database>Unknown</database>
    </source>
    <size>
        <width>320</width>
        <height>240</height>
        <depth>3</depth>
    </size>
    <segmented>0</segmented>
    <object>
    <name>apple</name>
    <pose>Unspecified</pose>
    <truncated>0</truncated>
    <difficult>0</difficult>
    <bndbox>
        <xmin>56.763088087425906</xmin>
        <ymin>51.49730122654487</ymin>
        <xmax>176.60887224809483</xmax>
        <ymax>169.27903013896727</ymax>
    </bndbox>
</object>
</annotation>