<annotation verified="yes">
    <folder>Annotation</folder>
    <filename>apple_272</filename>
    <path>apple_dataset-PascalVOC-export/Annotations/frame_1032.jpg</path>
    <source>
        <database>Unknown</database>
    </source>
    <size>
        <width>320</width>
        <height>240</height>
        <depth>3</depth>
    </size>
    <segmented>0</segmented>
    <object>
    <name>apple</name>
    <pose>Unspecified</pose>
    <truncated>0</truncated>
    <difficult>0</difficult>
    <bndbox>
        <xmin>52.556328058848436</xmin>
        <ymin>59.905992081687366</ymin>
        <xmax>178.55301717294665</xmax>
        <ymax>176.9454205170711</ymax>
    </bndbox>
</object>
</annotation>