<annotation verified="yes">
    <folder>Annotation</folder>
    <filename>apple_130</filename>
    <path>apple_dataset-PascalVOC-export/Annotations/frame_642.jpg</path>
    <source>
        <database>Unknown</database>
    </source>
    <size>
        <width>320</width>
        <height>240</height>
        <depth>3</depth>
    </size>
    <segmented>0</segmented>
    <object>
    <name>apple</name>
    <pose>Unspecified</pose>
    <truncated>0</truncated>
    <difficult>0</difficult>
    <bndbox>
        <xmin>154.52210454593563</xmin>
        <ymin>75.59946167818849</ymin>
        <xmax>190.163162838696</xmax>
        <ymax>115.51724746049662</ymax>
    </bndbox>
</object>
</annotation>