<annotation verified="yes">
    <folder>Annotation</folder>
    <filename>apple_133</filename>
    <path>apple_dataset-PascalVOC-export/Annotations/frame_867.jpg</path>
    <source>
        <database>Unknown</database>
    </source>
    <size>
        <width>320</width>
        <height>240</height>
        <depth>3</depth>
    </size>
    <segmented>0</segmented>
    <object>
    <name>apple</name>
    <pose>Unspecified</pose>
    <truncated>0</truncated>
    <difficult>0</difficult>
    <bndbox>
        <xmin>27.13611677074513</xmin>
        <ymin>71.74576528992664</ymin>
        <xmax>105.54920684271804</xmax>
        <ymax>148.4502416055305</ymax>
    </bndbox>
</object>
</annotation>