<annotation verified="yes">
    <folder>Annotation</folder>
    <filename>apple_155</filename>
    <path>apple_dataset-PascalVOC-export/Annotations/frame_84.jpg</path>
    <source>
        <database>Unknown</database>
    </source>
    <size>
        <width>320</width>
        <height>240</height>
        <depth>3</depth>
    </size>
    <segmented>0</segmented>
    <object>
    <name>apple</name>
    <pose>Unspecified</pose>
    <truncated>0</truncated>
    <difficult>0</difficult>
    <bndbox>
        <xmin>67.00898999788315</xmin>
        <ymin>34.30527250061724</ymin>
        <xmax>138.63912997459778</xmax>
        <ymax>116.42359886427766</ymax>
    </bndbox>
</object>
</annotation>