<annotation verified="yes">
    <folder>Annotation</folder>
    <filename>apple_87</filename>
    <path>apple_dataset-PascalVOC-export/Annotations/frame_1116.jpg</path>
    <source>
        <database>Unknown</database>
    </source>
    <size>
        <width>320</width>
        <height>240</height>
        <depth>3</depth>
    </size>
    <segmented>0</segmented>
    <object>
    <name>apple</name>
    <pose>Unspecified</pose>
    <truncated>0</truncated>
    <difficult>0</difficult>
    <bndbox>
        <xmin>117.3463299110923</xmin>
        <ymin>62.29763056839024</ymin>
        <xmax>166.87005517040643</xmax>
        <ymax>113.05913714200057</ymax>
    </bndbox>
</object>
</annotation>