<annotation verified="yes">
    <folder>Annotation</folder>
    <filename>apple_168</filename>
    <path>apple_dataset-PascalVOC-export/Annotations/frame_261.jpg</path>
    <source>
        <database>Unknown</database>
    </source>
    <size>
        <width>320</width>
        <height>240</height>
        <depth>3</depth>
    </size>
    <segmented>0</segmented>
    <object>
    <name>apple</name>
    <pose>Unspecified</pose>
    <truncated>0</truncated>
    <difficult>0</difficult>
    <bndbox>
        <xmin>85.55092678344623</xmin>
        <ymin>132.06270721642213</ymin>
        <xmax>147.38721157917018</xmax>
        <ymax>192.3941983810666</ymax>
    </bndbox>
</object>
</annotation>