<annotation verified="yes">
    <folder>Annotation</folder>
    <filename>apple_224</filename>
    <path>apple_dataset-PascalVOC-export/Annotations/frame_1053.jpg</path>
    <source>
        <database>Unknown</database>
    </source>
    <size>
        <width>320</width>
        <height>240</height>
        <depth>3</depth>
    </size>
    <segmented>0</segmented>
    <object>
    <name>apple</name>
    <pose>Unspecified</pose>
    <truncated>0</truncated>
    <difficult>0</difficult>
    <bndbox>
        <xmin>1.3382627275613885</xmin>
        <ymin>46.8438183373307</ymin>
        <xmax>191.22562314775612</xmax>
        <ymax>221.29953354260724</ymax>
    </bndbox>
</object>
</annotation>