<annotation verified="yes">
    <folder>Annotation</folder>
    <filename>apple_183</filename>
    <path>apple_dataset-PascalVOC-export/Annotations/frame_1083.jpg</path>
    <source>
        <database>Unknown</database>
    </source>
    <size>
        <width>320</width>
        <height>240</height>
        <depth>3</depth>
    </size>
    <segmented>0</segmented>
    <object>
    <name>apple</name>
    <pose>Unspecified</pose>
    <truncated>0</truncated>
    <difficult>0</difficult>
    <bndbox>
        <xmin>129.45395189458085</xmin>
        <ymin>64.60427174449775</ymin>
        <xmax>231.34790431837425</xmax>
        <ymax>164.03892362090858</ymax>
    </bndbox>
</object>
</annotation>