<annotation verified="yes">
    <folder>Annotation</folder>
    <filename>apple_79</filename>
    <path>apple_dataset-PascalVOC-export/Annotations/frame_282.jpg</path>
    <source>
        <database>Unknown</database>
    </source>
    <size>
        <width>320</width>
        <height>240</height>
        <depth>3</depth>
    </size>
    <segmented>0</segmented>
    <object>
    <name>apple</name>
    <pose>Unspecified</pose>
    <truncated>0</truncated>
    <difficult>0</difficult>
    <bndbox>
        <xmin>116.36082041172735</xmin>
        <ymin>70.65389456652089</ymin>
        <xmax>188.94398946867062</xmax>
        <ymax>146.50208208415634</ymax>
    </bndbox>
</object>
</annotation>