<annotation verified="yes">
    <folder>Annotation</folder>
    <filename>apple_258</filename>
    <path>apple_dataset-PascalVOC-export/Annotations/frame_567.jpg</path>
    <source>
        <database>Unknown</database>
    </source>
    <size>
        <width>320</width>
        <height>240</height>
        <depth>3</depth>
    </size>
    <segmented>0</segmented>
    <object>
    <name>apple</name>
    <pose>Unspecified</pose>
    <truncated>0</truncated>
    <difficult>0</difficult>
    <bndbox>
        <xmin>20.435260769475022</xmin>
        <ymin>41.36042541090576</ymin>
        <xmax>230.61243120237089</xmax>
        <ymax>235.52877111843964</ymax>
    </bndbox>
</object>
</annotation>