<annotation verified="yes">
    <folder>Annotation</folder>
    <filename>apple_115</filename>
    <path>apple_dataset-PascalVOC-export/Annotations/frame_441.jpg</path>
    <source>
        <database>Unknown</database>
    </source>
    <size>
        <width>320</width>
        <height>240</height>
        <depth>3</depth>
    </size>
    <segmented>0</segmented>
    <object>
    <name>apple</name>
    <pose>Unspecified</pose>
    <truncated>0</truncated>
    <difficult>0</difficult>
    <bndbox>
        <xmin>38.73992842400508</xmin>
        <ymin>2.9432571445577036</ymin>
        <xmax>169.4065046835309</xmax>
        <ymax>130.93375246896164</ymax>
    </bndbox>
</object>
</annotation>