<annotation verified="yes">
    <folder>Annotation</folder>
    <filename>apple_24</filename>
    <path>apple_dataset-PascalVOC-export/Annotations/frame_1002.jpg</path>
    <source>
        <database>Unknown</database>
    </source>
    <size>
        <width>320</width>
        <height>240</height>
        <depth>3</depth>
    </size>
    <segmented>0</segmented>
    <object>
    <name>apple</name>
    <pose>Unspecified</pose>
    <truncated>0</truncated>
    <difficult>0</difficult>
    <bndbox>
        <xmin>11.766040101079593</xmin>
        <ymin>0.623422454765096</ymin>
        <xmax>204.12689854995767</xmax>
        <ymax>143.11644130043737</ymax>
    </bndbox>
</object>
</annotation>