<annotation verified="yes">
    <folder>Annotation</folder>
    <filename>apple_163</filename>
    <path>apple_dataset-PascalVOC-export/Annotations/frame_711.jpg</path>
    <source>
        <database>Unknown</database>
    </source>
    <size>
        <width>320</width>
        <height>240</height>
        <depth>3</depth>
    </size>
    <segmented>0</segmented>
    <object>
    <name>apple</name>
    <pose>Unspecified</pose>
    <truncated>0</truncated>
    <difficult>0</difficult>
    <bndbox>
        <xmin>125.52120819221</xmin>
        <ymin>67.43611561794583</ymin>
        <xmax>174.83136311917866</xmax>
        <ymax>114.13670662563489</ymax>
    </bndbox>
</object>
</annotation>