<annotation verified="yes">
    <folder>Annotation</folder>
    <filename>apple_93</filename>
    <path>apple_dataset-PascalVOC-export/Annotations/frame_108.jpg</path>
    <source>
        <database>Unknown</database>
    </source>
    <size>
        <width>320</width>
        <height>240</height>
        <depth>3</depth>
    </size>
    <segmented>0</segmented>
    <object>
    <name>apple</name>
    <pose>Unspecified</pose>
    <truncated>0</truncated>
    <difficult>0</difficult>
    <bndbox>
        <xmin>107.07166860711261</xmin>
        <ymin>33.84847188910835</ymin>
        <xmax>215.47741585520745</xmax>
        <ymax>139.35703389531602</ymax>
    </bndbox>
</object>
</annotation>