<annotation verified="yes">
    <folder>Annotation</folder>
    <filename>apple_55</filename>
    <path>apple_dataset-PascalVOC-export/Annotations/frame_804.jpg</path>
    <source>
        <database>Unknown</database>
    </source>
    <size>
        <width>320</width>
        <height>240</height>
        <depth>3</depth>
    </size>
    <segmented>0</segmented>
    <object>
    <name>apple</name>
    <pose>Unspecified</pose>
    <truncated>0</truncated>
    <difficult>0</difficult>
    <bndbox>
        <xmin>69.86683689669772</xmin>
        <ymin>55.84088534318567</ymin>
        <xmax>148.70462002540222</xmax>
        <ymax>144.64270598194133</ymax>
    </bndbox>
</object>
</annotation>