<annotation verified="yes">
    <folder>Annotation</folder>
    <filename>apple_73</filename>
    <path>apple_dataset-PascalVOC-export/Annotations/frame_99.jpg</path>
    <source>
        <database>Unknown</database>
    </source>
    <size>
        <width>320</width>
        <height>240</height>
        <depth>3</depth>
    </size>
    <segmented>0</segmented>
    <object>
    <name>apple</name>
    <pose>Unspecified</pose>
    <truncated>0</truncated>
    <difficult>0</difficult>
    <bndbox>
        <xmin>52.99051386536833</xmin>
        <ymin>52.551244731412254</ymin>
        <xmax>140.17429283975446</xmax>
        <ymax>154.35428937993794</ymax>
    </bndbox>
</object>
</annotation>