<annotation verified="yes">
    <folder>Annotation</folder>
    <filename>apple_7</filename>
    <path>apple_dataset-PascalVOC-export/Annotations/frame_1029.jpg</path>
    <source>
        <database>Unknown</database>
    </source>
    <size>
        <width>320</width>
        <height>240</height>
        <depth>3</depth>
    </size>
    <segmented>0</segmented>
    <object>
    <name>apple</name>
    <pose>Unspecified</pose>
    <truncated>0</truncated>
    <difficult>0</difficult>
    <bndbox>
        <xmin>68.79938214436918</xmin>
        <ymin>24.460766105565746</ymin>
        <xmax>197.67295327053347</xmax>
        <ymax>137.0347936212613</ymax>
    </bndbox>
</object>
</annotation>