<annotation verified="yes">
    <folder>Annotation</folder>
    <filename>apple_45</filename>
    <path>apple_dataset-PascalVOC-export/Annotations/frame_231.jpg</path>
    <source>
        <database>Unknown</database>
    </source>
    <size>
        <width>320</width>
        <height>240</height>
        <depth>3</depth>
    </size>
    <segmented>0</segmented>
    <object>
    <name>apple</name>
    <pose>Unspecified</pose>
    <truncated>0</truncated>
    <difficult>0</difficult>
    <bndbox>
        <xmin>61.26633943691787</xmin>
        <ymin>101.93084647908438</ymin>
        <xmax>182.07993755292125</xmax>
        <ymax>221.578415984763</ymax>
    </bndbox>
</object>
</annotation>