<annotation verified="yes">
    <folder>Annotation</folder>
    <filename>apple_37</filename>
    <path>apple_dataset-PascalVOC-export/Annotations/frame_813.jpg</path>
    <source>
        <database>Unknown</database>
    </source>
    <size>
        <width>320</width>
        <height>240</height>
        <depth>3</depth>
    </size>
    <segmented>0</segmented>
    <object>
    <name>apple</name>
    <pose>Unspecified</pose>
    <truncated>0</truncated>
    <difficult>0</difficult>
    <bndbox>
        <xmin>53.89467347586791</xmin>
        <ymin>30.70695657493299</ymin>
        <xmax>140.24026248941576</xmax>
        <ymax>129.97705739454008</ymax>
    </bndbox>
</object>
</annotation>