<annotation verified="yes">
    <folder>Annotation</folder>
    <filename>apple_21</filename>
    <path>apple_dataset-PascalVOC-export/Annotations/frame_1215.jpg</path>
    <source>
        <database>Unknown</database>
    </source>
    <size>
        <width>320</width>
        <height>240</height>
        <depth>3</depth>
    </size>
    <segmented>0</segmented>
    <object>
    <name>apple</name>
    <pose>Unspecified</pose>
    <truncated>0</truncated>
    <difficult>0</difficult>
    <bndbox>
        <xmin>106.93172496824725</xmin>
        <ymin>127.64631904274832</ymin>
        <xmax>177.27042098856901</xmax>
        <ymax>198.10920525888827</ymax>
    </bndbox>
</object>
</annotation>