<annotation verified="yes">
    <folder>Annotation</folder>
    <filename>apple_147</filename>
    <path>apple_dataset-PascalVOC-export/Annotations/frame_279.jpg</path>
    <source>
        <database>Unknown</database>
    </source>
    <size>
        <width>320</width>
        <height>240</height>
        <depth>3</depth>
    </size>
    <segmented>0</segmented>
    <object>
    <name>apple</name>
    <pose>Unspecified</pose>
    <truncated>0</truncated>
    <difficult>0</difficult>
    <bndbox>
        <xmin>110.26635928238781</xmin>
        <ymin>116.40070034741818</ymin>
        <xmax>177.31553635690094</xmax>
        <ymax>190.507029927342</ymax>
    </bndbox>
</object>
</annotation>