<annotation verified="yes">
    <folder>Annotation</folder>
    <filename>apple_165</filename>
    <path>apple_dataset-PascalVOC-export/Annotations/frame_1080.jpg</path>
    <source>
        <database>Unknown</database>
    </source>
    <size>
        <width>320</width>
        <height>240</height>
        <depth>3</depth>
    </size>
    <segmented>0</segmented>
    <object>
    <name>apple</name>
    <pose>Unspecified</pose>
    <truncated>0</truncated>
    <difficult>0</difficult>
    <bndbox>
        <xmin>125.17457398391194</xmin>
        <ymin>72.6228115520951</ymin>
        <xmax>232.4304085520745</xmax>
        <ymax>169.62943531320542</ymax>
    </bndbox>
</object>
</annotation>