<annotation verified="yes">
    <folder>Annotation</folder>
    <filename>apple_152</filename>
    <path>apple_dataset-PascalVOC-export/Annotations/frame_696.jpg</path>
    <source>
        <database>Unknown</database>
    </source>
    <size>
        <width>320</width>
        <height>240</height>
        <depth>3</depth>
    </size>
    <segmented>0</segmented>
    <object>
    <name>apple</name>
    <pose>Unspecified</pose>
    <truncated>0</truncated>
    <difficult>0</difficult>
    <bndbox>
        <xmin>100.16771075889076</xmin>
        <ymin>54.23951848635017</ymin>
        <xmax>154.78024449618965</xmax>
        <ymax>106.40742385898702</ymax>
    </bndbox>
</object>
</annotation>