<annotation verified="yes">
    <folder>Annotation</folder>
    <filename>apple_166</filename>
    <path>apple_dataset-PascalVOC-export/Annotations/frame_936.jpg</path>
    <source>
        <database>Unknown</database>
    </source>
    <size>
        <width>320</width>
        <height>240</height>
        <depth>3</depth>
    </size>
    <segmented>0</segmented>
    <object>
    <name>apple</name>
    <pose>Unspecified</pose>
    <truncated>0</truncated>
    <difficult>0</difficult>
    <bndbox>
        <xmin>108.75820279424217</xmin>
        <ymin>66.010058814193</ymin>
        <xmax>224.93808213378492</xmax>
        <ymax>171.4306640625</ymax>
    </bndbox>
</object>
</annotation>