<annotation verified="yes">
    <folder>Annotation</folder>
    <filename>apple_162</filename>
    <path>apple_dataset-PascalVOC-export/Annotations/frame_1056.jpg</path>
    <source>
        <database>Unknown</database>
    </source>
    <size>
        <width>320</width>
        <height>240</height>
        <depth>3</depth>
    </size>
    <segmented>0</segmented>
    <object>
    <name>apple</name>
    <pose>Unspecified</pose>
    <truncated>0</truncated>
    <difficult>0</difficult>
    <bndbox>
        <xmin>46.04388825677392</xmin>
        <ymin>37.953390633817726</ymin>
        <xmax>221.46069273920406</xmax>
        <ymax>199.97259893481942</ymax>
    </bndbox>
</object>
</annotation>