<annotation verified="yes">
    <folder>Annotation</folder>
    <filename>apple_216</filename>
    <path>apple_dataset-PascalVOC-export/Annotations/frame_1125.jpg</path>
    <source>
        <database>Unknown</database>
    </source>
    <size>
        <width>320</width>
        <height>240</height>
        <depth>3</depth>
    </size>
    <segmented>0</segmented>
    <object>
    <name>apple</name>
    <pose>Unspecified</pose>
    <truncated>0</truncated>
    <difficult>0</difficult>
    <bndbox>
        <xmin>97.90641868649449</xmin>
        <ymin>84.51067164573928</ymin>
        <xmax>142.87727892146486</xmax>
        <ymax>129.84059215399267</ymax>
    </bndbox>
</object>
</annotation>