<annotation verified="yes">
    <folder>Annotation</folder>
    <filename>apple_117</filename>
    <path>apple_dataset-PascalVOC-export/Annotations/frame_333.jpg</path>
    <source>
        <database>Unknown</database>
    </source>
    <size>
        <width>320</width>
        <height>240</height>
        <depth>3</depth>
    </size>
    <segmented>0</segmented>
    <object>
    <name>apple</name>
    <pose>Unspecified</pose>
    <truncated>0</truncated>
    <difficult>0</difficult>
    <bndbox>
        <xmin>164.00408816680778</xmin>
        <ymin>90.32223255854967</ymin>
        <xmax>286.65964357535984</xmax>
        <ymax>212.1565608246332</ymax>
    </bndbox>
</object>
</annotation>