<annotation verified="yes">
    <folder>Annotation</folder>
    <filename>apple_281</filename>
    <path>apple_dataset-PascalVOC-export/Annotations/frame_1191.jpg</path>
    <source>
        <database>Unknown</database>
    </source>
    <size>
        <width>320</width>
        <height>240</height>
        <depth>3</depth>
    </size>
    <segmented>0</segmented>
    <object>
    <name>apple</name>
    <pose>Unspecified</pose>
    <truncated>0</truncated>
    <difficult>0</difficult>
    <bndbox>
        <xmin>127.22297377751904</xmin>
        <ymin>156.13197481659142</ymin>
        <xmax>218.88666913632514</xmax>
        <ymax>226.89770011815745</ymax>
    </bndbox>
</object>
</annotation>