<annotation verified="yes">
    <folder>Annotation</folder>
    <filename>apple_9</filename>
    <path>apple_dataset-PascalVOC-export/Annotations/frame_960.jpg</path>
    <source>
        <database>Unknown</database>
    </source>
    <size>
        <width>320</width>
        <height>240</height>
        <depth>3</depth>
    </size>
    <segmented>0</segmented>
    <object>
    <name>apple</name>
    <pose>Unspecified</pose>
    <truncated>0</truncated>
    <difficult>0</difficult>
    <bndbox>
        <xmin>152.86815000529214</xmin>
        <ymin>78.07443588635724</ymin>
        <xmax>308.4424944432684</xmax>
        <ymax>220.5324084279769</ymax>
    </bndbox>
</object>
</annotation>