<annotation verified="yes">
    <folder>Annotation</folder>
    <filename>apple_247</filename>
    <path>apple_dataset-PascalVOC-export/Annotations/frame_1197.jpg</path>
    <source>
        <database>Unknown</database>
    </source>
    <size>
        <width>320</width>
        <height>240</height>
        <depth>3</depth>
    </size>
    <segmented>0</segmented>
    <object>
    <name>apple</name>
    <pose>Unspecified</pose>
    <truncated>0</truncated>
    <difficult>0</difficult>
    <bndbox>
        <xmin>89.12365712320067</xmin>
        <ymin>87.35412184325621</ymin>
        <xmax>173.3833218670618</xmax>
        <ymax>161.94783436794583</ymax>
    </bndbox>
</object>
</annotation>