<annotation verified="yes">
    <folder>Annotation</folder>
    <filename>apple_213</filename>
    <path>apple_dataset-PascalVOC-export/Annotations/frame_111.jpg</path>
    <source>
        <database>Unknown</database>
    </source>
    <size>
        <width>320</width>
        <height>240</height>
        <depth>3</depth>
    </size>
    <segmented>0</segmented>
    <object>
    <name>apple</name>
    <pose>Unspecified</pose>
    <truncated>0</truncated>
    <difficult>0</difficult>
    <bndbox>
        <xmin>123.10201233065199</xmin>
        <ymin>23.38510620943849</ymin>
        <xmax>239.4052643416596</xmax>
        <ymax>137.8757230530474</ymax>
    </bndbox>
</object>
</annotation>