<annotation verified="yes">
    <folder>Annotation</folder>
    <filename>apple_81</filename>
    <path>apple_dataset-PascalVOC-export/Annotations/frame_1062.jpg</path>
    <source>
        <database>Unknown</database>
    </source>
    <size>
        <width>320</width>
        <height>240</height>
        <depth>3</depth>
    </size>
    <segmented>0</segmented>
    <object>
    <name>apple</name>
    <pose>Unspecified</pose>
    <truncated>0</truncated>
    <difficult>0</difficult>
    <bndbox>
        <xmin>98.49085123835732</xmin>
        <ymin>56.727372076925796</ymin>
        <xmax>263.5160219093988</xmax>
        <ymax>211.75582851297972</ymax>
    </bndbox>
</object>
</annotation>