<annotation verified="yes">
    <folder>Annotation</folder>
    <filename>apple_172</filename>
    <path>apple_dataset-PascalVOC-export/Annotations/frame_1137.jpg</path>
    <source>
        <database>Unknown</database>
    </source>
    <size>
        <width>320</width>
        <height>240</height>
        <depth>3</depth>
    </size>
    <segmented>0</segmented>
    <object>
    <name>apple</name>
    <pose>Unspecified</pose>
    <truncated>0</truncated>
    <difficult>0</difficult>
    <bndbox>
        <xmin>162.42528180567317</xmin>
        <ymin>47.08603008606095</ymin>
        <xmax>216.34109070702794</xmax>
        <ymax>97.87675913515801</ymax>
    </bndbox>
</object>
</annotation>