<annotation verified="yes">
    <folder>Annotation</folder>
    <filename>apple_107</filename>
    <path>apple_dataset-PascalVOC-export/Annotations/frame_135.jpg</path>
    <source>
        <database>Unknown</database>
    </source>
    <size>
        <width>320</width>
        <height>240</height>
        <depth>3</depth>
    </size>
    <segmented>0</segmented>
    <object>
    <name>apple</name>
    <pose>Unspecified</pose>
    <truncated>0</truncated>
    <difficult>0</difficult>
    <bndbox>
        <xmin>136.36773325042336</xmin>
        <ymin>1.031379785817579</ymin>
        <xmax>257.8866559060118</xmax>
        <ymax>118.56871869709369</ymax>
    </bndbox>
</object>
</annotation>