<annotation verified="yes">
    <folder>Annotation</folder>
    <filename>apple_15</filename>
    <path>apple_dataset-PascalVOC-export/Annotations/frame_633.jpg</path>
    <source>
        <database>Unknown</database>
    </source>
    <size>
        <width>320</width>
        <height>240</height>
        <depth>3</depth>
    </size>
    <segmented>0</segmented>
    <object>
    <name>apple</name>
    <pose>Unspecified</pose>
    <truncated>0</truncated>
    <difficult>0</difficult>
    <bndbox>
        <xmin>104.76876719940728</xmin>
        <ymin>72.40845828777512</ymin>
        <xmax>146.31304244284505</xmax>
        <ymax>114.18853828654065</ymax>
    </bndbox>
</object>
</annotation>