<annotation verified="yes">
    <folder>Annotation</folder>
    <filename>apple_154</filename>
    <path>apple_dataset-PascalVOC-export/Annotations/frame_894.jpg</path>
    <source>
        <database>Unknown</database>
    </source>
    <size>
        <width>320</width>
        <height>240</height>
        <depth>3</depth>
    </size>
    <segmented>0</segmented>
    <object>
    <name>apple</name>
    <pose>Unspecified</pose>
    <truncated>0</truncated>
    <difficult>0</difficult>
    <bndbox>
        <xmin>86.54667323772227</xmin>
        <ymin>51.448858876798816</ymin>
        <xmax>166.72549745977983</xmax>
        <ymax>133.55962542325057</ymax>
    </bndbox>
</object>
</annotation>