<annotation verified="yes">
    <folder>Annotation</folder>
    <filename>apple_196</filename>
    <path>apple_dataset-PascalVOC-export/Annotations/frame_699.jpg</path>
    <source>
        <database>Unknown</database>
    </source>
    <size>
        <width>320</width>
        <height>240</height>
        <depth>3</depth>
    </size>
    <segmented>0</segmented>
    <object>
    <name>apple</name>
    <pose>Unspecified</pose>
    <truncated>0</truncated>
    <difficult>0</difficult>
    <bndbox>
        <xmin>110.53377698983911</xmin>
        <ymin>58.63795984410272</ymin>
        <xmax>161.97412812235393</xmax>
        <ymax>109.98754497037248</ymax>
    </bndbox>
</object>
</annotation>