<annotation verified="yes">
    <folder>Annotation</folder>
    <filename>apple_206</filename>
    <path>apple_dataset-PascalVOC-export/Annotations/frame_930.jpg</path>
    <source>
        <database>Unknown</database>
    </source>
    <size>
        <width>320</width>
        <height>240</height>
        <depth>3</depth>
    </size>
    <segmented>0</segmented>
    <object>
    <name>apple</name>
    <pose>Unspecified</pose>
    <truncated>0</truncated>
    <difficult>0</difficult>
    <bndbox>
        <xmin>129.5580579223116</xmin>
        <ymin>82.29619493333804</ymin>
        <xmax>243.02497883149874</xmax>
        <ymax>184.6926252998025</ymax>
    </bndbox>
</object>
</annotation>