<annotation verified="yes">
    <folder>Annotation</folder>
    <filename>apple_292</filename>
    <path>apple_dataset-PascalVOC-export/Annotations/frame_1233.jpg</path>
    <source>
        <database>Unknown</database>
    </source>
    <size>
        <width>320</width>
        <height>240</height>
        <depth>3</depth>
    </size>
    <segmented>0</segmented>
    <object>
    <name>apple</name>
    <pose>Unspecified</pose>
    <truncated>0</truncated>
    <difficult>0</difficult>
    <bndbox>
        <xmin>142.82205890135478</xmin>
        <ymin>107.52797972806152</ymin>
        <xmax>220.44291781329383</xmax>
        <ymax>188.18106967762418</ymax>
    </bndbox>
</object>
</annotation>