<annotation verified="yes">
    <folder>Annotation</folder>
    <filename>apple_96</filename>
    <path>apple_dataset-PascalVOC-export/Annotations/frame_444.jpg</path>
    <source>
        <database>Unknown</database>
    </source>
    <size>
        <width>320</width>
        <height>240</height>
        <depth>3</depth>
    </size>
    <segmented>0</segmented>
    <object>
    <name>apple</name>
    <pose>Unspecified</pose>
    <truncated>0</truncated>
    <difficult>0</difficult>
    <bndbox>
        <xmin>88.76384221528366</xmin>
        <ymin>18.222999314422264</ymin>
        <xmax>242.22672787891617</xmax>
        <ymax>168.1889450038798</ymax>
    </bndbox>
</object>
</annotation>