<annotation verified="yes">
    <folder>Annotation</folder>
    <filename>apple_228</filename>
    <path>apple_dataset-PascalVOC-export/Annotations/frame_270.jpg</path>
    <source>
        <database>Unknown</database>
    </source>
    <size>
        <width>320</width>
        <height>240</height>
        <depth>3</depth>
    </size>
    <segmented>0</segmented>
    <object>
    <name>apple</name>
    <pose>Unspecified</pose>
    <truncated>0</truncated>
    <difficult>0</difficult>
    <bndbox>
        <xmin>22.42486008943692</xmin>
        <ymin>115.30853202595938</ymin>
        <xmax>89.61173991850127</xmax>
        <ymax>182.17959160729401</ymax>
    </bndbox>
</object>
</annotation>