<annotation verified="yes">
    <folder>Annotation</folder>
    <filename>apple_85</filename>
    <path>apple_dataset-PascalVOC-export/Annotations/frame_297.jpg</path>
    <source>
        <database>Unknown</database>
    </source>
    <size>
        <width>320</width>
        <height>240</height>
        <depth>3</depth>
    </size>
    <segmented>0</segmented>
    <object>
    <name>apple</name>
    <pose>Unspecified</pose>
    <truncated>0</truncated>
    <difficult>0</difficult>
    <bndbox>
        <xmin>123.78469649661304</xmin>
        <ymin>69.372412550261</ymin>
        <xmax>218.6702542866215</xmax>
        <ymax>155.33718961625283</ymax>
    </bndbox>
</object>
</annotation>