<annotation verified="yes">
    <folder>Annotation</folder>
    <filename>apple_189</filename>
    <path>apple_dataset-PascalVOC-export/Annotations/frame_510.jpg</path>
    <source>
        <database>Unknown</database>
    </source>
    <size>
        <width>320</width>
        <height>240</height>
        <depth>3</depth>
    </size>
    <segmented>0</segmented>
    <object>
    <name>apple</name>
    <pose>Unspecified</pose>
    <truncated>0</truncated>
    <difficult>0</difficult>
    <bndbox>
        <xmin>53.885114574513125</xmin>
        <ymin>15.53473410165068</ymin>
        <xmax>130.96723512912786</xmax>
        <ymax>91.21023208239279</ymax>
    </bndbox>
</object>
</annotation>