<annotation verified="yes">
    <folder>Annotation</folder>
    <filename>apple_252</filename>
    <path>apple_dataset-PascalVOC-export/Annotations/frame_957.jpg</path>
    <source>
        <database>Unknown</database>
    </source>
    <size>
        <width>320</width>
        <height>240</height>
        <depth>3</depth>
    </size>
    <segmented>0</segmented>
    <object>
    <name>apple</name>
    <pose>Unspecified</pose>
    <truncated>0</truncated>
    <difficult>0</difficult>
    <bndbox>
        <xmin>152.97596052074513</xmin>
        <ymin>95.81394169723477</ymin>
        <xmax>308.2670935647756</xmax>
        <ymax>240</ymax>
    </bndbox>
</object>
</annotation>