<annotation verified="yes">
    <folder>Annotation</folder>
    <filename>apple_190</filename>
    <path>apple_dataset-PascalVOC-export/Annotations/frame_1134.jpg</path>
    <source>
        <database>Unknown</database>
    </source>
    <size>
        <width>320</width>
        <height>240</height>
        <depth>3</depth>
    </size>
    <segmented>0</segmented>
    <object>
    <name>apple</name>
    <pose>Unspecified</pose>
    <truncated>0</truncated>
    <difficult>0</difficult>
    <bndbox>
        <xmin>126.36813015982219</xmin>
        <ymin>44.042246799167614</ymin>
        <xmax>175.53544731689246</xmax>
        <ymax>91.49622381137135</ymax>
    </bndbox>
</object>
</annotation>