<annotation verified="yes">
    <folder>Annotation</folder>
    <filename>apple_243</filename>
    <path>apple_dataset-PascalVOC-export/Annotations/frame_606.jpg</path>
    <source>
        <database>Unknown</database>
    </source>
    <size>
        <width>320</width>
        <height>240</height>
        <depth>3</depth>
    </size>
    <segmented>0</segmented>
    <object>
    <name>apple</name>
    <pose>Unspecified</pose>
    <truncated>0</truncated>
    <difficult>0</difficult>
    <bndbox>
        <xmin>121.61300672099915</xmin>
        <ymin>74.85593774248731</ymin>
        <xmax>174.45133890770535</xmax>
        <ymax>128.60680022573365</ymax>
    </bndbox>
</object>
</annotation>