<annotation verified="yes">
    <folder>Annotation</folder>
    <filename>apple_68</filename>
    <path>apple_dataset-PascalVOC-export/Annotations/frame_144.jpg</path>
    <source>
        <database>Unknown</database>
    </source>
    <size>
        <width>320</width>
        <height>240</height>
        <depth>3</depth>
    </size>
    <segmented>0</segmented>
    <object>
    <name>apple</name>
    <pose>Unspecified</pose>
    <truncated>0</truncated>
    <difficult>0</difficult>
    <bndbox>
        <xmin>153.14623465283657</xmin>
        <ymin>27.29360610583028</ymin>
        <xmax>288.6791847480948</xmax>
        <ymax>165.8053333979966</ymax>
    </bndbox>
</object>
</annotation>