<annotation verified="yes">
    <folder>Annotation</folder>
    <filename>apple_171</filename>
    <path>apple_dataset-PascalVOC-export/Annotations/frame_315.jpg</path>
    <source>
        <database>Unknown</database>
    </source>
    <size>
        <width>320</width>
        <height>240</height>
        <depth>3</depth>
    </size>
    <segmented>0</segmented>
    <object>
    <name>apple</name>
    <pose>Unspecified</pose>
    <truncated>0</truncated>
    <difficult>0</difficult>
    <bndbox>
        <xmin>179.99695702794241</xmin>
        <ymin>56.52393900783014</ymin>
        <xmax>290.4149357006774</xmax>
        <ymax>161.96616971465858</ymax>
    </bndbox>
</object>
</annotation>