<annotation verified="yes">
    <folder>Annotation</folder>
    <filename>apple_255</filename>
    <path>apple_dataset-PascalVOC-export/Annotations/frame_942.jpg</path>
    <source>
        <database>Unknown</database>
    </source>
    <size>
        <width>320</width>
        <height>240</height>
        <depth>3</depth>
    </size>
    <segmented>0</segmented>
    <object>
    <name>apple</name>
    <pose>Unspecified</pose>
    <truncated>0</truncated>
    <difficult>0</difficult>
    <bndbox>
        <xmin>116.60827688399661</xmin>
        <ymin>22.860101910799944</ymin>
        <xmax>246.40102402624893</xmax>
        <ymax>150.27587339517495</ymax>
    </bndbox>
</object>
</annotation>