<annotation verified="yes">
    <folder>Annotation</folder>
    <filename>apple_160</filename>
    <path>apple_dataset-PascalVOC-export/Annotations/frame_1095.jpg</path>
    <source>
        <database>Unknown</database>
    </source>
    <size>
        <width>320</width>
        <height>240</height>
        <depth>3</depth>
    </size>
    <segmented>0</segmented>
    <object>
    <name>apple</name>
    <pose>Unspecified</pose>
    <truncated>0</truncated>
    <difficult>0</difficult>
    <bndbox>
        <xmin>142.98874431096527</xmin>
        <ymin>99.51433375511428</ymin>
        <xmax>204.09997486240474</xmax>
        <ymax>163.26027484833523</ymax>
    </bndbox>
</object>
</annotation>