<annotation verified="yes">
    <folder>Annotation</folder>
    <filename>apple_214</filename>
    <path>apple_dataset-PascalVOC-export/Annotations/frame_1131.jpg</path>
    <source>
        <database>Unknown</database>
    </source>
    <size>
        <width>320</width>
        <height>240</height>
        <depth>3</depth>
    </size>
    <segmented>0</segmented>
    <object>
    <name>apple</name>
    <pose>Unspecified</pose>
    <truncated>0</truncated>
    <difficult>0</difficult>
    <bndbox>
        <xmin>91.3313829646486</xmin>
        <ymin>65.39493190515661</ymin>
        <xmax>136.2693493331922</xmax>
        <ymax>109.23280324139392</ymax>
    </bndbox>
</object>
</annotation>