<annotation verified="yes">
    <folder>Annotation</folder>
    <filename>apple_286</filename>
    <path>apple_dataset-PascalVOC-export/Annotations/frame_399.jpg</path>
    <source>
        <database>Unknown</database>
    </source>
    <size>
        <width>320</width>
        <height>240</height>
        <depth>3</depth>
    </size>
    <segmented>0</segmented>
    <object>
    <name>apple</name>
    <pose>Unspecified</pose>
    <truncated>0</truncated>
    <difficult>0</difficult>
    <bndbox>
        <xmin>20.9874775084674</xmin>
        <ymin>97.18403353378952</ymin>
        <xmax>110.71876984546995</xmax>
        <ymax>177.2135232964165</ymax>
    </bndbox>
</object>
</annotation>