<annotation verified="yes">
    <folder>Annotation</folder>
    <filename>apple_290</filename>
    <path>apple_dataset-PascalVOC-export/Annotations/frame_978.jpg</path>
    <source>
        <database>Unknown</database>
    </source>
    <size>
        <width>320</width>
        <height>240</height>
        <depth>3</depth>
    </size>
    <segmented>0</segmented>
    <object>
    <name>apple</name>
    <pose>Unspecified</pose>
    <truncated>0</truncated>
    <difficult>0</difficult>
    <bndbox>
        <xmin>88.15456975021168</xmin>
        <ymin>44.32145163921417</ymin>
        <xmax>319.05257726502964</xmax>
        <ymax>240</ymax>
    </bndbox>
</object>
</annotation>