<annotation verified="yes">
    <folder>Annotation</folder>
    <filename>apple_39</filename>
    <path>apple_dataset-PascalVOC-export/Annotations/frame_393.jpg</path>
    <source>
        <database>Unknown</database>
    </source>
    <size>
        <width>320</width>
        <height>240</height>
        <depth>3</depth>
    </size>
    <segmented>0</segmented>
    <object>
    <name>apple</name>
    <pose>Unspecified</pose>
    <truncated>0</truncated>
    <difficult>0</difficult>
    <bndbox>
        <xmin>59.33228262595258</xmin>
        <ymin>142.81044436900396</ymin>
        <xmax>148.31511960203218</xmax>
        <ymax>221.21235384628952</ymax>
    </bndbox>
</object>
</annotation>