<annotation verified="yes">
    <folder>Annotation</folder>
    <filename>apple_276</filename>
    <path>apple_dataset-PascalVOC-export/Annotations/frame_210.jpg</path>
    <source>
        <database>Unknown</database>
    </source>
    <size>
        <width>320</width>
        <height>240</height>
        <depth>3</depth>
    </size>
    <segmented>0</segmented>
    <object>
    <name>apple</name>
    <pose>Unspecified</pose>
    <truncated>0</truncated>
    <difficult>0</difficult>
    <bndbox>
        <xmin>35.24648073666384</xmin>
        <ymin>39.083833371543456</ymin>
        <xmax>145.9224505186283</xmax>
        <ymax>132.49295133500283</ymax>
    </bndbox>
</object>
</annotation>