<annotation verified="yes">
    <folder>Annotation</folder>
    <filename>apple_232</filename>
    <path>apple_dataset-PascalVOC-export/Annotations/frame_660.jpg</path>
    <source>
        <database>Unknown</database>
    </source>
    <size>
        <width>320</width>
        <height>240</height>
        <depth>3</depth>
    </size>
    <segmented>0</segmented>
    <object>
    <name>apple</name>
    <pose>Unspecified</pose>
    <truncated>0</truncated>
    <difficult>0</difficult>
    <bndbox>
        <xmin>91.16320914479255</xmin>
        <ymin>83.26749711219668</ymin>
        <xmax>134.4265982218459</xmax>
        <ymax>120.9047642141648</ymax>
    </bndbox>
</object>
</annotation>