<annotation verified="yes">
    <folder>Annotation</folder>
    <filename>apple_138</filename>
    <path>apple_dataset-PascalVOC-export/Annotations/frame_324.jpg</path>
    <source>
        <database>Unknown</database>
    </source>
    <size>
        <width>320</width>
        <height>240</height>
        <depth>3</depth>
    </size>
    <segmented>0</segmented>
    <object>
    <name>apple</name>
    <pose>Unspecified</pose>
    <truncated>0</truncated>
    <difficult>0</difficult>
    <bndbox>
        <xmin>136.9044043712955</xmin>
        <ymin>47.5182416584368</ymin>
        <xmax>258.2829699407282</xmax>
        <ymax>160.72592982858353</ymax>
    </bndbox>
</object>
</annotation>