<annotation verified="yes">
    <folder>Annotation</folder>
    <filename>apple_140</filename>
    <path>apple_dataset-PascalVOC-export/Annotations/frame_522.jpg</path>
    <source>
        <database>Unknown</database>
    </source>
    <size>
        <width>320</width>
        <height>240</height>
        <depth>3</depth>
    </size>
    <segmented>0</segmented>
    <object>
    <name>apple</name>
    <pose>Unspecified</pose>
    <truncated>0</truncated>
    <difficult>0</difficult>
    <bndbox>
        <xmin>81.61528895004234</xmin>
        <ymin>60.448133068213885</ymin>
        <xmax>161.71327595787469</xmax>
        <ymax>139.96687843891084</ymax>
    </bndbox>
</object>
</annotation>