<annotation verified="yes">
    <folder>Annotation</folder>
    <filename>apple_200</filename>
    <path>apple_dataset-PascalVOC-export/Annotations/frame_306.jpg</path>
    <source>
        <database>Unknown</database>
    </source>
    <size>
        <width>320</width>
        <height>240</height>
        <depth>3</depth>
    </size>
    <segmented>0</segmented>
    <object>
    <name>apple</name>
    <pose>Unspecified</pose>
    <truncated>0</truncated>
    <difficult>0</difficult>
    <bndbox>
        <xmin>97.90746057366638</xmin>
        <ymin>74.66725231024267</ymin>
        <xmax>194.9001111346317</xmax>
        <ymax>162.73752733493228</ymax>
    </bndbox>
</object>
</annotation>