<annotation verified="yes">
    <folder>Annotation</folder>
    <filename>apple_192</filename>
    <path>apple_dataset-PascalVOC-export/Annotations/frame_672.jpg</path>
    <source>
        <database>Unknown</database>
    </source>
    <size>
        <width>320</width>
        <height>240</height>
        <depth>3</depth>
    </size>
    <segmented>0</segmented>
    <object>
    <name>apple</name>
    <pose>Unspecified</pose>
    <truncated>0</truncated>
    <difficult>0</difficult>
    <bndbox>
        <xmin>3.6366327529635902</xmin>
        <ymin>93.45712218273844</ymin>
        <xmax>52.77820041278578</xmax>
        <ymax>139.40263253033297</ymax>
    </bndbox>
</object>
</annotation>