<annotation verified="yes">
    <folder>Annotation</folder>
    <filename>apple_215</filename>
    <path>apple_dataset-PascalVOC-export/Annotations/frame_105.jpg</path>
    <source>
        <database>Unknown</database>
    </source>
    <size>
        <width>320</width>
        <height>240</height>
        <depth>3</depth>
    </size>
    <segmented>0</segmented>
    <object>
    <name>apple</name>
    <pose>Unspecified</pose>
    <truncated>0</truncated>
    <difficult>0</difficult>
    <bndbox>
        <xmin>83.2549216765453</xmin>
        <ymin>34.351871395756916</ymin>
        <xmax>191.56382303132938</xmax>
        <ymax>144.4860536734622</ymax>
    </bndbox>
</object>
</annotation>