<annotation verified="yes">
    <folder>Annotation</folder>
    <filename>apple_62</filename>
    <path>apple_dataset-PascalVOC-export/Annotations/frame_1038.jpg</path>
    <source>
        <database>Unknown</database>
    </source>
    <size>
        <width>320</width>
        <height>240</height>
        <depth>3</depth>
    </size>
    <segmented>0</segmented>
    <object>
    <name>apple</name>
    <pose>Unspecified</pose>
    <truncated>0</truncated>
    <difficult>0</difficult>
    <bndbox>
        <xmin>31.919635769475022</xmin>
        <ymin>82.58893221818568</ymin>
        <xmax>168.2597176651143</xmax>
        <ymax>198.40491852426638</ymax>
    </bndbox>
</object>
</annotation>