<annotation verified="yes">
    <folder>Annotation</folder>
    <filename>apple_101</filename>
    <path>apple_dataset-PascalVOC-export/Annotations/frame_900.jpg</path>
    <source>
        <database>Unknown</database>
    </source>
    <size>
        <width>320</width>
        <height>240</height>
        <depth>3</depth>
    </size>
    <segmented>0</segmented>
    <object>
    <name>apple</name>
    <pose>Unspecified</pose>
    <truncated>0</truncated>
    <difficult>0</difficult>
    <bndbox>
        <xmin>65.11662521168502</xmin>
        <ymin>73.55124307808974</ymin>
        <xmax>147.68949116215072</xmax>
        <ymax>161.44681151241537</ymax>
    </bndbox>
</object>
</annotation>