<annotation verified="yes">
    <folder>Annotation</folder>
    <filename>apple_72</filename>
    <path>apple_dataset-PascalVOC-export/Annotations/frame_651.jpg</path>
    <source>
        <database>Unknown</database>
    </source>
    <size>
        <width>320</width>
        <height>240</height>
        <depth>3</depth>
    </size>
    <segmented>0</segmented>
    <object>
    <name>apple</name>
    <pose>Unspecified</pose>
    <truncated>0</truncated>
    <difficult>0</difficult>
    <bndbox>
        <xmin>163.7251931625741</xmin>
        <ymin>155.09800344772856</ymin>
        <xmax>197.15343194326843</xmax>
        <ymax>189.39156629161965</ymax>
    </bndbox>
</object>
</annotation>