<annotation verified="yes">
    <folder>Annotation</folder>
    <filename>apple_83</filename>
    <path>apple_dataset-PascalVOC-export/Annotations/frame_903.jpg</path>
    <source>
        <database>Unknown</database>
    </source>
    <size>
        <width>320</width>
        <height>240</height>
        <depth>3</depth>
    </size>
    <segmented>0</segmented>
    <object>
    <name>apple</name>
    <pose>Unspecified</pose>
    <truncated>0</truncated>
    <difficult>0</difficult>
    <bndbox>
        <xmin>58.090501958086364</xmin>
        <ymin>78.40746464094245</ymin>
        <xmax>148.1039472639712</xmax>
        <ymax>172.2552917342692</ymax>
    </bndbox>
</object>
</annotation>