<annotation verified="yes">
    <folder>Annotation</folder>
    <filename>apple_50</filename>
    <path>apple_dataset-PascalVOC-export/Annotations/frame_621.jpg</path>
    <source>
        <database>Unknown</database>
    </source>
    <size>
        <width>320</width>
        <height>240</height>
        <depth>3</depth>
    </size>
    <segmented>0</segmented>
    <object>
    <name>apple</name>
    <pose>Unspecified</pose>
    <truncated>0</truncated>
    <difficult>0</difficult>
    <bndbox>
        <xmin>129.051006165326</xmin>
        <ymin>92.37286500952314</ymin>
        <xmax>180.6095039955546</xmax>
        <ymax>142.49113819130926</ymax>
    </bndbox>
</object>
</annotation>