<annotation verified="yes">
    <folder>Annotation</folder>
    <filename>apple_29</filename>
    <path>apple_dataset-PascalVOC-export/Annotations/frame_432.jpg</path>
    <source>
        <database>Unknown</database>
    </source>
    <size>
        <width>320</width>
        <height>240</height>
        <depth>3</depth>
    </size>
    <segmented>0</segmented>
    <object>
    <name>apple</name>
    <pose>Unspecified</pose>
    <truncated>0</truncated>
    <difficult>0</difficult>
    <bndbox>
        <xmin>81.36864283446232</xmin>
        <ymin>39.16145686371332</ymin>
        <xmax>173.4885193956393</xmax>
        <ymax>138.837791425649</ymax>
    </bndbox>
</object>
</annotation>