<annotation verified="yes">
    <folder>Annotation</folder>
    <filename>apple_238</filename>
    <path>apple_dataset-PascalVOC-export/Annotations/frame_1236.jpg</path>
    <source>
        <database>Unknown</database>
    </source>
    <size>
        <width>320</width>
        <height>240</height>
        <depth>3</depth>
    </size>
    <segmented>0</segmented>
    <object>
    <name>apple</name>
    <pose>Unspecified</pose>
    <truncated>0</truncated>
    <difficult>0</difficult>
    <bndbox>
        <xmin>153.7971991426757</xmin>
        <ymin>105.61153093256209</ymin>
        <xmax>223.57261457451312</xmax>
        <ymax>183.80394791372743</ymax>
    </bndbox>
</object>
</annotation>