<annotation verified="yes">
    <folder>Annotation</folder>
    <filename>apple_65</filename>
    <path>apple_dataset-PascalVOC-export/Annotations/frame_1206.jpg</path>
    <source>
        <database>Unknown</database>
    </source>
    <size>
        <width>320</width>
        <height>240</height>
        <depth>3</depth>
    </size>
    <segmented>0</segmented>
    <object>
    <name>apple</name>
    <pose>Unspecified</pose>
    <truncated>0</truncated>
    <difficult>0</difficult>
    <bndbox>
        <xmin>170.98954474491956</xmin>
        <ymin>39.11124545887416</ymin>
        <xmax>241.0870686917866</xmax>
        <ymax>114.29317706863714</ymax>
    </bndbox>
</object>
</annotation>