<annotation verified="yes">
    <folder>Annotation</folder>
    <filename>apple_264</filename>
    <path>apple_dataset-PascalVOC-export/Annotations/frame_1194.jpg</path>
    <source>
        <database>Unknown</database>
    </source>
    <size>
        <width>320</width>
        <height>240</height>
        <depth>3</depth>
    </size>
    <segmented>0</segmented>
    <object>
    <name>apple</name>
    <pose>Unspecified</pose>
    <truncated>0</truncated>
    <difficult>0</difficult>
    <bndbox>
        <xmin>77.11393945808636</xmin>
        <ymin>148.03715897467552</ymin>
        <xmax>164.51792045935647</xmax>
        <ymax>221.5633211501834</ymax>
    </bndbox>
</object>
</annotation>