<annotation verified="yes">
    <folder>Annotation</folder>
    <filename>apple_105</filename>
    <path>apple_dataset-PascalVOC-export/Annotations/frame_294.jpg</path>
    <source>
        <database>Unknown</database>
    </source>
    <size>
        <width>320</width>
        <height>240</height>
        <depth>3</depth>
    </size>
    <segmented>0</segmented>
    <object>
    <name>apple</name>
    <pose>Unspecified</pose>
    <truncated>0</truncated>
    <difficult>0</difficult>
    <bndbox>
        <xmin>120.13316310330228</xmin>
        <ymin>66.31176537369498</ymin>
        <xmax>213.4533102243861</xmax>
        <ymax>153.99072375846504</ymax>
    </bndbox>
</object>
</annotation>