<annotation verified="yes">
    <folder>Annotation</folder>
    <filename>apple_244</filename>
    <path>apple_dataset-PascalVOC-export/Annotations/frame_1140.jpg</path>
    <source>
        <database>Unknown</database>
    </source>
    <size>
        <width>320</width>
        <height>240</height>
        <depth>3</depth>
    </size>
    <segmented>0</segmented>
    <object>
    <name>apple</name>
    <pose>Unspecified</pose>
    <truncated>0</truncated>
    <difficult>0</difficult>
    <bndbox>
        <xmin>153.9328760055038</xmin>
        <ymin>58.9021773155333</ymin>
        <xmax>215.13799216765452</xmax>
        <ymax>114.81701577490125</ymax>
    </bndbox>
</object>
</annotation>