<annotation verified="yes">
    <folder>Annotation</folder>
    <filename>apple_59</filename>
    <path>apple_dataset-PascalVOC-export/Annotations/frame_582.jpg</path>
    <source>
        <database>Unknown</database>
    </source>
    <size>
        <width>320</width>
        <height>240</height>
        <depth>3</depth>
    </size>
    <segmented>0</segmented>
    <object>
    <name>apple</name>
    <pose>Unspecified</pose>
    <truncated>0</truncated>
    <difficult>0</difficult>
    <bndbox>
        <xmin>112.22256033022862</xmin>
        <ymin>29.387324141594952</ymin>
        <xmax>215.78088616638442</xmax>
        <ymax>122.82514791725453</ymax>
    </bndbox>
</object>
</annotation>