<annotation verified="yes">
    <folder>Annotation</folder>
    <filename>apple_182</filename>
    <path>apple_dataset-PascalVOC-export/Annotations/frame_1068.jpg</path>
    <source>
        <database>Unknown</database>
    </source>
    <size>
        <width>320</width>
        <height>240</height>
        <depth>3</depth>
    </size>
    <segmented>0</segmented>
    <object>
    <name>apple</name>
    <pose>Unspecified</pose>
    <truncated>0</truncated>
    <difficult>0</difficult>
    <bndbox>
        <xmin>124.36732641828958</xmin>
        <ymin>71.82662929422969</ymin>
        <xmax>269.48338934165963</xmax>
        <ymax>208.0947937976157</ymax>
    </bndbox>
</object>
</annotation>