<annotation verified="yes">
    <folder>Annotation</folder>
    <filename>apple_187</filename>
    <path>apple_dataset-PascalVOC-export/Annotations/frame_1242.jpg</path>
    <source>
        <database>Unknown</database>
    </source>
    <size>
        <width>320</width>
        <height>240</height>
        <depth>3</depth>
    </size>
    <segmented>0</segmented>
    <object>
    <name>apple</name>
    <pose>Unspecified</pose>
    <truncated>0</truncated>
    <difficult>0</difficult>
    <bndbox>
        <xmin>151.1499457557155</xmin>
        <ymin>98.61736495661683</ymin>
        <xmax>227.9939206710415</xmax>
        <ymax>179.57088014073082</ymax>
    </bndbox>
</object>
</annotation>