<annotation verified="yes">
    <folder>Annotation</folder>
    <filename>apple_248</filename>
    <path>apple_dataset-PascalVOC-export/Annotations/frame_837.jpg</path>
    <source>
        <database>Unknown</database>
    </source>
    <size>
        <width>320</width>
        <height>240</height>
        <depth>3</depth>
    </size>
    <segmented>0</segmented>
    <object>
    <name>apple</name>
    <pose>Unspecified</pose>
    <truncated>0</truncated>
    <difficult>0</difficult>
    <bndbox>
        <xmin>74.25037044877223</xmin>
        <ymin>50.84552015730813</ymin>
        <xmax>159.32330255080439</xmax>
        <ymax>147.3793350116394</ymax>
    </bndbox>
</object>
</annotation>