<annotation verified="yes">
    <folder>Annotation</folder>
    <filename>apple_89</filename>
    <path>apple_dataset-PascalVOC-export/Annotations/frame_687.jpg</path>
    <source>
        <database>Unknown</database>
    </source>
    <size>
        <width>320</width>
        <height>240</height>
        <depth>3</depth>
    </size>
    <segmented>0</segmented>
    <object>
    <name>apple</name>
    <pose>Unspecified</pose>
    <truncated>0</truncated>
    <difficult>0</difficult>
    <bndbox>
        <xmin>74.0488066257409</xmin>
        <ymin>56.23981553329572</ymin>
        <xmax>127.26979254868755</xmax>
        <ymax>113.15800582851298</ymax>
    </bndbox>
</object>
</annotation>