<annotation verified="yes">
    <folder>Annotation</folder>
    <filename>apple_82</filename>
    <path>apple_dataset-PascalVOC-export/Annotations/frame_1089.jpg</path>
    <source>
        <database>Unknown</database>
    </source>
    <size>
        <width>320</width>
        <height>240</height>
        <depth>3</depth>
    </size>
    <segmented>0</segmented>
    <object>
    <name>apple</name>
    <pose>Unspecified</pose>
    <truncated>0</truncated>
    <difficult>0</difficult>
    <bndbox>
        <xmin>146.88482350762067</xmin>
        <ymin>72.54317100645457</ymin>
        <xmax>247.4634512595258</xmax>
        <ymax>163.05122874929458</ymax>
    </bndbox>
</object>
</annotation>