<annotation verified="yes">
    <folder>Annotation</folder>
    <filename>apple_46</filename>
    <path>apple_dataset-PascalVOC-export/Annotations/frame_594.jpg</path>
    <source>
        <database>Unknown</database>
    </source>
    <size>
        <width>320</width>
        <height>240</height>
        <depth>3</depth>
    </size>
    <segmented>0</segmented>
    <object>
    <name>apple</name>
    <pose>Unspecified</pose>
    <truncated>0</truncated>
    <difficult>0</difficult>
    <bndbox>
        <xmin>85.6398510266723</xmin>
        <ymin>63.08236356782591</ymin>
        <xmax>155.82828376375952</xmax>
        <ymax>129.34385140378106</ymax>
    </bndbox>
</object>
</annotation>