<annotation verified="yes">
    <folder>Annotation</folder>
    <filename>apple_204</filename>
    <path>apple_dataset-PascalVOC-export/Annotations/frame_717.jpg</path>
    <source>
        <database>Unknown</database>
    </source>
    <size>
        <width>320</width>
        <height>240</height>
        <depth>3</depth>
    </size>
    <segmented>0</segmented>
    <object>
    <name>apple</name>
    <pose>Unspecified</pose>
    <truncated>0</truncated>
    <difficult>0</difficult>
    <bndbox>
        <xmin>134.13040458298053</xmin>
        <ymin>61.905768332040076</ymin>
        <xmax>180.42504035245554</xmax>
        <ymax>105.7154091863008</ymax>
    </bndbox>
</object>
</annotation>