<annotation verified="yes">
    <folder>Annotation</folder>
    <filename>frame_322</filename>
    <path>openmv_auto_exposure-PascalVOC-export/Annotations/frame_322.jpg</path>
    <source>
        <database>Unknown</database>
    </source>
    <size>
        <width>320</width>
        <height>240</height>
        <depth>3</depth>
    </size>
    <segmented>0</segmented>
    <object>
    <name>apple</name>
    <pose>Unspecified</pose>
    <truncated>0</truncated>
    <difficult>0</difficult>
    <bndbox>
        <xmin>32.27635891154661</xmin>
        <ymin>92.01049390889831</ymin>
        <xmax>82.58972788665254</xmax>
        <ymax>144.83224642478814</ymax>
    </bndbox>
</object><object>
    <name>hand</name>
    <pose>Unspecified</pose>
    <truncated>0</truncated>
    <difficult>0</difficult>
    <bndbox>
        <xmin>37.56792902542373</xmin>
        <ymin>56.05431508209746</ymin>
        <xmax>179.49644134004237</xmax>
        <ymax>204.6949649099576</ymax>
    </bndbox>
</object>
</annotation>