<annotation verified="yes">
    <folder>Annotation</folder>
    <filename>frame_262</filename>
    <path>openmv_auto_exposure-PascalVOC-export/Annotations/frame_262.jpg</path>
    <source>
        <database>Unknown</database>
    </source>
    <size>
        <width>320</width>
        <height>240</height>
        <depth>3</depth>
    </size>
    <segmented>0</segmented>
    <object>
    <name>apple</name>
    <pose>Unspecified</pose>
    <truncated>0</truncated>
    <difficult>0</difficult>
    <bndbox>
        <xmin>85.27256024894068</xmin>
        <ymin>103.35275423728814</ymin>
        <xmax>138.5000993114407</xmax>
        <ymax>160.50938493114407</ymax>
    </bndbox>
</object><object>
    <name>hand</name>
    <pose>Unspecified</pose>
    <truncated>0</truncated>
    <difficult>0</difficult>
    <bndbox>
        <xmin>87.41186109639831</xmin>
        <ymin>58.50759732521186</ymin>
        <xmax>232.8798993644068</xmax>
        <ymax>216.21691273834745</ymax>
    </bndbox>
</object>
</annotation>