<annotation verified="yes">
    <folder>Annotation</folder>
    <filename>frame_127</filename>
    <path>openmv_auto_exposure-PascalVOC-export/Annotations/frame_127.jpg</path>
    <source>
        <database>Unknown</database>
    </source>
    <size>
        <width>320</width>
        <height>240</height>
        <depth>3</depth>
    </size>
    <segmented>0</segmented>
    <object>
    <name>apple</name>
    <pose>Unspecified</pose>
    <truncated>0</truncated>
    <difficult>0</difficult>
    <bndbox>
        <xmin>100.15431342690678</xmin>
        <ymin>72.65696173199153</ymin>
        <xmax>154.30723649364407</xmax>
        <ymax>138.34916247351697</ymax>
    </bndbox>
</object><object>
    <name>hand</name>
    <pose>Unspecified</pose>
    <truncated>0</truncated>
    <difficult>0</difficult>
    <bndbox>
        <xmin>94.0658434851695</xmin>
        <ymin>46.082602290783896</ymin>
        <xmax>237.17975370762713</xmax>
        <ymax>215.23075013241527</ymax>
    </bndbox>
</object>
</annotation>