<annotation verified="yes">
    <folder>Annotation</folder>
    <filename>frame_312</filename>
    <path>openmv_auto_exposure-PascalVOC-export/Annotations/frame_312.jpg</path>
    <source>
        <database>Unknown</database>
    </source>
    <size>
        <width>320</width>
        <height>240</height>
        <depth>3</depth>
    </size>
    <segmented>0</segmented>
    <object>
    <name>apple</name>
    <pose>Unspecified</pose>
    <truncated>0</truncated>
    <difficult>0</difficult>
    <bndbox>
        <xmin>40.036430746822035</xmin>
        <ymin>103.09544657044492</ymin>
        <xmax>89.71060646186442</xmax>
        <ymax>153.89782507944915</ymax>
    </bndbox>
</object><object>
    <name>hand</name>
    <pose>Unspecified</pose>
    <truncated>0</truncated>
    <difficult>0</difficult>
    <bndbox>
        <xmin>40.841167902542374</xmin>
        <ymin>67.3866442664195</ymin>
        <xmax>188.833156779661</xmax>
        <ymax>211.25001655190678</ymax>
    </bndbox>
</object>
</annotation>