<annotation verified="yes">
    <folder>Annotation</folder>
    <filename>frame_1630</filename>
    <path>openmv_auto_exposure-PascalVOC-export/Annotations/frame_1630.jpg</path>
    <source>
        <database>Unknown</database>
    </source>
    <size>
        <width>320</width>
        <height>240</height>
        <depth>3</depth>
    </size>
    <segmented>0</segmented>
    <object>
    <name>apple</name>
    <pose>Unspecified</pose>
    <truncated>0</truncated>
    <difficult>0</difficult>
    <bndbox>
        <xmin>118.15886520127118</xmin>
        <ymin>89.58372782044492</ymin>
        <xmax>177.3833752648305</xmax>
        <ymax>148.79588188559322</ymax>
    </bndbox>
</object>
</annotation>