<annotation verified="yes">
    <folder>Annotation</folder>
    <filename>frame_1746</filename>
    <path>openmv_auto_exposure-PascalVOC-export/Annotations/frame_1746.jpg</path>
    <source>
        <database>Unknown</database>
    </source>
    <size>
        <width>320</width>
        <height>240</height>
        <depth>3</depth>
    </size>
    <segmented>0</segmented>
    <object>
    <name>apple</name>
    <pose>Unspecified</pose>
    <truncated>0</truncated>
    <difficult>0</difficult>
    <bndbox>
        <xmin>119.26824020127118</xmin>
        <ymin>90.4905654131356</ymin>
        <xmax>176.32493048199152</xmax>
        <ymax>150.407375529661</ymax>
    </bndbox>
</object><object>
    <name>hand</name>
    <pose>Unspecified</pose>
    <truncated>0</truncated>
    <difficult>0</difficult>
    <bndbox>
        <xmin>169.724609375</xmin>
        <ymin>81.33708785752118</ymin>
        <xmax>288.34176377118644</xmax>
        <ymax>237.5661579713983</ymax>
    </bndbox>
</object>
</annotation>