<annotation verified="yes">
    <folder>Annotation</folder>
    <filename>frame_1002</filename>
    <path>openmv_auto_exposure-PascalVOC-export/Annotations/frame_1002.jpg</path>
    <source>
        <database>Unknown</database>
    </source>
    <size>
        <width>320</width>
        <height>240</height>
        <depth>3</depth>
    </size>
    <segmented>0</segmented>
    <object>
    <name>hand</name>
    <pose>Unspecified</pose>
    <truncated>0</truncated>
    <difficult>0</difficult>
    <bndbox>
        <xmin>72.08199814618644</xmin>
        <ymin>1.015517412605932</ymin>
        <xmax>181.55783236228814</xmax>
        <ymax>149.94850701800848</ymax>
    </bndbox>
</object>
</annotation>