<annotation verified="yes">
    <folder>Annotation</folder>
    <filename>frame_1090</filename>
    <path>openmv_auto_exposure-PascalVOC-export/Annotations/frame_1090.jpg</path>
    <source>
        <database>Unknown</database>
    </source>
    <size>
        <width>320</width>
        <height>240</height>
        <depth>3</depth>
    </size>
    <segmented>0</segmented>
    <object>
    <name>apple</name>
    <pose>Unspecified</pose>
    <truncated>0</truncated>
    <difficult>0</difficult>
    <bndbox>
        <xmin>57.46872684695173</xmin>
        <ymin>69.63037219596502</ymin>
        <xmax>120.39255993331922</xmax>
        <ymax>130.35545331898987</ymax>
    </bndbox>
</object><object>
    <name>hand</name>
    <pose>Unspecified</pose>
    <truncated>0</truncated>
    <difficult>0</difficult>
    <bndbox>
        <xmin>212.0422404661017</xmin>
        <ymin>115.41225834216101</ymin>
        <xmax>320</xmax>
        <ymax>240</ymax>
    </bndbox>
</object>
</annotation>