<annotation verified="yes">
    <folder>Annotation</folder>
    <filename>frame_537</filename>
    <path>openmv_auto_exposure-PascalVOC-export/Annotations/frame_537.jpg</path>
    <source>
        <database>Unknown</database>
    </source>
    <size>
        <width>320</width>
        <height>240</height>
        <depth>3</depth>
    </size>
    <segmented>0</segmented>
    <object>
    <name>apple</name>
    <pose>Unspecified</pose>
    <truncated>0</truncated>
    <difficult>0</difficult>
    <bndbox>
        <xmin>135.87437102754237</xmin>
        <ymin>141.99222060381356</ymin>
        <xmax>199.57097457627117</xmax>
        <ymax>200.87504965572035</ymax>
    </bndbox>
</object><object>
    <name>hand</name>
    <pose>Unspecified</pose>
    <truncated>0</truncated>
    <difficult>0</difficult>
    <bndbox>
        <xmin>160.71726032838984</xmin>
        <ymin>127.0716201006356</ymin>
        <xmax>273.3188559322034</xmax>
        <ymax>240</ymax>
    </bndbox>
</object>
</annotation>