<annotation verified="yes">
    <folder>Annotation</folder>
    <filename>frame_1388</filename>
    <path>openmv_auto_exposure-PascalVOC-export/Annotations/frame_1388.jpg</path>
    <source>
        <database>Unknown</database>
    </source>
    <size>
        <width>320</width>
        <height>240</height>
        <depth>3</depth>
    </size>
    <segmented>0</segmented>
    <object>
    <name>apple</name>
    <pose>Unspecified</pose>
    <truncated>0</truncated>
    <difficult>0</difficult>
    <bndbox>
        <xmin>45.07421875</xmin>
        <ymin>144.3658964512712</ymin>
        <xmax>103.4756686970339</xmax>
        <ymax>200.98912539724577</ymax>
    </bndbox>
</object><object>
    <name>hand</name>
    <pose>Unspecified</pose>
    <truncated>0</truncated>
    <difficult>0</difficult>
    <bndbox>
        <xmin>208.51926641949152</xmin>
        <ymin>177.79146252648306</ymin>
        <xmax>317.64274364406776</xmax>
        <ymax>239.03086930614407</ymax>
    </bndbox>
</object>
</annotation>