<annotation verified="yes">
    <folder>Annotation</folder>
    <filename>frame_1579</filename>
    <path>openmv_auto_exposure-PascalVOC-export/Annotations/frame_1579.jpg</path>
    <source>
        <database>Unknown</database>
    </source>
    <size>
        <width>320</width>
        <height>240</height>
        <depth>3</depth>
    </size>
    <segmented>0</segmented>
    <object>
    <name>apple</name>
    <pose>Unspecified</pose>
    <truncated>0</truncated>
    <difficult>0</difficult>
    <bndbox>
        <xmin>120.00782905190678</xmin>
        <ymin>89.3716565148305</ymin>
        <xmax>179.29217425847457</xmax>
        <ymax>150.4393703654661</ymax>
    </bndbox>
</object><object>
    <name>hand</name>
    <pose>Unspecified</pose>
    <truncated>0</truncated>
    <difficult>0</difficult>
    <bndbox>
        <xmin>165.20530985169492</xmin>
        <ymin>79.4658947960805</ymin>
        <xmax>301.0972259004237</xmax>
        <ymax>236.1219047934322</ymax>
    </bndbox>
</object>
</annotation>