<annotation verified="yes">
    <folder>Annotation</folder>
    <filename>frame_1001</filename>
    <path>openmv_auto_exposure-PascalVOC-export/Annotations/frame_1001.jpg</path>
    <source>
        <database>Unknown</database>
    </source>
    <size>
        <width>320</width>
        <height>240</height>
        <depth>3</depth>
    </size>
    <segmented>0</segmented>
    <object>
    <name>hand</name>
    <pose>Unspecified</pose>
    <truncated>0</truncated>
    <difficult>0</difficult>
    <bndbox>
        <xmin>69.01564155190678</xmin>
        <ymin>1.7373212394067796</ymin>
        <xmax>183.18084613347457</xmax>
        <ymax>148.0159394862288</ymax>
    </bndbox>
</object>
</annotation>