<annotation verified="yes">
    <folder>Annotation</folder>
    <filename>frame_1148</filename>
    <path>openmv_auto_exposure-PascalVOC-export/Annotations/frame_1148.jpg</path>
    <source>
        <database>Unknown</database>
    </source>
    <size>
        <width>320</width>
        <height>240</height>
        <depth>3</depth>
    </size>
    <segmented>0</segmented>
    <object>
    <name>apple</name>
    <pose>Unspecified</pose>
    <truncated>0</truncated>
    <difficult>0</difficult>
    <bndbox>
        <xmin>51.48578191207627</xmin>
        <ymin>77.51900158898304</ymin>
        <xmax>94.65639896716101</xmax>
        <ymax>127.15850105932202</ymax>
    </bndbox>
</object><object>
    <name>hand</name>
    <pose>Unspecified</pose>
    <truncated>0</truncated>
    <difficult>0</difficult>
    <bndbox>
        <xmin>42.03758938029661</xmin>
        <ymin>45.52332163665254</ymin>
        <xmax>189.546875</xmax>
        <ymax>200.57906845868644</ymax>
    </bndbox>
</object>
</annotation>