<annotation verified="yes">
    <folder>Annotation</folder>
    <filename>frame_1549</filename>
    <path>openmv_auto_exposure-PascalVOC-export/Annotations/frame_1549.jpg</path>
    <source>
        <database>Unknown</database>
    </source>
    <size>
        <width>320</width>
        <height>240</height>
        <depth>3</depth>
    </size>
    <segmented>0</segmented>
    <object>
    <name>apple</name>
    <pose>Unspecified</pose>
    <truncated>0</truncated>
    <difficult>0</difficult>
    <bndbox>
        <xmin>54.00724973516949</xmin>
        <ymin>165.4591498940678</ymin>
        <xmax>107.77995895127118</xmax>
        <ymax>217.71911414194915</ymax>
    </bndbox>
</object><object>
    <name>hand</name>
    <pose>Unspecified</pose>
    <truncated>0</truncated>
    <difficult>0</difficult>
    <bndbox>
        <xmin>44.304488877118644</xmin>
        <ymin>119.50513109110169</ymin>
        <xmax>209.30889168432202</xmax>
        <ymax>240</ymax>
    </bndbox>
</object>
</annotation>