<annotation verified="yes">
    <folder>Annotation</folder>
    <filename>frame_324</filename>
    <path>openmv_auto_exposure-PascalVOC-export/Annotations/frame_324.jpg</path>
    <source>
        <database>Unknown</database>
    </source>
    <size>
        <width>320</width>
        <height>240</height>
        <depth>3</depth>
    </size>
    <segmented>0</segmented>
    <object>
    <name>apple</name>
    <pose>Unspecified</pose>
    <truncated>0</truncated>
    <difficult>0</difficult>
    <bndbox>
        <xmin>32.311217227224574</xmin>
        <ymin>90.23975436970339</ymin>
        <xmax>86.93370961334745</xmax>
        <ymax>142.89049258474577</ymax>
    </bndbox>
</object><object>
    <name>hand</name>
    <pose>Unspecified</pose>
    <truncated>0</truncated>
    <difficult>0</difficult>
    <bndbox>
        <xmin>61.47813493114407</xmin>
        <ymin>53.84175549523305</ymin>
        <xmax>204.41482388771186</xmax>
        <ymax>210.05568061440678</ymax>
    </bndbox>
</object>
</annotation>