<annotation verified="yes">
    <folder>Annotation</folder>
    <filename>frame_1493</filename>
    <path>openmv_auto_exposure-PascalVOC-export/Annotations/frame_1493.jpg</path>
    <source>
        <database>Unknown</database>
    </source>
    <size>
        <width>320</width>
        <height>240</height>
        <depth>3</depth>
    </size>
    <segmented>0</segmented>
    <object>
    <name>apple</name>
    <pose>Unspecified</pose>
    <truncated>0</truncated>
    <difficult>0</difficult>
    <bndbox>
        <xmin>89.09053893008475</xmin>
        <ymin>101.61915717690678</ymin>
        <xmax>149.1587658898305</xmax>
        <ymax>157.01248013771186</ymax>
    </bndbox>
</object><object>
    <name>hand</name>
    <pose>Unspecified</pose>
    <truncated>0</truncated>
    <difficult>0</difficult>
    <bndbox>
        <xmin>224.41359904661016</xmin>
        <ymin>110.9344875529661</ymin>
        <xmax>320</xmax>
        <ymax>240</ymax>
    </bndbox>
</object>
</annotation>