<annotation verified="yes">
    <folder>Annotation</folder>
    <filename>frame_317</filename>
    <path>openmv_auto_exposure-PascalVOC-export/Annotations/frame_317.jpg</path>
    <source>
        <database>Unknown</database>
    </source>
    <size>
        <width>320</width>
        <height>240</height>
        <depth>3</depth>
    </size>
    <segmented>0</segmented>
    <object>
    <name>apple</name>
    <pose>Unspecified</pose>
    <truncated>0</truncated>
    <difficult>0</difficult>
    <bndbox>
        <xmin>31.25921941207627</xmin>
        <ymin>91.59445345603814</ymin>
        <xmax>79.64234639830508</xmax>
        <ymax>142.50316141419492</ymax>
    </bndbox>
</object><object>
    <name>hand</name>
    <pose>Unspecified</pose>
    <truncated>0</truncated>
    <difficult>0</difficult>
    <bndbox>
        <xmin>36.976636983580505</xmin>
        <ymin>55.81516485699152</ymin>
        <xmax>175.15318789724577</xmax>
        <ymax>203.72459282309322</ymax>
    </bndbox>
</object>
</annotation>