<annotation verified="yes">
    <folder>Annotation</folder>
    <filename>frame_1000</filename>
    <path>openmv_auto_exposure-PascalVOC-export/Annotations/frame_1000.jpg</path>
    <source>
        <database>Unknown</database>
    </source>
    <size>
        <width>320</width>
        <height>240</height>
        <depth>3</depth>
    </size>
    <segmented>0</segmented>
    <object>
    <name>apple</name>
    <pose>Unspecified</pose>
    <truncated>0</truncated>
    <difficult>0</difficult>
    <bndbox>
        <xmin>90.16493239309906</xmin>
        <ymin>4.897174361597066</ymin>
        <xmax>147.0946232006774</xmax>
        <ymax>56.58717859410272</ymax>
    </bndbox>
</object><object>
    <name>hand</name>
    <pose>Unspecified</pose>
    <truncated>0</truncated>
    <difficult>0</difficult>
    <bndbox>
        <xmin>71.32092492055085</xmin>
        <ymin>13.001183461334746</ymin>
        <xmax>212.1979939088983</xmax>
        <ymax>197.58800648834745</ymax>
    </bndbox>
</object>
</annotation>