<annotation verified="yes">
    <folder>Annotation</folder>
    <filename>frame_261</filename>
    <path>openmv_auto_exposure-PascalVOC-export/Annotations/frame_261.jpg</path>
    <source>
        <database>Unknown</database>
    </source>
    <size>
        <width>320</width>
        <height>240</height>
        <depth>3</depth>
    </size>
    <segmented>0</segmented>
    <object>
    <name>apple</name>
    <pose>Unspecified</pose>
    <truncated>0</truncated>
    <difficult>0</difficult>
    <bndbox>
        <xmin>83.5380859375</xmin>
        <ymin>103.32431806144068</ymin>
        <xmax>139.00203588453388</xmax>
        <ymax>161.9427800582627</ymax>
    </bndbox>
</object><object>
    <name>hand</name>
    <pose>Unspecified</pose>
    <truncated>0</truncated>
    <difficult>0</difficult>
    <bndbox>
        <xmin>88.47772113347457</xmin>
        <ymin>59.84349344544491</ymin>
        <xmax>232.52055746822035</xmax>
        <ymax>216.5288830773305</ymax>
    </bndbox>
</object>
</annotation>