<annotation verified="yes">
    <folder>Annotation</folder>
    <filename>frame_1143</filename>
    <path>openmv_auto_exposure-PascalVOC-export/Annotations/frame_1143.jpg</path>
    <source>
        <database>Unknown</database>
    </source>
    <size>
        <width>320</width>
        <height>240</height>
        <depth>3</depth>
    </size>
    <segmented>0</segmented>
    <object>
    <name>apple</name>
    <pose>Unspecified</pose>
    <truncated>0</truncated>
    <difficult>0</difficult>
    <bndbox>
        <xmin>50.552105402542374</xmin>
        <ymin>72.52887480137711</ymin>
        <xmax>93.80859375</xmax>
        <ymax>124.88071040783898</ymax>
    </bndbox>
</object><object>
    <name>hand</name>
    <pose>Unspecified</pose>
    <truncated>0</truncated>
    <difficult>0</difficult>
    <bndbox>
        <xmin>53.28446106991525</xmin>
        <ymin>45.93015922934322</ymin>
        <xmax>193.57898569915255</xmax>
        <ymax>213.61544954978814</ymax>
    </bndbox>
</object>
</annotation>