<annotation verified="yes">
    <folder>Annotation</folder>
    <filename>frame_1193</filename>
    <path>openmv_auto_exposure-PascalVOC-export/Annotations/frame_1193.jpg</path>
    <source>
        <database>Unknown</database>
    </source>
    <size>
        <width>320</width>
        <height>240</height>
        <depth>3</depth>
    </size>
    <segmented>0</segmented>
    <object>
    <name>apple</name>
    <pose>Unspecified</pose>
    <truncated>0</truncated>
    <difficult>0</difficult>
    <bndbox>
        <xmin>121.76764433262711</xmin>
        <ymin>113.16952462923729</ymin>
        <xmax>173.19110831567795</xmax>
        <ymax>168.85023834745763</ymax>
    </bndbox>
</object><object>
    <name>hand</name>
    <pose>Unspecified</pose>
    <truncated>0</truncated>
    <difficult>0</difficult>
    <bndbox>
        <xmin>111.17217293432203</xmin>
        <ymin>69.73555018538136</ymin>
        <xmax>269.5311506885593</xmax>
        <ymax>222.23280256885593</ymax>
    </bndbox>
</object>
</annotation>