<annotation verified="yes">
    <folder>Annotation</folder>
    <filename>frame_1043</filename>
    <path>openmv_auto_exposure-PascalVOC-export/Annotations/frame_1043.jpg</path>
    <source>
        <database>Unknown</database>
    </source>
    <size>
        <width>320</width>
        <height>240</height>
        <depth>3</depth>
    </size>
    <segmented>0</segmented>
    <object>
    <name>apple</name>
    <pose>Unspecified</pose>
    <truncated>0</truncated>
    <difficult>0</difficult>
    <bndbox>
        <xmin>56.95246348433531</xmin>
        <ymin>69.94847971483493</ymin>
        <xmax>119.18674917972058</xmax>
        <ymax>127.4494909971078</ymax>
    </bndbox>
</object><object>
    <name>hand</name>
    <pose>Unspecified</pose>
    <truncated>0</truncated>
    <difficult>0</difficult>
    <bndbox>
        <xmin>145.38506355932202</xmin>
        <ymin>59.22330177436441</ymin>
        <xmax>294.9126390360169</xmax>
        <ymax>214.86763440148306</ymax>
    </bndbox>
</object>
</annotation>