<annotation verified="yes">
    <folder>Annotation</folder>
    <filename>frame_245</filename>
    <path>openmv_auto_exposure-PascalVOC-export/Annotations/frame_245.jpg</path>
    <source>
        <database>Unknown</database>
    </source>
    <size>
        <width>320</width>
        <height>240</height>
        <depth>3</depth>
    </size>
    <segmented>0</segmented>
    <object>
    <name>apple</name>
    <pose>Unspecified</pose>
    <truncated>0</truncated>
    <difficult>0</difficult>
    <bndbox>
        <xmin>72.16257282838983</xmin>
        <ymin>108.20504502118644</ymin>
        <xmax>126.25281382415254</xmax>
        <ymax>165.84881488347457</ymax>
    </bndbox>
</object><object>
    <name>hand</name>
    <pose>Unspecified</pose>
    <truncated>0</truncated>
    <difficult>0</difficult>
    <bndbox>
        <xmin>80.52158368644068</xmin>
        <ymin>53.02040022510593</ymin>
        <xmax>229.141750529661</xmax>
        <ymax>218.1637480137712</ymax>
    </bndbox>
</object>
</annotation>