<annotation verified="yes">
    <folder>Annotation</folder>
    <filename>frame_1280</filename>
    <path>openmv_auto_exposure-PascalVOC-export/Annotations/frame_1280.jpg</path>
    <source>
        <database>Unknown</database>
    </source>
    <size>
        <width>320</width>
        <height>240</height>
        <depth>3</depth>
    </size>
    <segmented>0</segmented>
    <object>
    <name>apple</name>
    <pose>Unspecified</pose>
    <truncated>0</truncated>
    <difficult>0</difficult>
    <bndbox>
        <xmin>141.67693988347457</xmin>
        <ymin>59.58057468220339</ymin>
        <xmax>201.3860566737288</xmax>
        <ymax>123.16366525423729</ymax>
    </bndbox>
</object><object>
    <name>hand</name>
    <pose>Unspecified</pose>
    <truncated>0</truncated>
    <difficult>0</difficult>
    <bndbox>
        <xmin>143.50721663135593</xmin>
        <ymin>46.602125264830505</ymin>
        <xmax>272.92842955508473</xmax>
        <ymax>209.01334083686442</ymax>
    </bndbox>
</object>
</annotation>