<annotation verified="yes">
    <folder>Annotation</folder>
    <filename>frame_523</filename>
    <path>openmv_auto_exposure-PascalVOC-export/Annotations/frame_523.jpg</path>
    <source>
        <database>Unknown</database>
    </source>
    <size>
        <width>320</width>
        <height>240</height>
        <depth>3</depth>
    </size>
    <segmented>0</segmented>
    <object>
    <name>apple</name>
    <pose>Unspecified</pose>
    <truncated>0</truncated>
    <difficult>0</difficult>
    <bndbox>
        <xmin>179.3998278601695</xmin>
        <ymin>160.25964976165255</ymin>
        <xmax>233.15277409957628</xmax>
        <ymax>216.25079449152543</ymax>
    </bndbox>
</object><object>
    <name>hand</name>
    <pose>Unspecified</pose>
    <truncated>0</truncated>
    <difficult>0</difficult>
    <bndbox>
        <xmin>216.1450940148305</xmin>
        <ymin>145.82138837394066</ymin>
        <xmax>313.8720868644068</xmax>
        <ymax>240</ymax>
    </bndbox>
</object>
</annotation>