<annotation verified="yes">
    <folder>Annotation</folder>
    <filename>frame_410</filename>
    <path>openmv_auto_exposure-PascalVOC-export/Annotations/frame_410.jpg</path>
    <source>
        <database>Unknown</database>
    </source>
    <size>
        <width>320</width>
        <height>240</height>
        <depth>3</depth>
    </size>
    <segmented>0</segmented>
    <object>
    <name>apple</name>
    <pose>Unspecified</pose>
    <truncated>0</truncated>
    <difficult>0</difficult>
    <bndbox>
        <xmin>217.155124470339</xmin>
        <ymin>55.45457329184322</ymin>
        <xmax>272.95703125</xmax>
        <ymax>116.9137314618644</ymax>
    </bndbox>
</object><object>
    <name>hand</name>
    <pose>Unspecified</pose>
    <truncated>0</truncated>
    <difficult>0</difficult>
    <bndbox>
        <xmin>213.2740002648305</xmin>
        <ymin>38.160892809851696</ymin>
        <xmax>317.84639830508473</xmax>
        <ymax>216.2538400423729</ymax>
    </bndbox>
</object>
</annotation>