<annotation verified="yes">
    <folder>Annotation</folder>
    <filename>frame_1354</filename>
    <path>openmv_auto_exposure-PascalVOC-export/Annotations/frame_1354.jpg</path>
    <source>
        <database>Unknown</database>
    </source>
    <size>
        <width>320</width>
        <height>240</height>
        <depth>3</depth>
    </size>
    <segmented>0</segmented>
    <object>
    <name>apple</name>
    <pose>Unspecified</pose>
    <truncated>0</truncated>
    <difficult>0</difficult>
    <bndbox>
        <xmin>231.38128972457628</xmin>
        <ymin>175.38425251588984</ymin>
        <xmax>281.9201204978814</xmax>
        <ymax>233.29829846398306</ymax>
    </bndbox>
</object>
</annotation>