<annotation verified="yes">
    <folder>Annotation</folder>
    <filename>frame_1451</filename>
    <path>openmv_auto_exposure-PascalVOC-export/Annotations/frame_1451.jpg</path>
    <source>
        <database>Unknown</database>
    </source>
    <size>
        <width>320</width>
        <height>240</height>
        <depth>3</depth>
    </size>
    <segmented>0</segmented>
    <object>
    <name>apple</name>
    <pose>Unspecified</pose>
    <truncated>0</truncated>
    <difficult>0</difficult>
    <bndbox>
        <xmin>29.574367717161017</xmin>
        <ymin>119.6051377118644</ymin>
        <xmax>88.50125794491525</xmax>
        <ymax>176.00029793432202</ymax>
    </bndbox>
</object><object>
    <name>hand</name>
    <pose>Unspecified</pose>
    <truncated>0</truncated>
    <difficult>0</difficult>
    <bndbox>
        <xmin>30.23746193061441</xmin>
        <ymin>122.03745696504237</ymin>
        <xmax>203.10179422669492</xmax>
        <ymax>238.29273702330508</ymax>
    </bndbox>
</object>
</annotation>