<annotation verified="yes">
    <folder>Annotation</folder>
    <filename>frame_1390</filename>
    <path>openmv_auto_exposure-PascalVOC-export/Annotations/frame_1390.jpg</path>
    <source>
        <database>Unknown</database>
    </source>
    <size>
        <width>320</width>
        <height>240</height>
        <depth>3</depth>
    </size>
    <segmented>0</segmented>
    <object>
    <name>apple</name>
    <pose>Unspecified</pose>
    <truncated>0</truncated>
    <difficult>0</difficult>
    <bndbox>
        <xmin>45.64426641949152</xmin>
        <ymin>142.36866061970338</ymin>
        <xmax>103.2232190148305</xmax>
        <ymax>200.39276019597457</ymax>
    </bndbox>
</object><object>
    <name>hand</name>
    <pose>Unspecified</pose>
    <truncated>0</truncated>
    <difficult>0</difficult>
    <bndbox>
        <xmin>211.6243379237288</xmin>
        <ymin>178.38433527542372</ymin>
        <xmax>318.05875926906776</xmax>
        <ymax>238.80463784427965</ymax>
    </bndbox>
</object>
</annotation>