<annotation verified="yes">
    <folder>Annotation</folder>
    <filename>frame_286</filename>
    <path>openmv_auto_exposure-PascalVOC-export/Annotations/frame_286.jpg</path>
    <source>
        <database>Unknown</database>
    </source>
    <size>
        <width>320</width>
        <height>240</height>
        <depth>3</depth>
    </size>
    <segmented>0</segmented>
    <object>
    <name>apple</name>
    <pose>Unspecified</pose>
    <truncated>0</truncated>
    <difficult>0</difficult>
    <bndbox>
        <xmin>70.30473715572033</xmin>
        <ymin>116.84128376588983</ymin>
        <xmax>126.3295153601695</xmax>
        <ymax>168.63317664194915</ymax>
    </bndbox>
</object><object>
    <name>hand</name>
    <pose>Unspecified</pose>
    <truncated>0</truncated>
    <difficult>0</difficult>
    <bndbox>
        <xmin>72.49225370762711</xmin>
        <ymin>77.17770954713983</ymin>
        <xmax>235.29363082627117</xmax>
        <ymax>219.44739804025426</ymax>
    </bndbox>
</object>
</annotation>