<annotation verified="yes">
    <folder>Annotation</folder>
    <filename>frame_1214</filename>
    <path>openmv_auto_exposure-PascalVOC-export/Annotations/frame_1214.jpg</path>
    <source>
        <database>Unknown</database>
    </source>
    <size>
        <width>320</width>
        <height>240</height>
        <depth>3</depth>
    </size>
    <segmented>0</segmented>
    <object>
    <name>apple</name>
    <pose>Unspecified</pose>
    <truncated>0</truncated>
    <difficult>0</difficult>
    <bndbox>
        <xmin>121.09474311440678</xmin>
        <ymin>108.21351959745763</ymin>
        <xmax>178.9943889036017</xmax>
        <ymax>169.58962857521186</ymax>
    </bndbox>
</object><object>
    <name>hand</name>
    <pose>Unspecified</pose>
    <truncated>0</truncated>
    <difficult>0</difficult>
    <bndbox>
        <xmin>140.78047206038136</xmin>
        <ymin>73.99931309586864</ymin>
        <xmax>284.5119173728814</xmax>
        <ymax>226.22283832097457</ymax>
    </bndbox>
</object>
</annotation>