<annotation verified="yes">
    <folder>Annotation</folder>
    <filename>frame_120</filename>
    <path>openmv_auto_exposure-PascalVOC-export/Annotations/frame_120.jpg</path>
    <source>
        <database>Unknown</database>
    </source>
    <size>
        <width>320</width>
        <height>240</height>
        <depth>3</depth>
    </size>
    <segmented>0</segmented>
    <object>
    <name>apple</name>
    <pose>Unspecified</pose>
    <truncated>0</truncated>
    <difficult>0</difficult>
    <bndbox>
        <xmin>88.05786546610169</xmin>
        <ymin>91.49716962394068</ymin>
        <xmax>141.2925715042373</xmax>
        <ymax>149.10773636122883</ymax>
    </bndbox>
</object><object>
    <name>hand</name>
    <pose>Unspecified</pose>
    <truncated>0</truncated>
    <difficult>0</difficult>
    <bndbox>
        <xmin>88.40247616525424</xmin>
        <ymin>54.802866790254235</ymin>
        <xmax>234.22782044491527</xmax>
        <ymax>217.73555018538136</ymax>
    </bndbox>
</object>
</annotation>