<annotation verified="yes">
    <folder>Annotation</folder>
    <filename>frame_529</filename>
    <path>openmv_auto_exposure-PascalVOC-export/Annotations/frame_529.jpg</path>
    <source>
        <database>Unknown</database>
    </source>
    <size>
        <width>320</width>
        <height>240</height>
        <depth>3</depth>
    </size>
    <segmented>0</segmented>
    <object>
    <name>apple</name>
    <pose>Unspecified</pose>
    <truncated>0</truncated>
    <difficult>0</difficult>
    <bndbox>
        <xmin>156.52073953919492</xmin>
        <ymin>152.30218816207628</ymin>
        <xmax>217.04763638771186</xmax>
        <ymax>209.70474708686442</ymax>
    </bndbox>
</object><object>
    <name>hand</name>
    <pose>Unspecified</pose>
    <truncated>0</truncated>
    <difficult>0</difficult>
    <bndbox>
        <xmin>176.74205508474577</xmin>
        <ymin>135.96610169491527</ymin>
        <xmax>289.0086069915254</xmax>
        <ymax>240</ymax>
    </bndbox>
</object>
</annotation>