<annotation verified="yes">
    <folder>Annotation</folder>
    <filename>frame_1285</filename>
    <path>openmv_auto_exposure-PascalVOC-export/Annotations/frame_1285.jpg</path>
    <source>
        <database>Unknown</database>
    </source>
    <size>
        <width>320</width>
        <height>240</height>
        <depth>3</depth>
    </size>
    <segmented>0</segmented>
    <object>
    <name>apple</name>
    <pose>Unspecified</pose>
    <truncated>0</truncated>
    <difficult>0</difficult>
    <bndbox>
        <xmin>274.79270391949154</xmin>
        <ymin>182.84384931144066</ymin>
        <xmax>320</xmax>
        <ymax>235.61861096398303</ymax>
    </bndbox>
</object>
</annotation>