<annotation verified="yes">
    <folder>Annotation</folder>
    <filename>frame_1771</filename>
    <path>openmv_auto_exposure-PascalVOC-export/Annotations/frame_1771.jpg</path>
    <source>
        <database>Unknown</database>
    </source>
    <size>
        <width>320</width>
        <height>240</height>
        <depth>3</depth>
    </size>
    <segmented>0</segmented>
    <object>
    <name>apple</name>
    <pose>Unspecified</pose>
    <truncated>0</truncated>
    <difficult>0</difficult>
    <bndbox>
        <xmin>122.27305680614407</xmin>
        <ymin>86.68541445974576</ymin>
        <xmax>183.7214314088983</xmax>
        <ymax>149.48439155190678</ymax>
    </bndbox>
</object><object>
    <name>hand</name>
    <pose>Unspecified</pose>
    <truncated>0</truncated>
    <difficult>0</difficult>
    <bndbox>
        <xmin>203.94786149364407</xmin>
        <ymin>70.7696140095339</ymin>
        <xmax>307.58775820974574</xmax>
        <ymax>231.8676675052966</ymax>
    </bndbox>
</object>
</annotation>