<annotation verified="yes">
    <folder>Annotation</folder>
    <filename>frame_110</filename>
    <path>openmv_auto_exposure-PascalVOC-export/Annotations/frame_110.jpg</path>
    <source>
        <database>Unknown</database>
    </source>
    <size>
        <width>320</width>
        <height>240</height>
        <depth>3</depth>
    </size>
    <segmented>0</segmented>
    <object>
    <name>apple</name>
    <pose>Unspecified</pose>
    <truncated>0</truncated>
    <difficult>0</difficult>
    <bndbox>
        <xmin>50.71678529847587</xmin>
        <ymin>129.4406534371473</ymin>
        <xmax>107.17157401037257</xmax>
        <ymax>185.29344270245485</ymax>
    </bndbox>
</object><object>
    <name>hand</name>
    <pose>Unspecified</pose>
    <truncated>0</truncated>
    <difficult>0</difficult>
    <bndbox>
        <xmin>48.7169623940678</xmin>
        <ymin>85.34303826800847</ymin>
        <xmax>211.74966896186442</xmax>
        <ymax>228.3433527542373</ymax>
    </bndbox>
</object>
</annotation>