<annotation verified="yes">
    <folder>Annotation</folder>
    <filename>frame_1137</filename>
    <path>openmv_auto_exposure-PascalVOC-export/Annotations/frame_1137.jpg</path>
    <source>
        <database>Unknown</database>
    </source>
    <size>
        <width>320</width>
        <height>240</height>
        <depth>3</depth>
    </size>
    <segmented>0</segmented>
    <object>
    <name>apple</name>
    <pose>Unspecified</pose>
    <truncated>0</truncated>
    <difficult>0</difficult>
    <bndbox>
        <xmin>55.09451138771186</xmin>
        <ymin>71.50201933262711</ymin>
        <xmax>104.92753575211864</xmax>
        <ymax>128.55397576800846</ymax>
    </bndbox>
</object><object>
    <name>hand</name>
    <pose>Unspecified</pose>
    <truncated>0</truncated>
    <difficult>0</difficult>
    <bndbox>
        <xmin>61.571967690677965</xmin>
        <ymin>57.87943591101695</ymin>
        <xmax>210.92998543432202</xmax>
        <ymax>224.52199748411016</ymax>
    </bndbox>
</object>
</annotation>