<annotation verified="yes">
    <folder>Annotation</folder>
    <filename>frame_148</filename>
    <path>openmv_auto_exposure-PascalVOC-export/Annotations/frame_148.jpg</path>
    <source>
        <database>Unknown</database>
    </source>
    <size>
        <width>320</width>
        <height>240</height>
        <depth>3</depth>
    </size>
    <segmented>0</segmented>
    <object>
    <name>apple</name>
    <pose>Unspecified</pose>
    <truncated>0</truncated>
    <difficult>0</difficult>
    <bndbox>
        <xmin>106.39790783898304</xmin>
        <ymin>93.45420087394068</ymin>
        <xmax>163.12986626059322</xmax>
        <ymax>149.60876257944915</ymax>
    </bndbox>
</object><object>
    <name>hand</name>
    <pose>Unspecified</pose>
    <truncated>0</truncated>
    <difficult>0</difficult>
    <bndbox>
        <xmin>83.91126522775424</xmin>
        <ymin>69.73139565677965</ymin>
        <xmax>248.0073159427966</xmax>
        <ymax>218.15929555084745</ymax>
    </bndbox>
</object>
</annotation>