<annotation verified="yes">
    <folder>Annotation</folder>
    <filename>frame_198</filename>
    <path>openmv_auto_exposure-PascalVOC-export/Annotations/frame_198.jpg</path>
    <source>
        <database>Unknown</database>
    </source>
    <size>
        <width>320</width>
        <height>240</height>
        <depth>3</depth>
    </size>
    <segmented>0</segmented>
    <object>
    <name>apple</name>
    <pose>Unspecified</pose>
    <truncated>0</truncated>
    <difficult>0</difficult>
    <bndbox>
        <xmin>77.81028204449153</xmin>
        <ymin>108.21578720868644</ymin>
        <xmax>137.00860699152543</xmax>
        <ymax>168.28194518008473</ymax>
    </bndbox>
</object><object>
    <name>hand</name>
    <pose>Unspecified</pose>
    <truncated>0</truncated>
    <difficult>0</difficult>
    <bndbox>
        <xmin>82.28138241525424</xmin>
        <ymin>65.22032243114407</ymin>
        <xmax>234.3924788135593</xmax>
        <ymax>219.4344047934322</ymax>
    </bndbox>
</object>
</annotation>