<annotation verified="yes">
    <folder>Annotation</folder>
    <filename>frame_1642</filename>
    <path>openmv_auto_exposure-PascalVOC-export/Annotations/frame_1642.jpg</path>
    <source>
        <database>Unknown</database>
    </source>
    <size>
        <width>320</width>
        <height>240</height>
        <depth>3</depth>
    </size>
    <segmented>0</segmented>
    <object>
    <name>apple</name>
    <pose>Unspecified</pose>
    <truncated>0</truncated>
    <difficult>0</difficult>
    <bndbox>
        <xmin>118.41586665783898</xmin>
        <ymin>90.34060513771186</ymin>
        <xmax>175.5960176112288</xmax>
        <ymax>152.27194782838984</ymax>
    </bndbox>
</object>
</annotation>