<annotation verified="yes">
    <folder>Annotation</folder>
    <filename>frame_560</filename>
    <path>openmv_auto_exposure-PascalVOC-export/Annotations/frame_560.jpg</path>
    <source>
        <database>Unknown</database>
    </source>
    <size>
        <width>320</width>
        <height>240</height>
        <depth>3</depth>
    </size>
    <segmented>0</segmented>
    <object>
    <name>apple</name>
    <pose>Unspecified</pose>
    <truncated>0</truncated>
    <difficult>0</difficult>
    <bndbox>
        <xmin>61.43455376059322</xmin>
        <ymin>92.68781448622882</ymin>
        <xmax>120.43180614406779</xmax>
        <ymax>149.64290916313558</ymax>
    </bndbox>
</object><object>
    <name>hand</name>
    <pose>Unspecified</pose>
    <truncated>0</truncated>
    <difficult>0</difficult>
    <bndbox>
        <xmin>201.61781647245763</xmin>
        <ymin>178.5096001059322</ymin>
        <xmax>312.5265492584746</xmax>
        <ymax>239.5457329184322</ymax>
    </bndbox>
</object>
</annotation>