<annotation verified="yes">
    <folder>Annotation</folder>
    <filename>frame_1217</filename>
    <path>openmv_auto_exposure-PascalVOC-export/Annotations/frame_1217.jpg</path>
    <source>
        <database>Unknown</database>
    </source>
    <size>
        <width>320</width>
        <height>240</height>
        <depth>3</depth>
    </size>
    <segmented>0</segmented>
    <object>
    <name>apple</name>
    <pose>Unspecified</pose>
    <truncated>0</truncated>
    <difficult>0</difficult>
    <bndbox>
        <xmin>122.39800715042372</xmin>
        <ymin>109.92103085275424</ymin>
        <xmax>178.4814453125</xmax>
        <ymax>175.58527542372883</ymax>
    </bndbox>
</object><object>
    <name>hand</name>
    <pose>Unspecified</pose>
    <truncated>0</truncated>
    <difficult>0</difficult>
    <bndbox>
        <xmin>139.6844875529661</xmin>
        <ymin>73.00764698093221</ymin>
        <xmax>288.03356726694915</xmax>
        <ymax>224.80529992055085</ymax>
    </bndbox>
</object>
</annotation>