<annotation verified="yes">
    <folder>Annotation</folder>
    <filename>frame_518</filename>
    <path>openmv_auto_exposure-PascalVOC-export/Annotations/frame_518.jpg</path>
    <source>
        <database>Unknown</database>
    </source>
    <size>
        <width>320</width>
        <height>240</height>
        <depth>3</depth>
    </size>
    <segmented>0</segmented>
    <object>
    <name>apple</name>
    <pose>Unspecified</pose>
    <truncated>0</truncated>
    <difficult>0</difficult>
    <bndbox>
        <xmin>194.63367319915255</xmin>
        <ymin>166.94455111228814</ymin>
        <xmax>244.2199748411017</xmax>
        <ymax>225.1918034957627</ymax>
    </bndbox>
</object><object>
    <name>hand</name>
    <pose>Unspecified</pose>
    <truncated>0</truncated>
    <difficult>0</difficult>
    <bndbox>
        <xmin>250.52452992584745</xmin>
        <ymin>158.83530852754237</ymin>
        <xmax>320</xmax>
        <ymax>240</ymax>
    </bndbox>
</object>
</annotation>