<annotation verified="yes">
    <folder>Annotation</folder>
    <filename>frame_1762</filename>
    <path>openmv_auto_exposure-PascalVOC-export/Annotations/frame_1762.jpg</path>
    <source>
        <database>Unknown</database>
    </source>
    <size>
        <width>320</width>
        <height>240</height>
        <depth>3</depth>
    </size>
    <segmented>0</segmented>
    <object>
    <name>apple</name>
    <pose>Unspecified</pose>
    <truncated>0</truncated>
    <difficult>0</difficult>
    <bndbox>
        <xmin>123.67950542902543</xmin>
        <ymin>86.13027178230932</ymin>
        <xmax>183.30104608050848</xmax>
        <ymax>149.37117650953388</ymax>
    </bndbox>
</object><object>
    <name>hand</name>
    <pose>Unspecified</pose>
    <truncated>0</truncated>
    <difficult>0</difficult>
    <bndbox>
        <xmin>165.5769829184322</xmin>
        <ymin>55.15007613877118</ymin>
        <xmax>296.9706369173729</xmax>
        <ymax>228.0804588188559</ymax>
    </bndbox>
</object>
</annotation>