<annotation verified="yes">
    <folder>Annotation</folder>
    <filename>frame_11</filename>
    <path>openmv_auto_exposure-PascalVOC-export/Annotations/frame_11.jpg</path>
    <source>
        <database>Unknown</database>
    </source>
    <size>
        <width>320</width>
        <height>240</height>
        <depth>3</depth>
    </size>
    <segmented>0</segmented>
    <object>
    <name>apple</name>
    <pose>Unspecified</pose>
    <truncated>0</truncated>
    <difficult>0</difficult>
    <bndbox>
        <xmin>87.80600060859442</xmin>
        <ymin>106.82678084879375</ymin>
        <xmax>145.90640876375954</xmax>
        <ymax>166.80899936512418</ymax>
    </bndbox>
</object>
</annotation>