<annotation verified="yes">
    <folder>Annotation</folder>
    <filename>frame_1750</filename>
    <path>openmv_auto_exposure-PascalVOC-export/Annotations/frame_1750.jpg</path>
    <source>
        <database>Unknown</database>
    </source>
    <size>
        <width>320</width>
        <height>240</height>
        <depth>3</depth>
    </size>
    <segmented>0</segmented>
    <object>
    <name>apple</name>
    <pose>Unspecified</pose>
    <truncated>0</truncated>
    <difficult>0</difficult>
    <bndbox>
        <xmin>120.50663731461864</xmin>
        <ymin>88.25144829184322</ymin>
        <xmax>178.18650688559322</xmax>
        <ymax>152.57057733050846</ymax>
    </bndbox>
</object><object>
    <name>hand</name>
    <pose>Unspecified</pose>
    <truncated>0</truncated>
    <difficult>0</difficult>
    <bndbox>
        <xmin>156.91848185911016</xmin>
        <ymin>60.54019630561441</ymin>
        <xmax>285.5361493644068</xmax>
        <ymax>235.03993975105934</ymax>
    </bndbox>
</object>
</annotation>