<annotation verified="yes">
    <folder>Annotation</folder>
    <filename>frame_289</filename>
    <path>openmv_auto_exposure-PascalVOC-export/Annotations/frame_289.jpg</path>
    <source>
        <database>Unknown</database>
    </source>
    <size>
        <width>320</width>
        <height>240</height>
        <depth>3</depth>
    </size>
    <segmented>0</segmented>
    <object>
    <name>apple</name>
    <pose>Unspecified</pose>
    <truncated>0</truncated>
    <difficult>0</difficult>
    <bndbox>
        <xmin>68.83497748940678</xmin>
        <ymin>117.52284163135593</ymin>
        <xmax>127.31690280720339</xmax>
        <ymax>170.7027112023305</ymax>
    </bndbox>
</object><object>
    <name>hand</name>
    <pose>Unspecified</pose>
    <truncated>0</truncated>
    <difficult>0</difficult>
    <bndbox>
        <xmin>72.90724311440678</xmin>
        <ymin>74.45454846398304</ymin>
        <xmax>236.78244173728814</xmax>
        <ymax>222.30485301906776</ymax>
    </bndbox>
</object>
</annotation>