<annotation verified="yes">
    <folder>Annotation</folder>
    <filename>frame_288</filename>
    <path>openmv_auto_exposure-PascalVOC-export/Annotations/frame_288.jpg</path>
    <source>
        <database>Unknown</database>
    </source>
    <size>
        <width>320</width>
        <height>240</height>
        <depth>3</depth>
    </size>
    <segmented>0</segmented>
    <object>
    <name>apple</name>
    <pose>Unspecified</pose>
    <truncated>0</truncated>
    <difficult>0</difficult>
    <bndbox>
        <xmin>69.6978283898305</xmin>
        <ymin>117.58512645656779</ymin>
        <xmax>128.5864175052966</xmax>
        <ymax>171.32776085805085</ymax>
    </bndbox>
</object><object>
    <name>hand</name>
    <pose>Unspecified</pose>
    <truncated>0</truncated>
    <difficult>0</difficult>
    <bndbox>
        <xmin>73.45497881355932</xmin>
        <ymin>75.92549159163136</ymin>
        <xmax>235.5236692266949</xmax>
        <ymax>219.7810844809322</ymax>
    </bndbox>
</object>
</annotation>