<annotation verified="yes">
    <folder>Annotation</folder>
    <filename>frame_106</filename>
    <path>openmv_auto_exposure-PascalVOC-export/Annotations/frame_106.jpg</path>
    <source>
        <database>Unknown</database>
    </source>
    <size>
        <width>320</width>
        <height>240</height>
        <depth>3</depth>
    </size>
    <segmented>0</segmented>
    <object>
    <name>apple</name>
    <pose>Unspecified</pose>
    <truncated>0</truncated>
    <difficult>0</difficult>
    <bndbox>
        <xmin>33.469790233382724</xmin>
        <ymin>120.12127120661683</ymin>
        <xmax>90.3702503175275</xmax>
        <ymax>181.09729362126131</ymax>
    </bndbox>
</object><object>
    <name>hand</name>
    <pose>Unspecified</pose>
    <truncated>0</truncated>
    <difficult>0</difficult>
    <bndbox>
        <xmin>45.30808064088983</xmin>
        <ymin>88.63136420815678</ymin>
        <xmax>189.2189817266949</xmax>
        <ymax>230.18101165254237</ymax>
    </bndbox>
</object>
</annotation>