<annotation verified="yes">
    <folder>Annotation</folder>
    <filename>frame_1147</filename>
    <path>openmv_auto_exposure-PascalVOC-export/Annotations/frame_1147.jpg</path>
    <source>
        <database>Unknown</database>
    </source>
    <size>
        <width>320</width>
        <height>240</height>
        <depth>3</depth>
    </size>
    <segmented>0</segmented>
    <object>
    <name>apple</name>
    <pose>Unspecified</pose>
    <truncated>0</truncated>
    <difficult>0</difficult>
    <bndbox>
        <xmin>51.591432733050844</xmin>
        <ymin>76.37407309322033</ymin>
        <xmax>96.1529065148305</xmax>
        <ymax>126.76261255296609</ymax>
    </bndbox>
</object><object>
    <name>hand</name>
    <pose>Unspecified</pose>
    <truncated>0</truncated>
    <difficult>0</difficult>
    <bndbox>
        <xmin>41.635659427966104</xmin>
        <ymin>43.98741227489407</ymin>
        <xmax>188.02141816737287</xmax>
        <ymax>201.34192929025423</ymax>
    </bndbox>
</object>
</annotation>