<annotation verified="yes">
    <folder>Annotation</folder>
    <filename>frame_239</filename>
    <path>openmv_auto_exposure-PascalVOC-export/Annotations/frame_239.jpg</path>
    <source>
        <database>Unknown</database>
    </source>
    <size>
        <width>320</width>
        <height>240</height>
        <depth>3</depth>
    </size>
    <segmented>0</segmented>
    <object>
    <name>apple</name>
    <pose>Unspecified</pose>
    <truncated>0</truncated>
    <difficult>0</difficult>
    <bndbox>
        <xmin>75.55546543961864</xmin>
        <ymin>104.9256984904661</ymin>
        <xmax>135.02906514830508</xmax>
        <ymax>165.02855203919492</ymax>
    </bndbox>
</object><object>
    <name>hand</name>
    <pose>Unspecified</pose>
    <truncated>0</truncated>
    <difficult>0</difficult>
    <bndbox>
        <xmin>72.96474443855932</xmin>
        <ymin>47.8382133871822</ymin>
        <xmax>234.48775158898303</xmax>
        <ymax>215.07916777012713</ymax>
    </bndbox>
</object>
</annotation>