<annotation verified="yes">
    <folder>Annotation</folder>
    <filename>frame_1231</filename>
    <path>openmv_auto_exposure-PascalVOC-export/Annotations/frame_1231.jpg</path>
    <source>
        <database>Unknown</database>
    </source>
    <size>
        <width>320</width>
        <height>240</height>
        <depth>3</depth>
    </size>
    <segmented>0</segmented>
    <object>
    <name>apple</name>
    <pose>Unspecified</pose>
    <truncated>0</truncated>
    <difficult>0</difficult>
    <bndbox>
        <xmin>121.31734970868644</xmin>
        <ymin>110.29694120762711</ymin>
        <xmax>175.62160685911016</xmax>
        <ymax>171.68865863347457</ymax>
    </bndbox>
</object>
</annotation>