<annotation verified="yes">
    <folder>Annotation</folder>
    <filename>frame_323</filename>
    <path>openmv_auto_exposure-PascalVOC-export/Annotations/frame_323.jpg</path>
    <source>
        <database>Unknown</database>
    </source>
    <size>
        <width>320</width>
        <height>240</height>
        <depth>3</depth>
    </size>
    <segmented>0</segmented>
    <object>
    <name>apple</name>
    <pose>Unspecified</pose>
    <truncated>0</truncated>
    <difficult>0</difficult>
    <bndbox>
        <xmin>30.04737155720339</xmin>
        <ymin>92.01070908368644</ymin>
        <xmax>80.98336533368644</xmax>
        <ymax>144.6961235434322</ymax>
    </bndbox>
</object><object>
    <name>hand</name>
    <pose>Unspecified</pose>
    <truncated>0</truncated>
    <difficult>0</difficult>
    <bndbox>
        <xmin>38.6804985434322</xmin>
        <ymin>54.02668167372882</ymin>
        <xmax>179.15687897245763</xmax>
        <ymax>206.49753376588984</ymax>
    </bndbox>
</object>
</annotation>