<annotation verified="yes">
    <folder>Annotation</folder>
    <filename>frame_177</filename>
    <path>openmv_auto_exposure-PascalVOC-export/Annotations/frame_177.jpg</path>
    <source>
        <database>Unknown</database>
    </source>
    <size>
        <width>320</width>
        <height>240</height>
        <depth>3</depth>
    </size>
    <segmented>0</segmented>
    <object>
    <name>apple</name>
    <pose>Unspecified</pose>
    <truncated>0</truncated>
    <difficult>0</difficult>
    <bndbox>
        <xmin>82.05276747881356</xmin>
        <ymin>109.97964115466101</ymin>
        <xmax>141.73171014300848</xmax>
        <ymax>171.81587658898303</ymax>
    </bndbox>
</object><object>
    <name>hand</name>
    <pose>Unspecified</pose>
    <truncated>0</truncated>
    <difficult>0</difficult>
    <bndbox>
        <xmin>80.35282044491525</xmin>
        <ymin>82.23024529925847</ymin>
        <xmax>238.75950079449154</xmax>
        <ymax>223.40204581567798</ymax>
    </bndbox>
</object>
</annotation>