<annotation verified="yes">
    <folder>Annotation</folder>
    <filename>frame_12</filename>
    <path>openmv_auto_exposure-PascalVOC-export/Annotations/frame_12.jpg</path>
    <source>
        <database>Unknown</database>
    </source>
    <size>
        <width>320</width>
        <height>240</height>
        <depth>3</depth>
    </size>
    <segmented>0</segmented>
    <object>
    <name>apple</name>
    <pose>Unspecified</pose>
    <truncated>0</truncated>
    <difficult>0</difficult>
    <bndbox>
        <xmin>86.6968518273305</xmin>
        <ymin>107.65426377118644</ymin>
        <xmax>147.39612023305085</xmax>
        <ymax>167.32416909427965</ymax>
    </bndbox>
</object>
</annotation>