<annotation verified="yes">
    <folder>Annotation</folder>
    <filename>frame_1225</filename>
    <path>openmv_auto_exposure-PascalVOC-export/Annotations/frame_1225.jpg</path>
    <source>
        <database>Unknown</database>
    </source>
    <size>
        <width>320</width>
        <height>240</height>
        <depth>3</depth>
    </size>
    <segmented>0</segmented>
    <object>
    <name>apple</name>
    <pose>Unspecified</pose>
    <truncated>0</truncated>
    <difficult>0</difficult>
    <bndbox>
        <xmin>118.54373013771186</xmin>
        <ymin>109.1435546875</ymin>
        <xmax>178.31081170550846</xmax>
        <ymax>171.19888771186442</ymax>
    </bndbox>
</object><object>
    <name>hand</name>
    <pose>Unspecified</pose>
    <truncated>0</truncated>
    <difficult>0</difficult>
    <bndbox>
        <xmin>270.65767346398303</xmin>
        <ymin>117.17710540254237</ymin>
        <xmax>320</xmax>
        <ymax>240</ymax>
    </bndbox>
</object>
</annotation>