<annotation verified="yes">
    <folder>Annotation</folder>
    <filename>frame_112</filename>
    <path>openmv_auto_exposure-PascalVOC-export/Annotations/frame_112.jpg</path>
    <source>
        <database>Unknown</database>
    </source>
    <size>
        <width>320</width>
        <height>240</height>
        <depth>3</depth>
    </size>
    <segmented>0</segmented>
    <object>
    <name>apple</name>
    <pose>Unspecified</pose>
    <truncated>0</truncated>
    <difficult>0</difficult>
    <bndbox>
        <xmin>48.776449947033896</xmin>
        <ymin>132.4094279661017</ymin>
        <xmax>109.44256488347457</xmax>
        <ymax>184.97833355402543</ymax>
    </bndbox>
</object><object>
    <name>hand</name>
    <pose>Unspecified</pose>
    <truncated>0</truncated>
    <difficult>0</difficult>
    <bndbox>
        <xmin>48.63791048728814</xmin>
        <ymin>86.43687102754237</ymin>
        <xmax>209.78982388771186</xmax>
        <ymax>230.13054488877117</ymax>
    </bndbox>
</object>
</annotation>