<annotation verified="yes">
    <folder>Annotation</folder>
    <filename>frame_1097</filename>
    <path>openmv_auto_exposure-PascalVOC-export/Annotations/frame_1097.jpg</path>
    <source>
        <database>Unknown</database>
    </source>
    <size>
        <width>320</width>
        <height>240</height>
        <depth>3</depth>
    </size>
    <segmented>0</segmented>
    <object>
    <name>apple</name>
    <pose>Unspecified</pose>
    <truncated>0</truncated>
    <difficult>0</difficult>
    <bndbox>
        <xmin>56.62079606795089</xmin>
        <ymin>69.77048301266225</ymin>
        <xmax>117.40720589013549</xmax>
        <ymax>128.8896671751552</ymax>
    </bndbox>
</object><object>
    <name>hand</name>
    <pose>Unspecified</pose>
    <truncated>0</truncated>
    <difficult>0</difficult>
    <bndbox>
        <xmin>183.64856991525423</xmin>
        <ymin>95.13179455773304</ymin>
        <xmax>320</xmax>
        <ymax>240</ymax>
    </bndbox>
</object>
</annotation>