<annotation verified="yes">
    <folder>Annotation</folder>
    <filename>frame_534</filename>
    <path>openmv_auto_exposure-PascalVOC-export/Annotations/frame_534.jpg</path>
    <source>
        <database>Unknown</database>
    </source>
    <size>
        <width>320</width>
        <height>240</height>
        <depth>3</depth>
    </size>
    <segmented>0</segmented>
    <object>
    <name>apple</name>
    <pose>Unspecified</pose>
    <truncated>0</truncated>
    <difficult>0</difficult>
    <bndbox>
        <xmin>138.74596133474577</xmin>
        <ymin>142.95021186440678</ymin>
        <xmax>200.05035090042372</xmax>
        <ymax>200.9484077065678</ymax>
    </bndbox>
</object><object>
    <name>hand</name>
    <pose>Unspecified</pose>
    <truncated>0</truncated>
    <difficult>0</difficult>
    <bndbox>
        <xmin>159.3173000529661</xmin>
        <ymin>128.12470206567798</ymin>
        <xmax>275.5862685381356</xmax>
        <ymax>240</ymax>
    </bndbox>
</object>
</annotation>