<annotation verified="yes">
    <folder>Annotation</folder>
    <filename>frame_1180</filename>
    <path>openmv_auto_exposure-PascalVOC-export/Annotations/frame_1180.jpg</path>
    <source>
        <database>Unknown</database>
    </source>
    <size>
        <width>320</width>
        <height>240</height>
        <depth>3</depth>
    </size>
    <segmented>0</segmented>
    <object>
    <name>apple</name>
    <pose>Unspecified</pose>
    <truncated>0</truncated>
    <difficult>0</difficult>
    <bndbox>
        <xmin>170.5518405720339</xmin>
        <ymin>66.05903237552965</ymin>
        <xmax>216.19994703389833</xmax>
        <ymax>133.1203654661017</ymax>
    </bndbox>
</object><object>
    <name>hand</name>
    <pose>Unspecified</pose>
    <truncated>0</truncated>
    <difficult>0</difficult>
    <bndbox>
        <xmin>154.00281382415255</xmin>
        <ymin>41.11627714512712</ymin>
        <xmax>286.2328522245763</xmax>
        <ymax>205.79765293961864</ymax>
    </bndbox>
</object>
</annotation>