<annotation verified="yes">
    <folder>Annotation</folder>
    <filename>frame_1377</filename>
    <path>openmv_auto_exposure-PascalVOC-export/Annotations/frame_1377.jpg</path>
    <source>
        <database>Unknown</database>
    </source>
    <size>
        <width>320</width>
        <height>240</height>
        <depth>3</depth>
    </size>
    <segmented>0</segmented>
    <object>
    <name>apple</name>
    <pose>Unspecified</pose>
    <truncated>0</truncated>
    <difficult>0</difficult>
    <bndbox>
        <xmin>79.66426112288136</xmin>
        <ymin>150.5985335010593</ymin>
        <xmax>138.5113049523305</xmax>
        <ymax>208.85205905720338</ymax>
    </bndbox>
</object><object>
    <name>hand</name>
    <pose>Unspecified</pose>
    <truncated>0</truncated>
    <difficult>0</difficult>
    <bndbox>
        <xmin>132.4930813029661</xmin>
        <ymin>170.61328125</ymin>
        <xmax>266.66611493644064</xmax>
        <ymax>238.69820908368644</ymax>
    </bndbox>
</object>
</annotation>