<annotation verified="yes">
    <folder>Annotation</folder>
    <filename>frame_1381</filename>
    <path>openmv_auto_exposure-PascalVOC-export/Annotations/frame_1381.jpg</path>
    <source>
        <database>Unknown</database>
    </source>
    <size>
        <width>320</width>
        <height>240</height>
        <depth>3</depth>
    </size>
    <segmented>0</segmented>
    <object>
    <name>apple</name>
    <pose>Unspecified</pose>
    <truncated>0</truncated>
    <difficult>0</difficult>
    <bndbox>
        <xmin>65.35383011122882</xmin>
        <ymin>143.03009136652543</ymin>
        <xmax>120.02697960805085</xmax>
        <ymax>198.0681938559322</ymax>
    </bndbox>
</object><object>
    <name>hand</name>
    <pose>Unspecified</pose>
    <truncated>0</truncated>
    <difficult>0</difficult>
    <bndbox>
        <xmin>126.39729541843221</xmin>
        <ymin>180.20701469809322</ymin>
        <xmax>263.4807997881356</xmax>
        <ymax>239.42816472457628</ymax>
    </bndbox>
</object>
</annotation>