<annotation verified="yes">
    <folder>Annotation</folder>
    <filename>frame_121</filename>
    <path>openmv_auto_exposure-PascalVOC-export/Annotations/frame_121.jpg</path>
    <source>
        <database>Unknown</database>
    </source>
    <size>
        <width>320</width>
        <height>240</height>
        <depth>3</depth>
    </size>
    <segmented>0</segmented>
    <object>
    <name>apple</name>
    <pose>Unspecified</pose>
    <truncated>0</truncated>
    <difficult>0</difficult>
    <bndbox>
        <xmin>88.005859375</xmin>
        <ymin>89.20542571504237</ymin>
        <xmax>140.5213850635593</xmax>
        <ymax>151.75168829449152</ymax>
    </bndbox>
</object><object>
    <name>hand</name>
    <pose>Unspecified</pose>
    <truncated>0</truncated>
    <difficult>0</difficult>
    <bndbox>
        <xmin>90.55505164194915</xmin>
        <ymin>55.00212692002118</ymin>
        <xmax>232.06355932203388</xmax>
        <ymax>216.98434189618644</ymax>
    </bndbox>
</object>
</annotation>