<annotation verified="yes">
    <folder>Annotation</folder>
    <filename>frame_490</filename>
    <path>openmv_auto_exposure-PascalVOC-export/Annotations/frame_490.jpg</path>
    <source>
        <database>Unknown</database>
    </source>
    <size>
        <width>320</width>
        <height>240</height>
        <depth>3</depth>
    </size>
    <segmented>0</segmented>
    <object>
    <name>apple</name>
    <pose>Unspecified</pose>
    <truncated>0</truncated>
    <difficult>0</difficult>
    <bndbox>
        <xmin>185.409328654661</xmin>
        <ymin>165.58567266949152</ymin>
        <xmax>242.15793829449152</xmax>
        <ymax>227.66545286016947</ymax>
    </bndbox>
</object>
</annotation>