<annotation verified="yes">
    <folder>Annotation</folder>
    <filename>frame_1355</filename>
    <path>openmv_auto_exposure-PascalVOC-export/Annotations/frame_1355.jpg</path>
    <source>
        <database>Unknown</database>
    </source>
    <size>
        <width>320</width>
        <height>240</height>
        <depth>3</depth>
    </size>
    <segmented>0</segmented>
    <object>
    <name>apple</name>
    <pose>Unspecified</pose>
    <truncated>0</truncated>
    <difficult>0</difficult>
    <bndbox>
        <xmin>231.31961731991527</xmin>
        <ymin>175.24000264830508</ymin>
        <xmax>282.93557997881356</xmax>
        <ymax>232.32292770127117</ymax>
    </bndbox>
</object>
</annotation>