<annotation verified="yes">
    <folder>Annotation</folder>
    <filename>frame_1020</filename>
    <path>openmv_auto_exposure-PascalVOC-export/Annotations/frame_1020.jpg</path>
    <source>
        <database>Unknown</database>
    </source>
    <size>
        <width>320</width>
        <height>240</height>
        <depth>3</depth>
    </size>
    <segmented>0</segmented>
    <object>
    <name>apple</name>
    <pose>Unspecified</pose>
    <truncated>0</truncated>
    <difficult>0</difficult>
    <bndbox>
        <xmin>47.513362616426754</xmin>
        <ymin>56.32887175067015</ymin>
        <xmax>99.995981292337</xmax>
        <ymax>112.9901935930446</ymax>
    </bndbox>
</object><object>
    <name>hand</name>
    <pose>Unspecified</pose>
    <truncated>0</truncated>
    <difficult>0</difficult>
    <bndbox>
        <xmin>46.540452860169495</xmin>
        <ymin>21.217541710805083</ymin>
        <xmax>194.842922404661</xmax>
        <ymax>168.5121822033898</ymax>
    </bndbox>
</object>
</annotation>