<annotation verified="yes">
    <folder>Annotation</folder>
    <filename>frame_1095</filename>
    <path>openmv_auto_exposure-PascalVOC-export/Annotations/frame_1095.jpg</path>
    <source>
        <database>Unknown</database>
    </source>
    <size>
        <width>320</width>
        <height>240</height>
        <depth>3</depth>
    </size>
    <segmented>0</segmented>
    <object>
    <name>hand</name>
    <pose>Unspecified</pose>
    <truncated>0</truncated>
    <difficult>0</difficult>
    <bndbox>
        <xmin>199.7521186440678</xmin>
        <ymin>106.51320014565678</ymin>
        <xmax>320</xmax>
        <ymax>240</ymax>
    </bndbox>
</object>
</annotation>