<annotation verified="yes">
    <folder>Annotation</folder>
    <filename>frame_1573</filename>
    <path>openmv_auto_exposure-PascalVOC-export/Annotations/frame_1573.jpg</path>
    <source>
        <database>Unknown</database>
    </source>
    <size>
        <width>320</width>
        <height>240</height>
        <depth>3</depth>
    </size>
    <segmented>0</segmented>
    <object>
    <name>apple</name>
    <pose>Unspecified</pose>
    <truncated>0</truncated>
    <difficult>0</difficult>
    <bndbox>
        <xmin>117.68524894067797</xmin>
        <ymin>90.85436804819915</ymin>
        <xmax>175.49417372881356</xmax>
        <ymax>151.19127383474574</ymax>
    </bndbox>
</object><object>
    <name>hand</name>
    <pose>Unspecified</pose>
    <truncated>0</truncated>
    <difficult>0</difficult>
    <bndbox>
        <xmin>113.50110897775424</xmin>
        <ymin>64.4025009931144</ymin>
        <xmax>264.80525026483053</xmax>
        <ymax>224.4682534427966</ymax>
    </bndbox>
</object>
</annotation>