<annotation verified="yes">
    <folder>Annotation</folder>
    <filename>frame_1093</filename>
    <path>openmv_auto_exposure-PascalVOC-export/Annotations/frame_1093.jpg</path>
    <source>
        <database>Unknown</database>
    </source>
    <size>
        <width>320</width>
        <height>240</height>
        <depth>3</depth>
    </size>
    <segmented>0</segmented>
    <object>
    <name>apple</name>
    <pose>Unspecified</pose>
    <truncated>0</truncated>
    <difficult>0</difficult>
    <bndbox>
        <xmin>58.56535444009314</xmin>
        <ymin>69.96060683549662</ymin>
        <xmax>116.23460322290431</xmax>
        <ymax>128.49376256525113</ymax>
    </bndbox>
</object><object>
    <name>hand</name>
    <pose>Unspecified</pose>
    <truncated>0</truncated>
    <difficult>0</difficult>
    <bndbox>
        <xmin>198.16856461864407</xmin>
        <ymin>105.77383474576271</ymin>
        <xmax>320</xmax>
        <ymax>240</ymax>
    </bndbox>
</object>
</annotation>