<annotation verified="yes">
    <folder>Annotation</folder>
    <filename>frame_412</filename>
    <path>openmv_auto_exposure-PascalVOC-export/Annotations/frame_412.jpg</path>
    <source>
        <database>Unknown</database>
    </source>
    <size>
        <width>320</width>
        <height>240</height>
        <depth>3</depth>
    </size>
    <segmented>0</segmented>
    <object>
    <name>apple</name>
    <pose>Unspecified</pose>
    <truncated>0</truncated>
    <difficult>0</difficult>
    <bndbox>
        <xmin>262.8673530190678</xmin>
        <ymin>92.85776946504237</ymin>
        <xmax>314.12936970338984</xmax>
        <ymax>151.78836731991524</ymax>
    </bndbox>
</object><object>
    <name>hand</name>
    <pose>Unspecified</pose>
    <truncated>0</truncated>
    <difficult>0</difficult>
    <bndbox>
        <xmin>257.94782838983053</xmin>
        <ymin>83.02616856461864</ymin>
        <xmax>320</xmax>
        <ymax>238.40547206038136</ymax>
    </bndbox>
</object>
</annotation>