<annotation verified="yes">
    <folder>Annotation</folder>
    <filename>frame_1165</filename>
    <path>openmv_auto_exposure-PascalVOC-export/Annotations/frame_1165.jpg</path>
    <source>
        <database>Unknown</database>
    </source>
    <size>
        <width>320</width>
        <height>240</height>
        <depth>3</depth>
    </size>
    <segmented>0</segmented>
    <object>
    <name>apple</name>
    <pose>Unspecified</pose>
    <truncated>0</truncated>
    <difficult>0</difficult>
    <bndbox>
        <xmin>166.063625529661</xmin>
        <ymin>80.40542240466101</ymin>
        <xmax>224.26241393008473</xmax>
        <ymax>136.08103813559322</ymax>
    </bndbox>
</object><object>
    <name>hand</name>
    <pose>Unspecified</pose>
    <truncated>0</truncated>
    <difficult>0</difficult>
    <bndbox>
        <xmin>162.88138903601694</xmin>
        <ymin>38.71529892743644</ymin>
        <xmax>287.9105534957627</xmax>
        <ymax>209.17356329449152</ymax>
    </bndbox>
</object>
</annotation>