<annotation verified="yes">
    <folder>Annotation</folder>
    <filename>frame_1221</filename>
    <path>openmv_auto_exposure-PascalVOC-export/Annotations/frame_1221.jpg</path>
    <source>
        <database>Unknown</database>
    </source>
    <size>
        <width>320</width>
        <height>240</height>
        <depth>3</depth>
    </size>
    <segmented>0</segmented>
    <object>
    <name>apple</name>
    <pose>Unspecified</pose>
    <truncated>0</truncated>
    <difficult>0</difficult>
    <bndbox>
        <xmin>120.40322100105932</xmin>
        <ymin>109.42664194915254</ymin>
        <xmax>176.19815942796612</xmax>
        <ymax>169.0767346398305</ymax>
    </bndbox>
</object><object>
    <name>hand</name>
    <pose>Unspecified</pose>
    <truncated>0</truncated>
    <difficult>0</difficult>
    <bndbox>
        <xmin>194.71252648305085</xmin>
        <ymin>85.59292240466101</ymin>
        <xmax>316.42492055084745</xmax>
        <ymax>240</ymax>
    </bndbox>
</object>
</annotation>