<annotation verified="yes">
    <folder>Annotation</folder>
    <filename>frame_1</filename>
    <path>openmv_auto_exposure-PascalVOC-export/Annotations/frame_1.jpg</path>
    <source>
        <database>Unknown</database>
    </source>
    <size>
        <width>320</width>
        <height>240</height>
        <depth>3</depth>
    </size>
    <segmented>0</segmented>
    <object>
    <name>apple</name>
    <pose>Unspecified</pose>
    <truncated>0</truncated>
    <difficult>0</difficult>
    <bndbox>
        <xmin>85.89883440939882</xmin>
        <ymin>107.34252654133748</ymin>
        <xmax>146.62383904000848</xmax>
        <ymax>170.02643111597067</ymax>
    </bndbox>
</object>
</annotation>