<annotation verified="yes">
    <folder>Annotation</folder>
    <filename>frame_1036</filename>
    <path>openmv_auto_exposure-PascalVOC-export/Annotations/frame_1036.jpg</path>
    <source>
        <database>Unknown</database>
    </source>
    <size>
        <width>320</width>
        <height>240</height>
        <depth>3</depth>
    </size>
    <segmented>0</segmented>
    <object>
    <name>apple</name>
    <pose>Unspecified</pose>
    <truncated>0</truncated>
    <difficult>0</difficult>
    <bndbox>
        <xmin>57.07142053873836</xmin>
        <ymin>74.36151991041197</ymin>
        <xmax>112.54026976608806</xmax>
        <ymax>128.95001344702314</ymax>
    </bndbox>
</object><object>
    <name>hand</name>
    <pose>Unspecified</pose>
    <truncated>0</truncated>
    <difficult>0</difficult>
    <bndbox>
        <xmin>55.83312367584746</xmin>
        <ymin>34.021430581302965</ymin>
        <xmax>217.51582362288138</xmax>
        <ymax>181.5153932733051</ymax>
    </bndbox>
</object>
</annotation>