<annotation verified="yes">
    <folder>Annotation</folder>
    <filename>frame_1120</filename>
    <path>openmv_auto_exposure-PascalVOC-export/Annotations/frame_1120.jpg</path>
    <source>
        <database>Unknown</database>
    </source>
    <size>
        <width>320</width>
        <height>240</height>
        <depth>3</depth>
    </size>
    <segmented>0</segmented>
    <object>
    <name>apple</name>
    <pose>Unspecified</pose>
    <truncated>0</truncated>
    <difficult>0</difficult>
    <bndbox>
        <xmin>55.85277078919491</xmin>
        <ymin>71.02383474576271</ymin>
        <xmax>119.23642743644068</xmax>
        <ymax>129.97441075211864</ymax>
    </bndbox>
</object><object>
    <name>hand</name>
    <pose>Unspecified</pose>
    <truncated>0</truncated>
    <difficult>0</difficult>
    <bndbox>
        <xmin>121.47523834745763</xmin>
        <ymin>71.07021318855932</ymin>
        <xmax>260.7484772245763</xmax>
        <ymax>236.75665386652543</ymax>
    </bndbox>
</object>
</annotation>