<annotation verified="yes">
    <folder>Annotation</folder>
    <filename>frame_1200</filename>
    <path>openmv_auto_exposure-PascalVOC-export/Annotations/frame_1200.jpg</path>
    <source>
        <database>Unknown</database>
    </source>
    <size>
        <width>320</width>
        <height>240</height>
        <depth>3</depth>
    </size>
    <segmented>0</segmented>
    <object>
    <name>apple</name>
    <pose>Unspecified</pose>
    <truncated>0</truncated>
    <difficult>0</difficult>
    <bndbox>
        <xmin>121.01958090572033</xmin>
        <ymin>112.16399629237289</ymin>
        <xmax>175.760593220339</xmax>
        <ymax>169.22229210805085</ymax>
    </bndbox>
</object><object>
    <name>hand</name>
    <pose>Unspecified</pose>
    <truncated>0</truncated>
    <difficult>0</difficult>
    <bndbox>
        <xmin>115.84328654661017</xmin>
        <ymin>68.75261520127118</ymin>
        <xmax>269.6360897775424</xmax>
        <ymax>221.07600635593218</ymax>
    </bndbox>
</object>
</annotation>