<annotation verified="yes">
    <folder>Annotation</folder>
    <filename>frame_1055</filename>
    <path>openmv_auto_exposure-PascalVOC-export/Annotations/frame_1055.jpg</path>
    <source>
        <database>Unknown</database>
    </source>
    <size>
        <width>320</width>
        <height>240</height>
        <depth>3</depth>
    </size>
    <segmented>0</segmented>
    <object>
    <name>apple</name>
    <pose>Unspecified</pose>
    <truncated>0</truncated>
    <difficult>0</difficult>
    <bndbox>
        <xmin>57.52257422205758</xmin>
        <ymin>69.37870344243792</ymin>
        <xmax>117.77500859970364</xmax>
        <ymax>128.44216236949774</ymax>
    </bndbox>
</object>
</annotation>