<annotation verified="yes">
    <folder>Annotation</folder>
    <filename>frame_31</filename>
    <path>openmv_auto_exposure-PascalVOC-export/Annotations/frame_31.jpg</path>
    <source>
        <database>Unknown</database>
    </source>
    <size>
        <width>320</width>
        <height>240</height>
        <depth>3</depth>
    </size>
    <segmented>0</segmented>
    <object>
    <name>apple</name>
    <pose>Unspecified</pose>
    <truncated>0</truncated>
    <difficult>0</difficult>
    <bndbox>
        <xmin>85.34356792902543</xmin>
        <ymin>108.89760990466101</ymin>
        <xmax>146.57719809322035</xmax>
        <ymax>165.85136387711864</ymax>
    </bndbox>
</object><object>
    <name>hand</name>
    <pose>Unspecified</pose>
    <truncated>0</truncated>
    <difficult>0</difficult>
    <bndbox>
        <xmin>227.7384467690678</xmin>
        <ymin>144.20456501588984</ymin>
        <xmax>320</xmax>
        <ymax>240</ymax>
    </bndbox>
</object>
</annotation>