<annotation verified="yes">
    <folder>Annotation</folder>
    <filename>frame_491</filename>
    <path>openmv_auto_exposure-PascalVOC-export/Annotations/frame_491.jpg</path>
    <source>
        <database>Unknown</database>
    </source>
    <size>
        <width>320</width>
        <height>240</height>
        <depth>3</depth>
    </size>
    <segmented>0</segmented>
    <object>
    <name>apple</name>
    <pose>Unspecified</pose>
    <truncated>0</truncated>
    <difficult>0</difficult>
    <bndbox>
        <xmin>189.75254899364407</xmin>
        <ymin>168.91881289724577</ymin>
        <xmax>241.65929555084745</xmax>
        <ymax>223.17396054025426</ymax>
    </bndbox>
</object>
</annotation>