<annotation verified="yes">
    <folder>Annotation</folder>
    <filename>frame_1278</filename>
    <path>openmv_auto_exposure-PascalVOC-export/Annotations/frame_1278.jpg</path>
    <source>
        <database>Unknown</database>
    </source>
    <size>
        <width>320</width>
        <height>240</height>
        <depth>3</depth>
    </size>
    <segmented>0</segmented>
    <object>
    <name>apple</name>
    <pose>Unspecified</pose>
    <truncated>0</truncated>
    <difficult>0</difficult>
    <bndbox>
        <xmin>142.31236758474577</xmin>
        <ymin>61.855005296610166</ymin>
        <xmax>200.31524761652543</xmax>
        <ymax>124.46653204449152</ymax>
    </bndbox>
</object><object>
    <name>hand</name>
    <pose>Unspecified</pose>
    <truncated>0</truncated>
    <difficult>0</difficult>
    <bndbox>
        <xmin>148.13092558262713</xmin>
        <ymin>46.92437433792373</ymin>
        <xmax>273.93299788135596</xmax>
        <ymax>203.65492584745763</ymax>
    </bndbox>
</object>
</annotation>