<annotation verified="yes">
    <folder>Annotation</folder>
    <filename>frame_1283</filename>
    <path>openmv_auto_exposure-PascalVOC-export/Annotations/frame_1283.jpg</path>
    <source>
        <database>Unknown</database>
    </source>
    <size>
        <width>320</width>
        <height>240</height>
        <depth>3</depth>
    </size>
    <segmented>0</segmented>
    <object>
    <name>apple</name>
    <pose>Unspecified</pose>
    <truncated>0</truncated>
    <difficult>0</difficult>
    <bndbox>
        <xmin>186.54343220338984</xmin>
        <ymin>132.80445577330508</ymin>
        <xmax>248.94885460805085</xmax>
        <ymax>194.1730170815678</ymax>
    </bndbox>
</object><object>
    <name>hand</name>
    <pose>Unspecified</pose>
    <truncated>0</truncated>
    <difficult>0</difficult>
    <bndbox>
        <xmin>189.95203257415255</xmin>
        <ymin>108.10391287076271</ymin>
        <xmax>313.6930283368644</xmax>
        <ymax>240</ymax>
    </bndbox>
</object>
</annotation>