<annotation verified="yes">
    <folder>Annotation</folder>
    <filename>frame_1487</filename>
    <path>openmv_auto_exposure-PascalVOC-export/Annotations/frame_1487.jpg</path>
    <source>
        <database>Unknown</database>
    </source>
    <size>
        <width>320</width>
        <height>240</height>
        <depth>3</depth>
    </size>
    <segmented>0</segmented>
    <object>
    <name>hand</name>
    <pose>Unspecified</pose>
    <truncated>0</truncated>
    <difficult>0</difficult>
    <bndbox>
        <xmin>102.32114009533899</xmin>
        <ymin>54.471878310381356</ymin>
        <xmax>260.05114539194915</xmax>
        <ymax>217.64876853813558</ymax>
    </bndbox>
</object>
</annotation>