<annotation verified="yes">
    <folder>Annotation</folder>
    <filename>frame_562</filename>
    <path>openmv_auto_exposure-PascalVOC-export/Annotations/frame_562.jpg</path>
    <source>
        <database>Unknown</database>
    </source>
    <size>
        <width>320</width>
        <height>240</height>
        <depth>3</depth>
    </size>
    <segmented>0</segmented>
    <object>
    <name>apple</name>
    <pose>Unspecified</pose>
    <truncated>0</truncated>
    <difficult>0</difficult>
    <bndbox>
        <xmin>61.54257150423729</xmin>
        <ymin>91.88599874205508</ymin>
        <xmax>119.22341763771186</xmax>
        <ymax>148.01492981991524</ymax>
    </bndbox>
</object><object>
    <name>hand</name>
    <pose>Unspecified</pose>
    <truncated>0</truncated>
    <difficult>0</difficult>
    <bndbox>
        <xmin>203.65459480932202</xmin>
        <ymin>182.7288301112288</ymin>
        <xmax>313.4504435911017</xmax>
        <ymax>237.59085341631356</ymax>
    </bndbox>
</object>
</annotation>