<annotation verified="yes">
    <folder>Annotation</folder>
    <filename>frame_1174</filename>
    <path>openmv_auto_exposure-PascalVOC-export/Annotations/frame_1174.jpg</path>
    <source>
        <database>Unknown</database>
    </source>
    <size>
        <width>320</width>
        <height>240</height>
        <depth>3</depth>
    </size>
    <segmented>0</segmented>
    <object>
    <name>apple</name>
    <pose>Unspecified</pose>
    <truncated>0</truncated>
    <difficult>0</difficult>
    <bndbox>
        <xmin>160.203125</xmin>
        <ymin>83.31996490995763</ymin>
        <xmax>214.18475238347457</xmax>
        <ymax>146.84951006355934</ymax>
    </bndbox>
</object><object>
    <name>hand</name>
    <pose>Unspecified</pose>
    <truncated>0</truncated>
    <difficult>0</difficult>
    <bndbox>
        <xmin>146.2861328125</xmin>
        <ymin>58.061722060381356</ymin>
        <xmax>286.224609375</xmax>
        <ymax>213.73904263771186</ymax>
    </bndbox>
</object>
</annotation>