<annotation verified="yes">
    <folder>Annotation</folder>
    <filename>frame_280</filename>
    <path>openmv_auto_exposure-PascalVOC-export/Annotations/frame_280.jpg</path>
    <source>
        <database>Unknown</database>
    </source>
    <size>
        <width>320</width>
        <height>240</height>
        <depth>3</depth>
    </size>
    <segmented>0</segmented>
    <object>
    <name>apple</name>
    <pose>Unspecified</pose>
    <truncated>0</truncated>
    <difficult>0</difficult>
    <bndbox>
        <xmin>86.07630429025424</xmin>
        <ymin>105.53649695444915</ymin>
        <xmax>142.5545219809322</xmax>
        <ymax>159.5168498411017</ymax>
    </bndbox>
</object><object>
    <name>hand</name>
    <pose>Unspecified</pose>
    <truncated>0</truncated>
    <difficult>0</difficult>
    <bndbox>
        <xmin>80.60328389830508</xmin>
        <ymin>77.28547073622882</ymin>
        <xmax>239.23556673728814</xmax>
        <ymax>216.36349642478814</ymax>
    </bndbox>
</object>
</annotation>