<annotation verified="yes">
    <folder>Annotation</folder>
    <filename>frame_1230</filename>
    <path>openmv_auto_exposure-PascalVOC-export/Annotations/frame_1230.jpg</path>
    <source>
        <database>Unknown</database>
    </source>
    <size>
        <width>320</width>
        <height>240</height>
        <depth>3</depth>
    </size>
    <segmented>0</segmented>
    <object>
    <name>apple</name>
    <pose>Unspecified</pose>
    <truncated>0</truncated>
    <difficult>0</difficult>
    <bndbox>
        <xmin>119.7139499470339</xmin>
        <ymin>109.50403866525424</ymin>
        <xmax>178.11854475635593</xmax>
        <ymax>170.5196140095339</ymax>
    </bndbox>
</object>
</annotation>