<annotation verified="yes">
    <folder>Annotation</folder>
    <filename>frame_1368</filename>
    <path>openmv_auto_exposure-PascalVOC-export/Annotations/frame_1368.jpg</path>
    <source>
        <database>Unknown</database>
    </source>
    <size>
        <width>320</width>
        <height>240</height>
        <depth>3</depth>
    </size>
    <segmented>0</segmented>
    <object>
    <name>apple</name>
    <pose>Unspecified</pose>
    <truncated>0</truncated>
    <difficult>0</difficult>
    <bndbox>
        <xmin>150.62390757415255</xmin>
        <ymin>179.01390360169492</ymin>
        <xmax>206.31703522245763</xmax>
        <ymax>237.7728085275424</ymax>
    </bndbox>
</object><object>
    <name>hand</name>
    <pose>Unspecified</pose>
    <truncated>0</truncated>
    <difficult>0</difficult>
    <bndbox>
        <xmin>198.00615730932202</xmin>
        <ymin>182.3709282309322</ymin>
        <xmax>307.9780852754237</xmax>
        <ymax>238.4730534957627</ymax>
    </bndbox>
</object>
</annotation>