<annotation verified="yes">
    <folder>Annotation</folder>
    <filename>frame_525</filename>
    <path>openmv_auto_exposure-PascalVOC-export/Annotations/frame_525.jpg</path>
    <source>
        <database>Unknown</database>
    </source>
    <size>
        <width>320</width>
        <height>240</height>
        <depth>3</depth>
    </size>
    <segmented>0</segmented>
    <object>
    <name>apple</name>
    <pose>Unspecified</pose>
    <truncated>0</truncated>
    <difficult>0</difficult>
    <bndbox>
        <xmin>179.76224841101694</xmin>
        <ymin>159.2068657309322</ymin>
        <xmax>231.5897444385593</xmax>
        <ymax>216.19925185381356</ymax>
    </bndbox>
</object><object>
    <name>hand</name>
    <pose>Unspecified</pose>
    <truncated>0</truncated>
    <difficult>0</difficult>
    <bndbox>
        <xmin>214.6896186440678</xmin>
        <ymin>145.21416512182202</ymin>
        <xmax>313.79869570974574</xmax>
        <ymax>240</ymax>
    </bndbox>
</object>
</annotation>