<annotation verified="yes">
    <folder>Annotation</folder>
    <filename>frame_1804</filename>
    <path>openmv_auto_exposure-PascalVOC-export/Annotations/frame_1804.jpg</path>
    <source>
        <database>Unknown</database>
    </source>
    <size>
        <width>320</width>
        <height>240</height>
        <depth>3</depth>
    </size>
    <segmented>0</segmented>
    <object>
    <name>apple</name>
    <pose>Unspecified</pose>
    <truncated>0</truncated>
    <difficult>0</difficult>
    <bndbox>
        <xmin>118.76135460805085</xmin>
        <ymin>90.80637579449153</ymin>
        <xmax>179.74180680614407</xmax>
        <ymax>152.71252648305085</ymax>
    </bndbox>
</object><object>
    <name>hand</name>
    <pose>Unspecified</pose>
    <truncated>0</truncated>
    <difficult>0</difficult>
    <bndbox>
        <xmin>205.88681806144066</xmin>
        <ymin>129.2849907309322</ymin>
        <xmax>315.2478813559322</xmax>
        <ymax>237.05596199682202</ymax>
    </bndbox>
</object>
</annotation>