<annotation verified="yes">
    <folder>Annotation</folder>
    <filename>frame_1535</filename>
    <path>openmv_auto_exposure-PascalVOC-export/Annotations/frame_1535.jpg</path>
    <source>
        <database>Unknown</database>
    </source>
    <size>
        <width>320</width>
        <height>240</height>
        <depth>3</depth>
    </size>
    <segmented>0</segmented>
    <object>
    <name>apple</name>
    <pose>Unspecified</pose>
    <truncated>0</truncated>
    <difficult>0</difficult>
    <bndbox>
        <xmin>88.99137645656779</xmin>
        <ymin>100.2757216631356</ymin>
        <xmax>151.38984706038136</xmax>
        <ymax>159.56352621822035</ymax>
    </bndbox>
</object><object>
    <name>hand</name>
    <pose>Unspecified</pose>
    <truncated>0</truncated>
    <difficult>0</difficult>
    <bndbox>
        <xmin>111.85096663135593</xmin>
        <ymin>51.95314155190678</ymin>
        <xmax>243.97659560381356</xmax>
        <ymax>227.95113877118644</ymax>
    </bndbox>
</object>
</annotation>