<annotation verified="yes">
    <folder>Annotation</folder>
    <filename>frame_1135</filename>
    <path>openmv_auto_exposure-PascalVOC-export/Annotations/frame_1135.jpg</path>
    <source>
        <database>Unknown</database>
    </source>
    <size>
        <width>320</width>
        <height>240</height>
        <depth>3</depth>
    </size>
    <segmented>0</segmented>
    <object>
    <name>apple</name>
    <pose>Unspecified</pose>
    <truncated>0</truncated>
    <difficult>0</difficult>
    <bndbox>
        <xmin>57.19671941207627</xmin>
        <ymin>68.99580409163136</ymin>
        <xmax>118.6695080773305</xmax>
        <ymax>129.41472457627117</ymax>
    </bndbox>
</object><object>
    <name>hand</name>
    <pose>Unspecified</pose>
    <truncated>0</truncated>
    <difficult>0</difficult>
    <bndbox>
        <xmin>83.19830839512711</xmin>
        <ymin>56.28682799258475</ymin>
        <xmax>229.71931276483048</xmax>
        <ymax>228.82550979872883</ymax>
    </bndbox>
</object>
</annotation>