<annotation verified="yes">
    <folder>Annotation</folder>
    <filename>frame_4</filename>
    <path>openmv_auto_exposure-PascalVOC-export/Annotations/frame_4.jpg</path>
    <source>
        <database>Unknown</database>
    </source>
    <size>
        <width>320</width>
        <height>240</height>
        <depth>3</depth>
    </size>
    <segmented>0</segmented>
    <object>
    <name>apple</name>
    <pose>Unspecified</pose>
    <truncated>0</truncated>
    <difficult>0</difficult>
    <bndbox>
        <xmin>87.20400225105932</xmin>
        <ymin>107.06377449682203</ymin>
        <xmax>146.31342690677965</xmax>
        <ymax>167.4934123411017</ymax>
    </bndbox>
</object>
</annotation>