<annotation verified="yes">
    <folder>Annotation</folder>
    <filename>frame_1053</filename>
    <path>openmv_auto_exposure-PascalVOC-export/Annotations/frame_1053.jpg</path>
    <source>
        <database>Unknown</database>
    </source>
    <size>
        <width>320</width>
        <height>240</height>
        <depth>3</depth>
    </size>
    <segmented>0</segmented>
    <object>
    <name>apple</name>
    <pose>Unspecified</pose>
    <truncated>0</truncated>
    <difficult>0</difficult>
    <bndbox>
        <xmin>55.844110526037255</xmin>
        <ymin>70.16985133323928</ymin>
        <xmax>118.36377407917018</xmax>
        <ymax>125.4515334015237</ymax>
    </bndbox>
</object><object>
    <name>hand</name>
    <pose>Unspecified</pose>
    <truncated>0</truncated>
    <difficult>0</difficult>
    <bndbox>
        <xmin>232.32762844279662</xmin>
        <ymin>76.63124834480932</ymin>
        <xmax>317.3979409427966</xmax>
        <ymax>229.85821636652543</ymax>
    </bndbox>
</object>
</annotation>