<annotation verified="yes">
    <folder>Annotation</folder>
    <filename>frame_1486</filename>
    <path>openmv_auto_exposure-PascalVOC-export/Annotations/frame_1486.jpg</path>
    <source>
        <database>Unknown</database>
    </source>
    <size>
        <width>320</width>
        <height>240</height>
        <depth>3</depth>
    </size>
    <segmented>0</segmented>
    <object>
    <name>apple</name>
    <pose>Unspecified</pose>
    <truncated>0</truncated>
    <difficult>0</difficult>
    <bndbox>
        <xmin>90.3470934851695</xmin>
        <ymin>99.27706236758475</ymin>
        <xmax>149.27093816207628</xmax>
        <ymax>156.28800317796612</ymax>
    </bndbox>
</object><object>
    <name>hand</name>
    <pose>Unspecified</pose>
    <truncated>0</truncated>
    <difficult>0</difficult>
    <bndbox>
        <xmin>102.6704846398305</xmin>
        <ymin>53.92653436175848</ymin>
        <xmax>260.8160752118644</xmax>
        <ymax>218.1612983315678</ymax>
    </bndbox>
</object>
</annotation>