<annotation verified="yes">
    <folder>Annotation</folder>
    <filename>frame_1603</filename>
    <path>openmv_auto_exposure-PascalVOC-export/Annotations/frame_1603.jpg</path>
    <source>
        <database>Unknown</database>
    </source>
    <size>
        <width>320</width>
        <height>240</height>
        <depth>3</depth>
    </size>
    <segmented>0</segmented>
    <object>
    <name>apple</name>
    <pose>Unspecified</pose>
    <truncated>0</truncated>
    <difficult>0</difficult>
    <bndbox>
        <xmin>119.44077727754237</xmin>
        <ymin>91.75220140360169</ymin>
        <xmax>177.58504369703388</xmax>
        <ymax>152.61495299258473</ymax>
    </bndbox>
</object>
</annotation>