<annotation verified="yes">
    <folder>Annotation</folder>
    <filename>frame_175</filename>
    <path>openmv_auto_exposure-PascalVOC-export/Annotations/frame_175.jpg</path>
    <source>
        <database>Unknown</database>
    </source>
    <size>
        <width>320</width>
        <height>240</height>
        <depth>3</depth>
    </size>
    <segmented>0</segmented>
    <object>
    <name>apple</name>
    <pose>Unspecified</pose>
    <truncated>0</truncated>
    <difficult>0</difficult>
    <bndbox>
        <xmin>80.93667240466101</xmin>
        <ymin>109.40173132944915</ymin>
        <xmax>141.73980402542372</xmax>
        <ymax>169.71522444385593</ymax>
    </bndbox>
</object><object>
    <name>hand</name>
    <pose>Unspecified</pose>
    <truncated>0</truncated>
    <difficult>0</difficult>
    <bndbox>
        <xmin>81.53497417902543</xmin>
        <ymin>83.28983216366525</ymin>
        <xmax>241.39254502118644</xmax>
        <ymax>222.1646914724576</ymax>
    </bndbox>
</object>
</annotation>