<annotation verified="yes">
    <folder>Annotation</folder>
    <filename>frame_10</filename>
    <path>openmv_auto_exposure-PascalVOC-export/Annotations/frame_10.jpg</path>
    <source>
        <database>Unknown</database>
    </source>
    <size>
        <width>320</width>
        <height>240</height>
        <depth>3</depth>
    </size>
    <segmented>0</segmented>
    <object>
    <name>apple</name>
    <pose>Unspecified</pose>
    <truncated>0</truncated>
    <difficult>0</difficult>
    <bndbox>
        <xmin>88.57026619390346</xmin>
        <ymin>108.37049634946389</ymin>
        <xmax>146.77147279847586</xmax>
        <ymax>169.83879554352427</ymax>
    </bndbox>
</object>
</annotation>