<annotation verified="yes">
    <folder>Annotation</folder>
    <filename>frame_307</filename>
    <path>openmv_auto_exposure-PascalVOC-export/Annotations/frame_307.jpg</path>
    <source>
        <database>Unknown</database>
    </source>
    <size>
        <width>320</width>
        <height>240</height>
        <depth>3</depth>
    </size>
    <segmented>0</segmented>
    <object>
    <name>apple</name>
    <pose>Unspecified</pose>
    <truncated>0</truncated>
    <difficult>0</difficult>
    <bndbox>
        <xmin>39.30887513241525</xmin>
        <ymin>101.29286943855932</ymin>
        <xmax>94.27918101165254</xmax>
        <ymax>156.1555879237288</ymax>
    </bndbox>
</object><object>
    <name>hand</name>
    <pose>Unspecified</pose>
    <truncated>0</truncated>
    <difficult>0</difficult>
    <bndbox>
        <xmin>40.73566604872882</xmin>
        <ymin>65.76770226430085</ymin>
        <xmax>192.29912605932202</xmax>
        <ymax>211.27265956038136</ymax>
    </bndbox>
</object>
</annotation>