<annotation verified="yes">
    <folder>Annotation</folder>
    <filename>frame_1483</filename>
    <path>openmv_auto_exposure-PascalVOC-export/Annotations/frame_1483.jpg</path>
    <source>
        <database>Unknown</database>
    </source>
    <size>
        <width>320</width>
        <height>240</height>
        <depth>3</depth>
    </size>
    <segmented>0</segmented>
    <object>
    <name>apple</name>
    <pose>Unspecified</pose>
    <truncated>0</truncated>
    <difficult>0</difficult>
    <bndbox>
        <xmin>90.18003509004237</xmin>
        <ymin>99.4160983845339</ymin>
        <xmax>148.43567929025423</xmax>
        <ymax>156.759616657839</ymax>
    </bndbox>
</object><object>
    <name>hand</name>
    <pose>Unspecified</pose>
    <truncated>0</truncated>
    <difficult>0</difficult>
    <bndbox>
        <xmin>99.20246292372882</xmin>
        <ymin>55.95545881885593</ymin>
        <xmax>259.1180813029661</xmax>
        <ymax>215.9940578654661</ymax>
    </bndbox>
</object>
</annotation>