<annotation verified="yes">
    <folder>Annotation</folder>
    <filename>frame_1154</filename>
    <path>openmv_auto_exposure-PascalVOC-export/Annotations/frame_1154.jpg</path>
    <source>
        <database>Unknown</database>
    </source>
    <size>
        <width>320</width>
        <height>240</height>
        <depth>3</depth>
    </size>
    <segmented>0</segmented>
    <object>
    <name>apple</name>
    <pose>Unspecified</pose>
    <truncated>0</truncated>
    <difficult>0</difficult>
    <bndbox>
        <xmin>77.56973318326271</xmin>
        <ymin>87.06715108580508</ymin>
        <xmax>134.5952065677966</xmax>
        <ymax>146.44537870762713</ymax>
    </bndbox>
</object><object>
    <name>hand</name>
    <pose>Unspecified</pose>
    <truncated>0</truncated>
    <difficult>0</difficult>
    <bndbox>
        <xmin>75.81830971927965</xmin>
        <ymin>69.34339413400424</ymin>
        <xmax>226.73447431144066</xmax>
        <ymax>207.47154727224574</ymax>
    </bndbox>
</object>
</annotation>