<annotation verified="yes">
    <folder>Annotation</folder>
    <filename>frame_1609</filename>
    <path>openmv_auto_exposure-PascalVOC-export/Annotations/frame_1609.jpg</path>
    <source>
        <database>Unknown</database>
    </source>
    <size>
        <width>320</width>
        <height>240</height>
        <depth>3</depth>
    </size>
    <segmented>0</segmented>
    <object>
    <name>apple</name>
    <pose>Unspecified</pose>
    <truncated>0</truncated>
    <difficult>0</difficult>
    <bndbox>
        <xmin>119.61758474576271</xmin>
        <ymin>90.02171610169492</ymin>
        <xmax>175.89188294491527</xmax>
        <ymax>152.00233381885593</ymax>
    </bndbox>
</object>
</annotation>