<annotation verified="yes">
    <folder>Annotation</folder>
    <filename>frame_1186</filename>
    <path>openmv_auto_exposure-PascalVOC-export/Annotations/frame_1186.jpg</path>
    <source>
        <database>Unknown</database>
    </source>
    <size>
        <width>320</width>
        <height>240</height>
        <depth>3</depth>
    </size>
    <segmented>0</segmented>
    <object>
    <name>apple</name>
    <pose>Unspecified</pose>
    <truncated>0</truncated>
    <difficult>0</difficult>
    <bndbox>
        <xmin>148.5310844809322</xmin>
        <ymin>79.10396252648304</ymin>
        <xmax>207.50506488347457</xmax>
        <ymax>147.49566340042372</ymax>
    </bndbox>
</object><object>
    <name>hand</name>
    <pose>Unspecified</pose>
    <truncated>0</truncated>
    <difficult>0</difficult>
    <bndbox>
        <xmin>137.26529396186442</xmin>
        <ymin>55.81125033103814</ymin>
        <xmax>283.6928959216102</xmax>
        <ymax>211.67278535487287</ymax>
    </bndbox>
</object>
</annotation>