<annotation verified="yes">
    <folder>Annotation</folder>
    <filename>frame_105</filename>
    <path>openmv_auto_exposure-PascalVOC-export/Annotations/frame_105.jpg</path>
    <source>
        <database>Unknown</database>
    </source>
    <size>
        <width>320</width>
        <height>240</height>
        <depth>3</depth>
    </size>
    <segmented>0</segmented>
    <object>
    <name>apple</name>
    <pose>Unspecified</pose>
    <truncated>0</truncated>
    <difficult>0</difficult>
    <bndbox>
        <xmin>34.07298502328535</xmin>
        <ymin>118.14692305657451</ymin>
        <xmax>91.6782652413209</xmax>
        <ymax>178.17180556045432</ymax>
    </bndbox>
</object><object>
    <name>hand</name>
    <pose>Unspecified</pose>
    <truncated>0</truncated>
    <difficult>0</difficult>
    <bndbox>
        <xmin>40.34585209216102</xmin>
        <ymin>87.60730601165254</ymin>
        <xmax>189.90846795550846</xmax>
        <ymax>227.47692664194915</ymax>
    </bndbox>
</object>
</annotation>