<annotation verified="yes">
    <folder>Annotation</folder>
    <filename>frame_1479</filename>
    <path>openmv_auto_exposure-PascalVOC-export/Annotations/frame_1479.jpg</path>
    <source>
        <database>Unknown</database>
    </source>
    <size>
        <width>320</width>
        <height>240</height>
        <depth>3</depth>
    </size>
    <segmented>0</segmented>
    <object>
    <name>apple</name>
    <pose>Unspecified</pose>
    <truncated>0</truncated>
    <difficult>0</difficult>
    <bndbox>
        <xmin>90.45046014300847</xmin>
        <ymin>91.55341300317797</ymin>
        <xmax>150.81842558262713</xmax>
        <ymax>146.79909295550846</ymax>
    </bndbox>
</object><object>
    <name>hand</name>
    <pose>Unspecified</pose>
    <truncated>0</truncated>
    <difficult>0</difficult>
    <bndbox>
        <xmin>95.0614406779661</xmin>
        <ymin>56.90538930084746</ymin>
        <xmax>250.42439088983053</xmax>
        <ymax>213.66452595338984</ymax>
    </bndbox>
</object>
</annotation>