<annotation verified="yes">
    <folder>Annotation</folder>
    <filename>frame_1054</filename>
    <path>openmv_auto_exposure-PascalVOC-export/Annotations/frame_1054.jpg</path>
    <source>
        <database>Unknown</database>
    </source>
    <size>
        <width>320</width>
        <height>240</height>
        <depth>3</depth>
    </size>
    <segmented>0</segmented>
    <object>
    <name>apple</name>
    <pose>Unspecified</pose>
    <truncated>0</truncated>
    <difficult>0</difficult>
    <bndbox>
        <xmin>57.90135809165961</xmin>
        <ymin>67.72874543682985</ymin>
        <xmax>118.00366148920406</xmax>
        <ymax>125.00925309501976</ymax>
    </bndbox>
</object>
</annotation>