<annotation verified="yes">
    <folder>Annotation</folder>
    <filename>frame_38</filename>
    <path>openmv_auto_exposure-PascalVOC-export/Annotations/frame_38.jpg</path>
    <source>
        <database>Unknown</database>
    </source>
    <size>
        <width>320</width>
        <height>240</height>
        <depth>3</depth>
    </size>
    <segmented>0</segmented>
    <object>
    <name>apple</name>
    <pose>Unspecified</pose>
    <truncated>0</truncated>
    <difficult>0</difficult>
    <bndbox>
        <xmin>86.77777409957628</xmin>
        <ymin>108.97292108050847</ymin>
        <xmax>147.18577860169492</xmax>
        <ymax>168.74303164724574</ymax>
    </bndbox>
</object><object>
    <name>hand</name>
    <pose>Unspecified</pose>
    <truncated>0</truncated>
    <difficult>0</difficult>
    <bndbox>
        <xmin>165.1881620762712</xmin>
        <ymin>116.49942068326271</ymin>
        <xmax>294.3099179025424</xmax>
        <ymax>240</ymax>
    </bndbox>
</object>
</annotation>