<annotation verified="yes">
    <folder>Annotation</folder>
    <filename>frame_214</filename>
    <path>openmv_auto_exposure-PascalVOC-export/Annotations/frame_214.jpg</path>
    <source>
        <database>Unknown</database>
    </source>
    <size>
        <width>320</width>
        <height>240</height>
        <depth>3</depth>
    </size>
    <segmented>0</segmented>
    <object>
    <name>apple</name>
    <pose>Unspecified</pose>
    <truncated>0</truncated>
    <difficult>0</difficult>
    <bndbox>
        <xmin>78.50458487817797</xmin>
        <ymin>110.02373543432203</ymin>
        <xmax>137.26931607521186</xmax>
        <ymax>173.77866790254237</ymax>
    </bndbox>
</object><object>
    <name>hand</name>
    <pose>Unspecified</pose>
    <truncated>0</truncated>
    <difficult>0</difficult>
    <bndbox>
        <xmin>85.03383209745763</xmin>
        <ymin>65.70809884798729</ymin>
        <xmax>232.0118180614407</xmax>
        <ymax>222.0870795815678</ymax>
    </bndbox>
</object>
</annotation>