<annotation verified="yes">
    <folder>Annotation</folder>
    <filename>frame_29</filename>
    <path>openmv_auto_exposure-PascalVOC-export/Annotations/frame_29.jpg</path>
    <source>
        <database>Unknown</database>
    </source>
    <size>
        <width>320</width>
        <height>240</height>
        <depth>3</depth>
    </size>
    <segmented>0</segmented>
    <object>
    <name>apple</name>
    <pose>Unspecified</pose>
    <truncated>0</truncated>
    <difficult>0</difficult>
    <bndbox>
        <xmin>88.69256488347457</xmin>
        <ymin>110.54856329449153</ymin>
        <xmax>146.51867055084745</xmax>
        <ymax>167.09763969809322</ymax>
    </bndbox>
</object>
</annotation>