<annotation verified="yes">
    <folder>Annotation</folder>
    <filename>frame_1544</filename>
    <path>openmv_auto_exposure-PascalVOC-export/Annotations/frame_1544.jpg</path>
    <source>
        <database>Unknown</database>
    </source>
    <size>
        <width>320</width>
        <height>240</height>
        <depth>3</depth>
    </size>
    <segmented>0</segmented>
    <object>
    <name>apple</name>
    <pose>Unspecified</pose>
    <truncated>0</truncated>
    <difficult>0</difficult>
    <bndbox>
        <xmin>64.82425185381356</xmin>
        <ymin>128.55129435911016</ymin>
        <xmax>125.31481726694915</xmax>
        <ymax>177.92920749470338</ymax>
    </bndbox>
</object><object>
    <name>hand</name>
    <pose>Unspecified</pose>
    <truncated>0</truncated>
    <difficult>0</difficult>
    <bndbox>
        <xmin>67.05725304555085</xmin>
        <ymin>69.19968220338983</ymin>
        <xmax>232.90797139830508</xmax>
        <ymax>233.33040916313558</ymax>
    </bndbox>
</object>
</annotation>