<annotation verified="yes">
    <folder>Annotation</folder>
    <filename>frame_1320</filename>
    <path>openmv_auto_exposure-PascalVOC-export/Annotations/frame_1320.jpg</path>
    <source>
        <database>Unknown</database>
    </source>
    <size>
        <width>320</width>
        <height>240</height>
        <depth>3</depth>
    </size>
    <segmented>0</segmented>
    <object>
    <name>apple</name>
    <pose>Unspecified</pose>
    <truncated>0</truncated>
    <difficult>0</difficult>
    <bndbox>
        <xmin>225.48801641949152</xmin>
        <ymin>184.48667571504237</ymin>
        <xmax>274.44299523305085</xmax>
        <ymax>238.01483050847457</ymax>
    </bndbox>
</object>
</annotation>