<annotation verified="yes">
    <folder>Annotation</folder>
    <filename>frame_149</filename>
    <path>openmv_auto_exposure-PascalVOC-export/Annotations/frame_149.jpg</path>
    <source>
        <database>Unknown</database>
    </source>
    <size>
        <width>320</width>
        <height>240</height>
        <depth>3</depth>
    </size>
    <segmented>0</segmented>
    <object>
    <name>apple</name>
    <pose>Unspecified</pose>
    <truncated>0</truncated>
    <difficult>0</difficult>
    <bndbox>
        <xmin>93.53360037076271</xmin>
        <ymin>108.60540254237289</ymin>
        <xmax>150.45123808262713</xmax>
        <ymax>166.62533103813558</ymax>
    </bndbox>
</object><object>
    <name>hand</name>
    <pose>Unspecified</pose>
    <truncated>0</truncated>
    <difficult>0</difficult>
    <bndbox>
        <xmin>68.67751920021186</xmin>
        <ymin>87.3170517743644</ymin>
        <xmax>243.22080243644066</xmax>
        <ymax>225.95317465572032</ymax>
    </bndbox>
</object>
</annotation>