<annotation verified="yes">
    <folder>Annotation</folder>
    <filename>frame_1223</filename>
    <path>openmv_auto_exposure-PascalVOC-export/Annotations/frame_1223.jpg</path>
    <source>
        <database>Unknown</database>
    </source>
    <size>
        <width>320</width>
        <height>240</height>
        <depth>3</depth>
    </size>
    <segmented>0</segmented>
    <object>
    <name>apple</name>
    <pose>Unspecified</pose>
    <truncated>0</truncated>
    <difficult>0</difficult>
    <bndbox>
        <xmin>118.8936374470339</xmin>
        <ymin>107.09872384798729</ymin>
        <xmax>176.27462923728814</xmax>
        <ymax>168.66525423728814</ymax>
    </bndbox>
</object><object>
    <name>hand</name>
    <pose>Unspecified</pose>
    <truncated>0</truncated>
    <difficult>0</difficult>
    <bndbox>
        <xmin>196.46047404661016</xmin>
        <ymin>87.18458686440678</ymin>
        <xmax>320</xmax>
        <ymax>240</ymax>
    </bndbox>
</object>
</annotation>