<annotation verified="yes">
    <folder>Annotation</folder>
    <filename>frame_1800</filename>
    <path>openmv_auto_exposure-PascalVOC-export/Annotations/frame_1800.jpg</path>
    <source>
        <database>Unknown</database>
    </source>
    <size>
        <width>320</width>
        <height>240</height>
        <depth>3</depth>
    </size>
    <segmented>0</segmented>
    <object>
    <name>apple</name>
    <pose>Unspecified</pose>
    <truncated>0</truncated>
    <difficult>0</difficult>
    <bndbox>
        <xmin>119.41086798199153</xmin>
        <ymin>91.50523867849576</ymin>
        <xmax>178.16866393008473</xmax>
        <ymax>154.0159394862288</ymax>
    </bndbox>
</object><object>
    <name>hand</name>
    <pose>Unspecified</pose>
    <truncated>0</truncated>
    <difficult>0</difficult>
    <bndbox>
        <xmin>188.9583222987288</xmin>
        <ymin>118.8485500529661</ymin>
        <xmax>311.5689221398305</xmax>
        <ymax>239.35421080508473</ymax>
    </bndbox>
</object>
</annotation>