<annotation verified="yes">
    <folder>Annotation</folder>
    <filename>frame_470</filename>
    <path>openmv_auto_exposure-PascalVOC-export/Annotations/frame_470.jpg</path>
    <source>
        <database>Unknown</database>
    </source>
    <size>
        <width>320</width>
        <height>240</height>
        <depth>3</depth>
    </size>
    <segmented>0</segmented>
    <object>
    <name>apple</name>
    <pose>Unspecified</pose>
    <truncated>0</truncated>
    <difficult>0</difficult>
    <bndbox>
        <xmin>211.05091366525423</xmin>
        <ymin>166.8810248940678</ymin>
        <xmax>268.0035090042373</xmax>
        <ymax>223.11861096398303</ymax>
    </bndbox>
</object>
</annotation>