<annotation verified="yes">
    <folder>Annotation</folder>
    <filename>frame_1480</filename>
    <path>openmv_auto_exposure-PascalVOC-export/Annotations/frame_1480.jpg</path>
    <source>
        <database>Unknown</database>
    </source>
    <size>
        <width>320</width>
        <height>240</height>
        <depth>3</depth>
    </size>
    <segmented>0</segmented>
    <object>
    <name>apple</name>
    <pose>Unspecified</pose>
    <truncated>0</truncated>
    <difficult>0</difficult>
    <bndbox>
        <xmin>89.46320511122882</xmin>
        <ymin>92.79852191472457</ymin>
        <xmax>149.43528204449154</xmax>
        <ymax>148.71547272245763</ymax>
    </bndbox>
</object><object>
    <name>hand</name>
    <pose>Unspecified</pose>
    <truncated>0</truncated>
    <difficult>0</difficult>
    <bndbox>
        <xmin>89.46320511122882</xmin>
        <ymin>92.79852191472457</ymin>
        <xmax>149.43528204449154</xmax>
        <ymax>148.71547272245763</ymax>
    </bndbox>
</object><object>
    <name>hand</name>
    <pose>Unspecified</pose>
    <truncated>0</truncated>
    <difficult>0</difficult>
    <bndbox>
        <xmin>91.95668365995763</xmin>
        <ymin>55.75861526747882</ymin>
        <xmax>252.36347987288136</xmax>
        <ymax>214.96179819915255</ymax>
    </bndbox>
</object>
</annotation>