<annotation verified="yes">
    <folder>Annotation</folder>
    <filename>frame_1197</filename>
    <path>openmv_auto_exposure-PascalVOC-export/Annotations/frame_1197.jpg</path>
    <source>
        <database>Unknown</database>
    </source>
    <size>
        <width>320</width>
        <height>240</height>
        <depth>3</depth>
    </size>
    <segmented>0</segmented>
    <object>
    <name>apple</name>
    <pose>Unspecified</pose>
    <truncated>0</truncated>
    <difficult>0</difficult>
    <bndbox>
        <xmin>120.78007481461864</xmin>
        <ymin>114.72732388771186</ymin>
        <xmax>173.7515558792373</xmax>
        <ymax>171.30023503707628</ymax>
    </bndbox>
</object><object>
    <name>hand</name>
    <pose>Unspecified</pose>
    <truncated>0</truncated>
    <difficult>0</difficult>
    <bndbox>
        <xmin>113.76948159427965</xmin>
        <ymin>69.92689850370763</ymin>
        <xmax>269.3862221927966</xmax>
        <ymax>220.907375529661</ymax>
    </bndbox>
</object>
</annotation>