<annotation verified="yes">
    <folder>Annotation</folder>
    <filename>frame_240</filename>
    <path>openmv_auto_exposure-PascalVOC-export/Annotations/frame_240.jpg</path>
    <source>
        <database>Unknown</database>
    </source>
    <size>
        <width>320</width>
        <height>240</height>
        <depth>3</depth>
    </size>
    <segmented>0</segmented>
    <object>
    <name>apple</name>
    <pose>Unspecified</pose>
    <truncated>0</truncated>
    <difficult>0</difficult>
    <bndbox>
        <xmin>74.63347457627118</xmin>
        <ymin>105.9242419226695</ymin>
        <xmax>133.82663532838984</xmax>
        <ymax>165.0518571239407</ymax>
    </bndbox>
</object><object>
    <name>hand</name>
    <pose>Unspecified</pose>
    <truncated>0</truncated>
    <difficult>0</difficult>
    <bndbox>
        <xmin>72.43008474576271</xmin>
        <ymin>45.789625264830505</ymin>
        <xmax>233.02151747881356</xmax>
        <ymax>215.35460805084745</ymax>
    </bndbox>
</object>
</annotation>