<annotation verified="yes">
    <folder>Annotation</folder>
    <filename>frame_1279</filename>
    <path>openmv_auto_exposure-PascalVOC-export/Annotations/frame_1279.jpg</path>
    <source>
        <database>Unknown</database>
    </source>
    <size>
        <width>320</width>
        <height>240</height>
        <depth>3</depth>
    </size>
    <segmented>0</segmented>
    <object>
    <name>apple</name>
    <pose>Unspecified</pose>
    <truncated>0</truncated>
    <difficult>0</difficult>
    <bndbox>
        <xmin>143.81344345868644</xmin>
        <ymin>62.97416247351695</ymin>
        <xmax>199.0838188559322</xmax>
        <ymax>124.56296345338983</ymax>
    </bndbox>
</object><object>
    <name>hand</name>
    <pose>Unspecified</pose>
    <truncated>0</truncated>
    <difficult>0</difficult>
    <bndbox>
        <xmin>148.6153998940678</xmin>
        <ymin>49.554339909957626</ymin>
        <xmax>272.687797934322</xmax>
        <ymax>204.8633640095339</ymax>
    </bndbox>
</object>
</annotation>