<annotation verified="yes">
    <folder>Annotation</folder>
    <filename>frame_1282</filename>
    <path>openmv_auto_exposure-PascalVOC-export/Annotations/frame_1282.jpg</path>
    <source>
        <database>Unknown</database>
    </source>
    <size>
        <width>320</width>
        <height>240</height>
        <depth>3</depth>
    </size>
    <segmented>0</segmented>
    <object>
    <name>apple</name>
    <pose>Unspecified</pose>
    <truncated>0</truncated>
    <difficult>0</difficult>
    <bndbox>
        <xmin>187.03740730932202</xmin>
        <ymin>133.2881686970339</ymin>
        <xmax>253.21123543432202</xmax>
        <ymax>195.43859242584747</ymax>
    </bndbox>
</object><object>
    <name>hand</name>
    <pose>Unspecified</pose>
    <truncated>0</truncated>
    <difficult>0</difficult>
    <bndbox>
        <xmin>187.2863810911017</xmin>
        <ymin>108.38168697033898</ymin>
        <xmax>311.9035685911017</xmax>
        <ymax>239.0091863082627</ymax>
    </bndbox>
</object>
</annotation>