<annotation verified="yes">
    <folder>Annotation</folder>
    <filename>frame_1021</filename>
    <path>openmv_auto_exposure-PascalVOC-export/Annotations/frame_1021.jpg</path>
    <source>
        <database>Unknown</database>
    </source>
    <size>
        <width>320</width>
        <height>240</height>
        <depth>3</depth>
    </size>
    <segmented>0</segmented>
    <object>
    <name>apple</name>
    <pose>Unspecified</pose>
    <truncated>0</truncated>
    <difficult>0</difficult>
    <bndbox>
        <xmin>45.135776090177814</xmin>
        <ymin>57.11925911311372</ymin>
        <xmax>102.41291146274344</xmax>
        <ymax>115.39500079359482</ymax>
    </bndbox>
</object><object>
    <name>hand</name>
    <pose>Unspecified</pose>
    <truncated>0</truncated>
    <difficult>0</difficult>
    <bndbox>
        <xmin>43.146567134533896</xmin>
        <ymin>18.2645656779661</ymin>
        <xmax>194.87268273305085</xmax>
        <ymax>170.7123940677966</ymax>
    </bndbox>
</object>
</annotation>