<annotation verified="yes">
    <folder>Annotation</folder>
    <filename>frame_1027</filename>
    <path>openmv_auto_exposure-PascalVOC-export/Annotations/frame_1027.jpg</path>
    <source>
        <database>Unknown</database>
    </source>
    <size>
        <width>320</width>
        <height>240</height>
        <depth>3</depth>
    </size>
    <segmented>0</segmented>
    <object>
    <name>apple</name>
    <pose>Unspecified</pose>
    <truncated>0</truncated>
    <difficult>0</difficult>
    <bndbox>
        <xmin>56.919156170618116</xmin>
        <ymin>73.91438710232083</ymin>
        <xmax>110.76011457451312</xmax>
        <ymax>128.94002737902088</ymax>
    </bndbox>
</object><object>
    <name>hand</name>
    <pose>Unspecified</pose>
    <truncated>0</truncated>
    <difficult>0</difficult>
    <bndbox>
        <xmin>52.79728879766949</xmin>
        <ymin>32.249391717425844</ymin>
        <xmax>213.6968683792373</xmax>
        <ymax>176.73290188029662</ymax>
    </bndbox>
</object>
</annotation>