<annotation verified="yes">
    <folder>Annotation</folder>
    <filename>frame_134</filename>
    <path>openmv_auto_exposure-PascalVOC-export/Annotations/frame_134.jpg</path>
    <source>
        <database>Unknown</database>
    </source>
    <size>
        <width>320</width>
        <height>240</height>
        <depth>3</depth>
    </size>
    <segmented>0</segmented>
    <object>
    <name>apple</name>
    <pose>Unspecified</pose>
    <truncated>0</truncated>
    <difficult>0</difficult>
    <bndbox>
        <xmin>104.31720074152543</xmin>
        <ymin>76.64751059322033</ymin>
        <xmax>155.50619041313558</xmax>
        <ymax>138.30958686440678</ymax>
    </bndbox>
</object><object>
    <name>hand</name>
    <pose>Unspecified</pose>
    <truncated>0</truncated>
    <difficult>0</difficult>
    <bndbox>
        <xmin>102.81749867584746</xmin>
        <ymin>42.44454283633475</ymin>
        <xmax>241.6848185911017</xmax>
        <ymax>216.21926310911016</ymax>
    </bndbox>
</object>
</annotation>