<annotation verified="yes">
    <folder>Annotation</folder>
    <filename>frame_407</filename>
    <path>openmv_auto_exposure-PascalVOC-export/Annotations/frame_407.jpg</path>
    <source>
        <database>Unknown</database>
    </source>
    <size>
        <width>320</width>
        <height>240</height>
        <depth>3</depth>
    </size>
    <segmented>0</segmented>
    <object>
    <name>apple</name>
    <pose>Unspecified</pose>
    <truncated>0</truncated>
    <difficult>0</difficult>
    <bndbox>
        <xmin>218.5525688559322</xmin>
        <ymin>52.53609970868644</ymin>
        <xmax>276.524563029661</xmax>
        <ymax>118.13175317796609</ymax>
    </bndbox>
</object><object>
    <name>hand</name>
    <pose>Unspecified</pose>
    <truncated>0</truncated>
    <difficult>0</difficult>
    <bndbox>
        <xmin>211.1905124470339</xmin>
        <ymin>36.845463122351696</ymin>
        <xmax>320</xmax>
        <ymax>216.62380826271186</ymax>
    </bndbox>
</object>
</annotation>