<annotation verified="yes">
    <folder>Annotation</folder>
    <filename>frame_398</filename>
    <path>openmv_auto_exposure-PascalVOC-export/Annotations/frame_398.jpg</path>
    <source>
        <database>Unknown</database>
    </source>
    <size>
        <width>320</width>
        <height>240</height>
        <depth>3</depth>
    </size>
    <segmented>0</segmented>
    <object>
    <name>apple</name>
    <pose>Unspecified</pose>
    <truncated>0</truncated>
    <difficult>0</difficult>
    <bndbox>
        <xmin>57.15975900423729</xmin>
        <ymin>87.2106064618644</ymin>
        <xmax>108.52274231991525</xmax>
        <ymax>136.78326933262713</ymax>
    </bndbox>
</object><object>
    <name>hand</name>
    <pose>Unspecified</pose>
    <truncated>0</truncated>
    <difficult>0</difficult>
    <bndbox>
        <xmin>57.28959216101695</xmin>
        <ymin>61.60757911811441</ymin>
        <xmax>204.94309454449152</xmax>
        <ymax>215.21596927966104</ymax>
    </bndbox>
</object>
</annotation>