<annotation verified="yes">
    <folder>Annotation</folder>
    <filename>frame_453</filename>
    <path>openmv_auto_exposure-PascalVOC-export/Annotations/frame_453.jpg</path>
    <source>
        <database>Unknown</database>
    </source>
    <size>
        <width>320</width>
        <height>240</height>
        <depth>3</depth>
    </size>
    <segmented>0</segmented>
    <object>
    <name>apple</name>
    <pose>Unspecified</pose>
    <truncated>0</truncated>
    <difficult>0</difficult>
    <bndbox>
        <xmin>285.54733845338984</xmin>
        <ymin>186.3810248940678</ymin>
        <xmax>320</xmax>
        <ymax>239.24288268008473</ymax>
    </bndbox>
</object>
</annotation>