<annotation verified="yes">
    <folder>Annotation</folder>
    <filename>frame_281</filename>
    <path>openmv_auto_exposure-PascalVOC-export/Annotations/frame_281.jpg</path>
    <source>
        <database>Unknown</database>
    </source>
    <size>
        <width>320</width>
        <height>240</height>
        <depth>3</depth>
    </size>
    <segmented>0</segmented>
    <object>
    <name>apple</name>
    <pose>Unspecified</pose>
    <truncated>0</truncated>
    <difficult>0</difficult>
    <bndbox>
        <xmin>84.82440082097457</xmin>
        <ymin>106.08942167637711</ymin>
        <xmax>140.37956832627117</xmax>
        <ymax>160.88792703919492</ymax>
    </bndbox>
</object><object>
    <name>hand</name>
    <pose>Unspecified</pose>
    <truncated>0</truncated>
    <difficult>0</difficult>
    <bndbox>
        <xmin>84.04949020127118</xmin>
        <ymin>79.77275059586864</ymin>
        <xmax>244.60407838983048</xmax>
        <ymax>212.72578456038136</ymax>
    </bndbox>
</object>
</annotation>