<annotation verified="yes">
    <folder>Annotation</folder>
    <filename>frame_1287</filename>
    <path>openmv_auto_exposure-PascalVOC-export/Annotations/frame_1287.jpg</path>
    <source>
        <database>Unknown</database>
    </source>
    <size>
        <width>320</width>
        <height>240</height>
        <depth>3</depth>
    </size>
    <segmented>0</segmented>
    <object>
    <name>apple</name>
    <pose>Unspecified</pose>
    <truncated>0</truncated>
    <difficult>0</difficult>
    <bndbox>
        <xmin>272.12096133474574</xmin>
        <ymin>184.03204449152543</ymin>
        <xmax>320</xmax>
        <ymax>236.93011784957628</ymax>
    </bndbox>
</object>
</annotation>