<annotation verified="yes">
    <folder>Annotation</folder>
    <filename>frame_399</filename>
    <path>openmv_auto_exposure-PascalVOC-export/Annotations/frame_399.jpg</path>
    <source>
        <database>Unknown</database>
    </source>
    <size>
        <width>320</width>
        <height>240</height>
        <depth>3</depth>
    </size>
    <segmented>0</segmented>
    <object>
    <name>apple</name>
    <pose>Unspecified</pose>
    <truncated>0</truncated>
    <difficult>0</difficult>
    <bndbox>
        <xmin>134.04094941737287</xmin>
        <ymin>50.78118379237288</ymin>
        <xmax>192.68011784957628</xmax>
        <ymax>110.20913334216101</ymax>
    </bndbox>
</object><object>
    <name>hand</name>
    <pose>Unspecified</pose>
    <truncated>0</truncated>
    <difficult>0</difficult>
    <bndbox>
        <xmin>132.94248212394066</xmin>
        <ymin>34.60104525291314</ymin>
        <xmax>268.0346596927966</xmax>
        <ymax>203.3598715572034</ymax>
    </bndbox>
</object>
</annotation>