<annotation verified="yes">
    <folder>Annotation</folder>
    <filename>frame_1163</filename>
    <path>openmv_auto_exposure-PascalVOC-export/Annotations/frame_1163.jpg</path>
    <source>
        <database>Unknown</database>
    </source>
    <size>
        <width>320</width>
        <height>240</height>
        <depth>3</depth>
    </size>
    <segmented>0</segmented>
    <object>
    <name>apple</name>
    <pose>Unspecified</pose>
    <truncated>0</truncated>
    <difficult>0</difficult>
    <bndbox>
        <xmin>169.61587989936442</xmin>
        <ymin>80.09262447033899</ymin>
        <xmax>224.85242319915255</xmax>
        <ymax>131.06375794491527</ymax>
    </bndbox>
</object><object>
    <name>hand</name>
    <pose>Unspecified</pose>
    <truncated>0</truncated>
    <difficult>0</difficult>
    <bndbox>
        <xmin>158.90734242584745</xmin>
        <ymin>40.239928164724574</ymin>
        <xmax>287.0432997881356</xmax>
        <ymax>206.02542372881356</ymax>
    </bndbox>
</object>
</annotation>