<annotation verified="yes">
    <folder>Annotation</folder>
    <filename>frame_1553</filename>
    <path>openmv_auto_exposure-PascalVOC-export/Annotations/frame_1553.jpg</path>
    <source>
        <database>Unknown</database>
    </source>
    <size>
        <width>320</width>
        <height>240</height>
        <depth>3</depth>
    </size>
    <segmented>0</segmented>
    <object>
    <name>apple</name>
    <pose>Unspecified</pose>
    <truncated>0</truncated>
    <difficult>0</difficult>
    <bndbox>
        <xmin>98.36152674788136</xmin>
        <ymin>108.98922470868644</ymin>
        <xmax>147.21275820974577</xmax>
        <ymax>167.03838387182202</ymax>
    </bndbox>
</object><object>
    <name>hand</name>
    <pose>Unspecified</pose>
    <truncated>0</truncated>
    <difficult>0</difficult>
    <bndbox>
        <xmin>96.77194782838983</xmin>
        <ymin>84.37685381355932</ymin>
        <xmax>235.1920352224576</xmax>
        <ymax>232.01183461334745</ymax>
    </bndbox>
</object>
</annotation>