<annotation verified="yes">
    <folder>Annotation</folder>
    <filename>frame_116</filename>
    <path>openmv_auto_exposure-PascalVOC-export/Annotations/frame_116.jpg</path>
    <source>
        <database>Unknown</database>
    </source>
    <size>
        <width>320</width>
        <height>240</height>
        <depth>3</depth>
    </size>
    <segmented>0</segmented>
    <object>
    <name>apple</name>
    <pose>Unspecified</pose>
    <truncated>0</truncated>
    <difficult>0</difficult>
    <bndbox>
        <xmin>81.39913268008475</xmin>
        <ymin>94.52797272245763</ymin>
        <xmax>137.60538599046612</xmax>
        <ymax>157.47384798728814</ymax>
    </bndbox>
</object><object>
    <name>hand</name>
    <pose>Unspecified</pose>
    <truncated>0</truncated>
    <difficult>0</difficult>
    <bndbox>
        <xmin>78.09418034957628</xmin>
        <ymin>69.10805084745763</ymin>
        <xmax>226.8536811440678</xmax>
        <ymax>217.6494968220339</ymax>
    </bndbox>
</object>
</annotation>