<annotation verified="yes">
    <folder>Annotation</folder>
    <filename>frame_1372</filename>
    <path>openmv_auto_exposure-PascalVOC-export/Annotations/frame_1372.jpg</path>
    <source>
        <database>Unknown</database>
    </source>
    <size>
        <width>320</width>
        <height>240</height>
        <depth>3</depth>
    </size>
    <segmented>0</segmented>
    <object>
    <name>apple</name>
    <pose>Unspecified</pose>
    <truncated>0</truncated>
    <difficult>0</difficult>
    <bndbox>
        <xmin>109.35906051377118</xmin>
        <ymin>169.72849907309322</ymin>
        <xmax>172.38185248940678</xmax>
        <ymax>225.06595934851694</ymax>
    </bndbox>
</object><object>
    <name>hand</name>
    <pose>Unspecified</pose>
    <truncated>0</truncated>
    <difficult>0</difficult>
    <bndbox>
        <xmin>191.8055813029661</xmin>
        <ymin>172.28158103813558</ymin>
        <xmax>307.39986096398303</xmax>
        <ymax>237.50081104343218</ymax>
    </bndbox>
</object>
</annotation>