<annotation verified="yes">
    <folder>Annotation</folder>
    <filename>frame_1142</filename>
    <path>openmv_auto_exposure-PascalVOC-export/Annotations/frame_1142.jpg</path>
    <source>
        <database>Unknown</database>
    </source>
    <size>
        <width>320</width>
        <height>240</height>
        <depth>3</depth>
    </size>
    <segmented>0</segmented>
    <object>
    <name>apple</name>
    <pose>Unspecified</pose>
    <truncated>0</truncated>
    <difficult>0</difficult>
    <bndbox>
        <xmin>50.317680746822035</xmin>
        <ymin>72.62397378177965</ymin>
        <xmax>95.17531779661017</xmax>
        <ymax>126.3361692266949</ymax>
    </bndbox>
</object><object>
    <name>hand</name>
    <pose>Unspecified</pose>
    <truncated>0</truncated>
    <difficult>0</difficult>
    <bndbox>
        <xmin>50.317680746822035</xmin>
        <ymin>72.62397378177965</ymin>
        <xmax>95.17531779661017</xmax>
        <ymax>126.3361692266949</ymax>
    </bndbox>
</object>
</annotation>