<annotation verified="yes">
    <folder>Annotation</folder>
    <filename>frame_0</filename>
    <path>openmv_auto_exposure-PascalVOC-export/Annotations/frame_0.jpg</path>
    <source>
        <database>Unknown</database>
    </source>
    <size>
        <width>320</width>
        <height>240</height>
        <depth>3</depth>
    </size>
    <segmented>0</segmented>
    <object>
    <name>apple</name>
    <pose>Unspecified</pose>
    <truncated>0</truncated>
    <difficult>0</difficult>
    <bndbox>
        <xmin>85.92259935965284</xmin>
        <ymin>107.93851624224041</ymin>
        <xmax>146.34656474915326</xmax>
        <ymax>168.72164551883466</ymax>
    </bndbox>
</object>
</annotation>