<annotation verified="yes">
    <folder>Annotation</folder>
    <filename>frame_1015</filename>
    <path>openmv_auto_exposure-PascalVOC-export/Annotations/frame_1015.jpg</path>
    <source>
        <database>Unknown</database>
    </source>
    <size>
        <width>320</width>
        <height>240</height>
        <depth>3</depth>
    </size>
    <segmented>0</segmented>
    <object>
    <name>apple</name>
    <pose>Unspecified</pose>
    <truncated>0</truncated>
    <difficult>0</difficult>
    <bndbox>
        <xmin>42.23951166913633</xmin>
        <ymin>50.902154720125566</ymin>
        <xmax>86.8141901725233</xmax>
        <ymax>97.58211226280334</ymax>
    </bndbox>
</object><object>
    <name>hand</name>
    <pose>Unspecified</pose>
    <truncated>0</truncated>
    <difficult>0</difficult>
    <bndbox>
        <xmin>32.219047934322035</xmin>
        <ymin>10.972792803230933</ymin>
        <xmax>183.34355137711867</xmax>
        <ymax>163.08899960275423</ymax>
    </bndbox>
</object>
</annotation>