<annotation verified="yes">
    <folder>Annotation</folder>
    <filename>frame_1309</filename>
    <path>openmv_auto_exposure-PascalVOC-export/Annotations/frame_1309.jpg</path>
    <source>
        <database>Unknown</database>
    </source>
    <size>
        <width>320</width>
        <height>240</height>
        <depth>3</depth>
    </size>
    <segmented>0</segmented>
    <object>
    <name>apple</name>
    <pose>Unspecified</pose>
    <truncated>0</truncated>
    <difficult>0</difficult>
    <bndbox>
        <xmin>249.77615201271186</xmin>
        <ymin>201.1300483315678</ymin>
        <xmax>301.76300979872883</xmax>
        <ymax>240</ymax>
    </bndbox>
</object>
</annotation>