<annotation verified="yes">
    <folder>Annotation</folder>
    <filename>frame_1442</filename>
    <path>openmv_auto_exposure-PascalVOC-export/Annotations/frame_1442.jpg</path>
    <source>
        <database>Unknown</database>
    </source>
    <size>
        <width>320</width>
        <height>240</height>
        <depth>3</depth>
    </size>
    <segmented>0</segmented>
    <object>
    <name>apple</name>
    <pose>Unspecified</pose>
    <truncated>0</truncated>
    <difficult>0</difficult>
    <bndbox>
        <xmin>29.87849245233051</xmin>
        <ymin>119.82054422669492</ymin>
        <xmax>89.2307997881356</xmax>
        <ymax>179.5068359375</ymax>
    </bndbox>
</object><object>
    <name>hand</name>
    <pose>Unspecified</pose>
    <truncated>0</truncated>
    <difficult>0</difficult>
    <bndbox>
        <xmin>77.68895656779661</xmin>
        <ymin>160.21601893538136</ymin>
        <xmax>226.90072166313558</xmax>
        <ymax>239.10364804025426</ymax>
    </bndbox>
</object>
</annotation>