<annotation verified="yes">
    <folder>Annotation</folder>
    <filename>frame_1559</filename>
    <path>openmv_auto_exposure-PascalVOC-export/Annotations/frame_1559.jpg</path>
    <source>
        <database>Unknown</database>
    </source>
    <size>
        <width>320</width>
        <height>240</height>
        <depth>3</depth>
    </size>
    <segmented>0</segmented>
    <object>
    <name>apple</name>
    <pose>Unspecified</pose>
    <truncated>0</truncated>
    <difficult>0</difficult>
    <bndbox>
        <xmin>126.8092392743644</xmin>
        <ymin>84.99044954978814</ymin>
        <xmax>185.5243313029661</xmax>
        <ymax>145.6561506885593</ymax>
    </bndbox>
</object><object>
    <name>hand</name>
    <pose>Unspecified</pose>
    <truncated>0</truncated>
    <difficult>0</difficult>
    <bndbox>
        <xmin>114.4112155720339</xmin>
        <ymin>63.97206865730932</ymin>
        <xmax>265.48000529661016</xmax>
        <ymax>225.5107421875</ymax>
    </bndbox>
</object>
</annotation>