<annotation verified="yes">
    <folder>Annotation</folder>
    <filename>frame_1558</filename>
    <path>openmv_auto_exposure-PascalVOC-export/Annotations/frame_1558.jpg</path>
    <source>
        <database>Unknown</database>
    </source>
    <size>
        <width>320</width>
        <height>240</height>
        <depth>3</depth>
    </size>
    <segmented>0</segmented>
    <object>
    <name>apple</name>
    <pose>Unspecified</pose>
    <truncated>0</truncated>
    <difficult>0</difficult>
    <bndbox>
        <xmin>124.14853681144068</xmin>
        <ymin>83.36728681144068</ymin>
        <xmax>187.93389168432202</xmax>
        <ymax>145.17255362817798</ymax>
    </bndbox>
</object><object>
    <name>hand</name>
    <pose>Unspecified</pose>
    <truncated>0</truncated>
    <difficult>0</difficult>
    <bndbox>
        <xmin>112.2767809851695</xmin>
        <ymin>63.83071537341102</ymin>
        <xmax>265.70203257415255</xmax>
        <ymax>225.1462360963983</ymax>
    </bndbox>
</object>
</annotation>