<annotation verified="yes">
    <folder>Annotation</folder>
    <filename>frame_520</filename>
    <path>openmv_auto_exposure-PascalVOC-export/Annotations/frame_520.jpg</path>
    <source>
        <database>Unknown</database>
    </source>
    <size>
        <width>320</width>
        <height>240</height>
        <depth>3</depth>
    </size>
    <segmented>0</segmented>
    <object>
    <name>apple</name>
    <pose>Unspecified</pose>
    <truncated>0</truncated>
    <difficult>0</difficult>
    <bndbox>
        <xmin>189.61748543432202</xmin>
        <ymin>166.91017280190678</ymin>
        <xmax>246.23556673728814</xmax>
        <ymax>224.57127251059322</ymax>
    </bndbox>
</object><object>
    <name>hand</name>
    <pose>Unspecified</pose>
    <truncated>0</truncated>
    <difficult>0</difficult>
    <bndbox>
        <xmin>249.4278998940678</xmin>
        <ymin>160.0248113082627</ymin>
        <xmax>320</xmax>
        <ymax>240</ymax>
    </bndbox>
</object>
</annotation>