<annotation verified="yes">
    <folder>Annotation</folder>
    <filename>frame_260</filename>
    <path>openmv_auto_exposure-PascalVOC-export/Annotations/frame_260.jpg</path>
    <source>
        <database>Unknown</database>
    </source>
    <size>
        <width>320</width>
        <height>240</height>
        <depth>3</depth>
    </size>
    <segmented>0</segmented>
    <object>
    <name>apple</name>
    <pose>Unspecified</pose>
    <truncated>0</truncated>
    <difficult>0</difficult>
    <bndbox>
        <xmin>73.79189287605932</xmin>
        <ymin>108.19110831567797</ymin>
        <xmax>130.6498940677966</xmax>
        <ymax>164.64085672669492</ymax>
    </bndbox>
</object><object>
    <name>hand</name>
    <pose>Unspecified</pose>
    <truncated>0</truncated>
    <difficult>0</difficult>
    <bndbox>
        <xmin>69.33083951271186</xmin>
        <ymin>60.07215803760593</ymin>
        <xmax>231.43054819915253</xmax>
        <ymax>218.63201800847457</ymax>
    </bndbox>
</object>
</annotation>