<annotation verified="yes">
    <folder>Annotation</folder>
    <filename>frame_128</filename>
    <path>openmv_auto_exposure-PascalVOC-export/Annotations/frame_128.jpg</path>
    <source>
        <database>Unknown</database>
    </source>
    <size>
        <width>320</width>
        <height>240</height>
        <depth>3</depth>
    </size>
    <segmented>0</segmented>
    <object>
    <name>apple</name>
    <pose>Unspecified</pose>
    <truncated>0</truncated>
    <difficult>0</difficult>
    <bndbox>
        <xmin>98.98407706567797</xmin>
        <ymin>73.2518786414195</ymin>
        <xmax>155.04685844809322</xmax>
        <ymax>136.307468220339</ymax>
    </bndbox>
</object><object>
    <name>hand</name>
    <pose>Unspecified</pose>
    <truncated>0</truncated>
    <difficult>0</difficult>
    <bndbox>
        <xmin>96.3645888506356</xmin>
        <ymin>47.510386321504235</ymin>
        <xmax>238.78439486228814</xmax>
        <ymax>205.3206269862288</ymax>
    </bndbox>
</object>
</annotation>