<annotation verified="yes">
    <folder>Annotation</folder>
    <filename>frame_1322</filename>
    <path>openmv_auto_exposure-PascalVOC-export/Annotations/frame_1322.jpg</path>
    <source>
        <database>Unknown</database>
    </source>
    <size>
        <width>320</width>
        <height>240</height>
        <depth>3</depth>
    </size>
    <segmented>0</segmented>
    <object>
    <name>apple</name>
    <pose>Unspecified</pose>
    <truncated>0</truncated>
    <difficult>0</difficult>
    <bndbox>
        <xmin>180.03843352754237</xmin>
        <ymin>179.0095173463983</ymin>
        <xmax>242.72331832627117</xmax>
        <ymax>238.67962129237287</ymax>
    </bndbox>
</object>
</annotation>