<annotation verified="yes">
    <folder>Annotation</folder>
    <filename>frame_109</filename>
    <path>openmv_auto_exposure-PascalVOC-export/Annotations/frame_109.jpg</path>
    <source>
        <database>Unknown</database>
    </source>
    <size>
        <width>320</width>
        <height>240</height>
        <depth>3</depth>
    </size>
    <segmented>0</segmented>
    <object>
    <name>apple</name>
    <pose>Unspecified</pose>
    <truncated>0</truncated>
    <difficult>0</difficult>
    <bndbox>
        <xmin>52.10150296359018</xmin>
        <ymin>130.13433796557564</ymin>
        <xmax>107.39376058425063</xmax>
        <ymax>185.31447296487022</ymax>
    </bndbox>
</object><object>
    <name>hand</name>
    <pose>Unspecified</pose>
    <truncated>0</truncated>
    <difficult>0</difficult>
    <bndbox>
        <xmin>50.011917372881356</xmin>
        <ymin>86.58687268273304</ymin>
        <xmax>209.82229872881356</xmax>
        <ymax>228.22321901483048</ymax>
    </bndbox>
</object>
</annotation>