<annotation verified="yes">
    <folder>Annotation</folder>
    <filename>frame_402</filename>
    <path>openmv_auto_exposure-PascalVOC-export/Annotations/frame_402.jpg</path>
    <source>
        <database>Unknown</database>
    </source>
    <size>
        <width>320</width>
        <height>240</height>
        <depth>3</depth>
    </size>
    <segmented>0</segmented>
    <object>
    <name>apple</name>
    <pose>Unspecified</pose>
    <truncated>0</truncated>
    <difficult>0</difficult>
    <bndbox>
        <xmin>133.75291313559322</xmin>
        <ymin>52.651929952330505</ymin>
        <xmax>191.66124867584745</xmax>
        <ymax>110.03075344279661</ymax>
    </bndbox>
</object><object>
    <name>hand</name>
    <pose>Unspecified</pose>
    <truncated>0</truncated>
    <difficult>0</difficult>
    <bndbox>
        <xmin>137.1177668167373</xmin>
        <ymin>32.87720554157839</ymin>
        <xmax>264.97067002118644</xmax>
        <ymax>201.64729541843218</ymax>
    </bndbox>
</object>
</annotation>