<annotation verified="yes">
    <folder>Annotation</folder>
    <filename>frame_305</filename>
    <path>openmv_auto_exposure-PascalVOC-export/Annotations/frame_305.jpg</path>
    <source>
        <database>Unknown</database>
    </source>
    <size>
        <width>320</width>
        <height>240</height>
        <depth>3</depth>
    </size>
    <segmented>0</segmented>
    <object>
    <name>apple</name>
    <pose>Unspecified</pose>
    <truncated>0</truncated>
    <difficult>0</difficult>
    <bndbox>
        <xmin>59.40625</xmin>
        <ymin>113.87761520127118</ymin>
        <xmax>113.12185513771186</xmax>
        <ymax>165.70666710805085</ymax>
    </bndbox>
</object><object>
    <name>hand</name>
    <pose>Unspecified</pose>
    <truncated>0</truncated>
    <difficult>0</difficult>
    <bndbox>
        <xmin>60.92861162605932</xmin>
        <ymin>75.43648205773304</ymin>
        <xmax>214.27161679025426</xmax>
        <ymax>216.4017644332627</ymax>
    </bndbox>
</object>
</annotation>