<annotation verified="yes">
    <folder>Annotation</folder>
    <filename>frame_24</filename>
    <path>openmv_auto_exposure-PascalVOC-export/Annotations/frame_24.jpg</path>
    <source>
        <database>Unknown</database>
    </source>
    <size>
        <width>320</width>
        <height>240</height>
        <depth>3</depth>
    </size>
    <segmented>0</segmented>
    <object>
    <name>apple</name>
    <pose>Unspecified</pose>
    <truncated>0</truncated>
    <difficult>0</difficult>
    <bndbox>
        <xmin>86.37384136652543</xmin>
        <ymin>110.68458686440678</ymin>
        <xmax>144.901218220339</xmax>
        <ymax>164.76694915254237</ymax>
    </bndbox>
</object>
</annotation>