<annotation verified="yes">
    <folder>Annotation</folder>
    <filename>frame_1144</filename>
    <path>openmv_auto_exposure-PascalVOC-export/Annotations/frame_1144.jpg</path>
    <source>
        <database>Unknown</database>
    </source>
    <size>
        <width>320</width>
        <height>240</height>
        <depth>3</depth>
    </size>
    <segmented>0</segmented>
    <object>
    <name>apple</name>
    <pose>Unspecified</pose>
    <truncated>0</truncated>
    <difficult>0</difficult>
    <bndbox>
        <xmin>51.487106064618644</xmin>
        <ymin>72.55541578389831</ymin>
        <xmax>95.2482951536017</xmax>
        <ymax>126.80061573093221</ymax>
    </bndbox>
</object><object>
    <name>hand</name>
    <pose>Unspecified</pose>
    <truncated>0</truncated>
    <difficult>0</difficult>
    <bndbox>
        <xmin>52.01211599576271</xmin>
        <ymin>45.45310844809322</ymin>
        <xmax>193.48920815677965</xmax>
        <ymax>213.43258408368644</ymax>
    </bndbox>
</object>
</annotation>