<annotation verified="yes">
    <folder>Annotation</folder>
    <filename>frame_1740</filename>
    <path>openmv_auto_exposure-PascalVOC-export/Annotations/frame_1740.jpg</path>
    <source>
        <database>Unknown</database>
    </source>
    <size>
        <width>320</width>
        <height>240</height>
        <depth>3</depth>
    </size>
    <segmented>0</segmented>
    <object>
    <name>apple</name>
    <pose>Unspecified</pose>
    <truncated>0</truncated>
    <difficult>0</difficult>
    <bndbox>
        <xmin>120.021484375</xmin>
        <ymin>90.84780521716101</ymin>
        <xmax>177.9974841101695</xmax>
        <ymax>153.6314221398305</ymax>
    </bndbox>
</object><object>
    <name>hand</name>
    <pose>Unspecified</pose>
    <truncated>0</truncated>
    <difficult>0</difficult>
    <bndbox>
        <xmin>172.35220802436442</xmin>
        <ymin>101.96673894332628</ymin>
        <xmax>290.999702065678</xmax>
        <ymax>238.64646782309322</ymax>
    </bndbox>
</object>
</annotation>