<annotation verified="yes">
    <folder>Annotation</folder>
    <filename>frame_1457</filename>
    <path>openmv_auto_exposure-PascalVOC-export/Annotations/frame_1457.jpg</path>
    <source>
        <database>Unknown</database>
    </source>
    <size>
        <width>320</width>
        <height>240</height>
        <depth>3</depth>
    </size>
    <segmented>0</segmented>
    <object>
    <name>apple</name>
    <pose>Unspecified</pose>
    <truncated>0</truncated>
    <difficult>0</difficult>
    <bndbox>
        <xmin>60.67435778601695</xmin>
        <ymin>72.4308213056144</ymin>
        <xmax>118.67238810911016</xmax>
        <ymax>134.7314453125</ymax>
    </bndbox>
</object><object>
    <name>hand</name>
    <pose>Unspecified</pose>
    <truncated>0</truncated>
    <difficult>0</difficult>
    <bndbox>
        <xmin>73.28893008474576</xmin>
        <ymin>51.82488082627118</ymin>
        <xmax>219.10834878177968</xmax>
        <ymax>213.79437566207628</ymax>
    </bndbox>
</object>
</annotation>