<annotation verified="yes">
    <folder>Annotation</folder>
    <filename>frame_1468</filename>
    <path>openmv_auto_exposure-PascalVOC-export/Annotations/frame_1468.jpg</path>
    <source>
        <database>Unknown</database>
    </source>
    <size>
        <width>320</width>
        <height>240</height>
        <depth>3</depth>
    </size>
    <segmented>0</segmented>
    <object>
    <name>apple</name>
    <pose>Unspecified</pose>
    <truncated>0</truncated>
    <difficult>0</difficult>
    <bndbox>
        <xmin>79.30213850635593</xmin>
        <ymin>37.806640625</ymin>
        <xmax>145.76744570974574</xmax>
        <ymax>103.31458554025424</ymax>
    </bndbox>
</object><object>
    <name>hand</name>
    <pose>Unspecified</pose>
    <truncated>0</truncated>
    <difficult>0</difficult>
    <bndbox>
        <xmin>82.78972457627118</xmin>
        <ymin>24.31516071901483</ymin>
        <xmax>223.7456965042373</xmax>
        <ymax>179.6800350900424</ymax>
    </bndbox>
</object>
</annotation>