<annotation verified="yes">
    <folder>Annotation</folder>
    <filename>frame_1016</filename>
    <path>openmv_auto_exposure-PascalVOC-export/Annotations/frame_1016.jpg</path>
    <source>
        <database>Unknown</database>
    </source>
    <size>
        <width>320</width>
        <height>240</height>
        <depth>3</depth>
    </size>
    <segmented>0</segmented>
    <object>
    <name>apple</name>
    <pose>Unspecified</pose>
    <truncated>0</truncated>
    <difficult>0</difficult>
    <bndbox>
        <xmin>43.242038658975446</xmin>
        <ymin>48.838890885122744</ymin>
        <xmax>88.95101807260795</xmax>
        <ymax>94.62593026946954</ymax>
    </bndbox>
</object><object>
    <name>hand</name>
    <pose>Unspecified</pose>
    <truncated>0</truncated>
    <difficult>0</difficult>
    <bndbox>
        <xmin>35.040287341101696</xmin>
        <ymin>14.32763671875</ymin>
        <xmax>185.16105005296612</xmax>
        <ymax>164.9919392213983</ymax>
    </bndbox>
</object>
</annotation>