<annotation verified="yes">
    <folder>Annotation</folder>
    <filename>frame_528</filename>
    <path>openmv_auto_exposure-PascalVOC-export/Annotations/frame_528.jpg</path>
    <source>
        <database>Unknown</database>
    </source>
    <size>
        <width>320</width>
        <height>240</height>
        <depth>3</depth>
    </size>
    <segmented>0</segmented>
    <object>
    <name>apple</name>
    <pose>Unspecified</pose>
    <truncated>0</truncated>
    <difficult>0</difficult>
    <bndbox>
        <xmin>158.79449152542372</xmin>
        <ymin>151.4693293167373</ymin>
        <xmax>216.19885460805085</xmax>
        <ymax>210.97434454449152</ymax>
    </bndbox>
</object><object>
    <name>hand</name>
    <pose>Unspecified</pose>
    <truncated>0</truncated>
    <difficult>0</difficult>
    <bndbox>
        <xmin>174.74498477224577</xmin>
        <ymin>140.08072364936442</ymin>
        <xmax>287.53780455508473</xmax>
        <ymax>240</ymax>
    </bndbox>
</object>
</annotation>