<annotation verified="yes">
    <folder>Annotation</folder>
    <filename>frame_1331</filename>
    <path>openmv_auto_exposure-PascalVOC-export/Annotations/frame_1331.jpg</path>
    <source>
        <database>Unknown</database>
    </source>
    <size>
        <width>320</width>
        <height>240</height>
        <depth>3</depth>
    </size>
    <segmented>0</segmented>
    <object>
    <name>apple</name>
    <pose>Unspecified</pose>
    <truncated>0</truncated>
    <difficult>0</difficult>
    <bndbox>
        <xmin>163.5467922404661</xmin>
        <ymin>176.88617253707628</ymin>
        <xmax>223.50066207627117</xmax>
        <ymax>234.01605534957628</ymax>
    </bndbox>
</object>
</annotation>