<annotation verified="yes">
    <folder>Annotation</folder>
    <filename>frame_1454</filename>
    <path>openmv_auto_exposure-PascalVOC-export/Annotations/frame_1454.jpg</path>
    <source>
        <database>Unknown</database>
    </source>
    <size>
        <width>320</width>
        <height>240</height>
        <depth>3</depth>
    </size>
    <segmented>0</segmented>
    <object>
    <name>apple</name>
    <pose>Unspecified</pose>
    <truncated>0</truncated>
    <difficult>0</difficult>
    <bndbox>
        <xmin>41.75705938824152</xmin>
        <ymin>97.48826469809322</ymin>
        <xmax>100.6368015095339</xmax>
        <ymax>159.28095206567798</ymax>
    </bndbox>
</object><object>
    <name>hand</name>
    <pose>Unspecified</pose>
    <truncated>0</truncated>
    <difficult>0</difficult>
    <bndbox>
        <xmin>45.28194518008475</xmin>
        <ymin>91.11277641684322</ymin>
        <xmax>204.0493246822034</xmax>
        <ymax>229.88577529131356</ymax>
    </bndbox>
</object>
</annotation>