<annotation verified="yes">
    <folder>Annotation</folder>
    <filename>frame_526</filename>
    <path>openmv_auto_exposure-PascalVOC-export/Annotations/frame_526.jpg</path>
    <source>
        <database>Unknown</database>
    </source>
    <size>
        <width>320</width>
        <height>240</height>
        <depth>3</depth>
    </size>
    <segmented>0</segmented>
    <object>
    <name>apple</name>
    <pose>Unspecified</pose>
    <truncated>0</truncated>
    <difficult>0</difficult>
    <bndbox>
        <xmin>175.96765757415255</xmin>
        <ymin>159.2169623940678</ymin>
        <xmax>234.4457097457627</xmax>
        <ymax>215.9822563559322</ymax>
    </bndbox>
</object><object>
    <name>hand</name>
    <pose>Unspecified</pose>
    <truncated>0</truncated>
    <difficult>0</difficult>
    <bndbox>
        <xmin>217.56140757415255</xmin>
        <ymin>144.3701171875</ymin>
        <xmax>314.0919623940678</xmax>
        <ymax>240</ymax>
    </bndbox>
</object>
</annotation>