<annotation verified="yes">
    <folder>Annotation</folder>
    <filename>frame_1152</filename>
    <path>openmv_auto_exposure-PascalVOC-export/Annotations/frame_1152.jpg</path>
    <source>
        <database>Unknown</database>
    </source>
    <size>
        <width>320</width>
        <height>240</height>
        <depth>3</depth>
    </size>
    <segmented>0</segmented>
    <object>
    <name>apple</name>
    <pose>Unspecified</pose>
    <truncated>0</truncated>
    <difficult>0</difficult>
    <bndbox>
        <xmin>77.3490466101695</xmin>
        <ymin>86.0897609904661</ymin>
        <xmax>136.34444518008473</xmax>
        <ymax>145.1730170815678</ymax>
    </bndbox>
</object><object>
    <name>hand</name>
    <pose>Unspecified</pose>
    <truncated>0</truncated>
    <difficult>0</difficult>
    <bndbox>
        <xmin>73.13124006885593</xmin>
        <ymin>68.16529561705508</ymin>
        <xmax>227.2677436440678</xmax>
        <ymax>207.55369438559322</ymax>
    </bndbox>
</object>
</annotation>