<annotation verified="yes">
    <folder>Annotation</folder>
    <filename>frame_1028</filename>
    <path>openmv_auto_exposure-PascalVOC-export/Annotations/frame_1028.jpg</path>
    <source>
        <database>Unknown</database>
    </source>
    <size>
        <width>320</width>
        <height>240</height>
        <depth>3</depth>
    </size>
    <segmented>0</segmented>
    <object>
    <name>apple</name>
    <pose>Unspecified</pose>
    <truncated>0</truncated>
    <difficult>0</difficult>
    <bndbox>
        <xmin>56.41918263124471</xmin>
        <ymin>74.51664289556292</ymin>
        <xmax>110.18836658552075</xmax>
        <ymax>124.42632464200057</ymax>
    </bndbox>
</object><object>
    <name>hand</name>
    <pose>Unspecified</pose>
    <truncated>0</truncated>
    <difficult>0</difficult>
    <bndbox>
        <xmin>54.436275158898304</xmin>
        <ymin>33.21483547404661</ymin>
        <xmax>214.34792108050846</xmax>
        <ymax>178.06091101694915</ymax>
    </bndbox>
</object>
</annotation>