<annotation verified="yes">
    <folder>Annotation</folder>
    <filename>frame_273</filename>
    <path>openmv_auto_exposure-PascalVOC-export/Annotations/frame_273.jpg</path>
    <source>
        <database>Unknown</database>
    </source>
    <size>
        <width>320</width>
        <height>240</height>
        <depth>3</depth>
    </size>
    <segmented>0</segmented>
    <object>
    <name>apple</name>
    <pose>Unspecified</pose>
    <truncated>0</truncated>
    <difficult>0</difficult>
    <bndbox>
        <xmin>79.70107256355932</xmin>
        <ymin>112.93331236758475</ymin>
        <xmax>141.65807070974577</xmax>
        <ymax>167.3907243114407</ymax>
    </bndbox>
</object>
</annotation>