<annotation verified="yes">
    <folder>Annotation</folder>
    <filename>frame_1363</filename>
    <path>openmv_auto_exposure-PascalVOC-export/Annotations/frame_1363.jpg</path>
    <source>
        <database>Unknown</database>
    </source>
    <size>
        <width>320</width>
        <height>240</height>
        <depth>3</depth>
    </size>
    <segmented>0</segmented>
    <object>
    <name>apple</name>
    <pose>Unspecified</pose>
    <truncated>0</truncated>
    <difficult>0</difficult>
    <bndbox>
        <xmin>197.5461467161017</xmin>
        <ymin>169.76764433262713</ymin>
        <xmax>252.77734375</xmax>
        <ymax>225.15749139300848</ymax>
    </bndbox>
</object><object>
    <name>hand</name>
    <pose>Unspecified</pose>
    <truncated>0</truncated>
    <difficult>0</difficult>
    <bndbox>
        <xmin>216.94918564618644</xmin>
        <ymin>169.73463983050848</ymin>
        <xmax>318.9816273834746</xmax>
        <ymax>237.08328919491527</ymax>
    </bndbox>
</object>
</annotation>