<annotation verified="yes">
    <folder>Annotation</folder>
    <filename>frame_1041</filename>
    <path>openmv_auto_exposure-PascalVOC-export/Annotations/frame_1041.jpg</path>
    <source>
        <database>Unknown</database>
    </source>
    <size>
        <width>320</width>
        <height>240</height>
        <depth>3</depth>
    </size>
    <segmented>0</segmented>
    <object>
    <name>apple</name>
    <pose>Unspecified</pose>
    <truncated>0</truncated>
    <difficult>0</difficult>
    <bndbox>
        <xmin>55.15471197607959</xmin>
        <ymin>64.06717339164786</ymin>
        <xmax>119.13941773391193</xmax>
        <ymax>125.41955814404628</ymax>
    </bndbox>
</object><object>
    <name>hand</name>
    <pose>Unspecified</pose>
    <truncated>0</truncated>
    <difficult>0</difficult>
    <bndbox>
        <xmin>81.27671477754237</xmin>
        <ymin>35.88197249073093</ymin>
        <xmax>244.67253707627117</xmax>
        <ymax>188.55040055614407</ymax>
    </bndbox>
</object>
</annotation>