<annotation verified="yes">
    <folder>Annotation</folder>
    <filename>frame_1560</filename>
    <path>openmv_auto_exposure-PascalVOC-export/Annotations/frame_1560.jpg</path>
    <source>
        <database>Unknown</database>
    </source>
    <size>
        <width>320</width>
        <height>240</height>
        <depth>3</depth>
    </size>
    <segmented>0</segmented>
    <object>
    <name>apple</name>
    <pose>Unspecified</pose>
    <truncated>0</truncated>
    <difficult>0</difficult>
    <bndbox>
        <xmin>127.07405323093221</xmin>
        <ymin>86.31260758739407</ymin>
        <xmax>184.36566472457628</xmax>
        <ymax>144.36073225635593</ymax>
    </bndbox>
</object><object>
    <name>hand</name>
    <pose>Unspecified</pose>
    <truncated>0</truncated>
    <difficult>0</difficult>
    <bndbox>
        <xmin>113.24834480932203</xmin>
        <ymin>62.58833752648305</ymin>
        <xmax>265.4476959745763</xmax>
        <ymax>222.82398702330508</ymax>
    </bndbox>
</object>
</annotation>