<annotation verified="yes">
    <folder>Annotation</folder>
    <filename>frame_279</filename>
    <path>openmv_auto_exposure-PascalVOC-export/Annotations/frame_279.jpg</path>
    <source>
        <database>Unknown</database>
    </source>
    <size>
        <width>320</width>
        <height>240</height>
        <depth>3</depth>
    </size>
    <segmented>0</segmented>
    <object>
    <name>apple</name>
    <pose>Unspecified</pose>
    <truncated>0</truncated>
    <difficult>0</difficult>
    <bndbox>
        <xmin>82.98161083156779</xmin>
        <ymin>105.37466068591101</ymin>
        <xmax>144.68495100635593</xmax>
        <ymax>159.5179753707627</ymax>
    </bndbox>
</object><object>
    <name>hand</name>
    <pose>Unspecified</pose>
    <truncated>0</truncated>
    <difficult>0</difficult>
    <bndbox>
        <xmin>81.06057997881356</xmin>
        <ymin>78.46087956832628</ymin>
        <xmax>242.44544491525423</xmax>
        <ymax>216.37311308262713</ymax>
    </bndbox>
</object>
</annotation>