<annotation verified="yes">
    <folder>Annotation</folder>
    <filename>frame_1216</filename>
    <path>openmv_auto_exposure-PascalVOC-export/Annotations/frame_1216.jpg</path>
    <source>
        <database>Unknown</database>
    </source>
    <size>
        <width>320</width>
        <height>240</height>
        <depth>3</depth>
    </size>
    <segmented>0</segmented>
    <object>
    <name>apple</name>
    <pose>Unspecified</pose>
    <truncated>0</truncated>
    <difficult>0</difficult>
    <bndbox>
        <xmin>120.64666644597457</xmin>
        <ymin>108.17506951800847</ymin>
        <xmax>177.6271186440678</xmax>
        <ymax>170.57627118644066</ymax>
    </bndbox>
</object><object>
    <name>hand</name>
    <pose>Unspecified</pose>
    <truncated>0</truncated>
    <difficult>0</difficult>
    <bndbox>
        <xmin>141.1505561440678</xmin>
        <ymin>75.4393786414195</ymin>
        <xmax>284.9562367584746</xmax>
        <ymax>229.43463652012713</ymax>
    </bndbox>
</object>
</annotation>