<annotation verified="yes">
    <folder>Annotation</folder>
    <filename>frame_1554</filename>
    <path>openmv_auto_exposure-PascalVOC-export/Annotations/frame_1554.jpg</path>
    <source>
        <database>Unknown</database>
    </source>
    <size>
        <width>320</width>
        <height>240</height>
        <depth>3</depth>
    </size>
    <segmented>0</segmented>
    <object>
    <name>apple</name>
    <pose>Unspecified</pose>
    <truncated>0</truncated>
    <difficult>0</difficult>
    <bndbox>
        <xmin>96.57349046610169</xmin>
        <ymin>109.05991790254237</ymin>
        <xmax>148.66585010593218</xmax>
        <ymax>164.7362288135593</ymax>
    </bndbox>
</object><object>
    <name>hand</name>
    <pose>Unspecified</pose>
    <truncated>0</truncated>
    <difficult>0</difficult>
    <bndbox>
        <xmin>98.15668034957628</xmin>
        <ymin>85.9825046345339</ymin>
        <xmax>236.38466631355934</xmax>
        <ymax>234.61554886122883</ymax>
    </bndbox>
</object>
</annotation>