<annotation verified="yes">
    <folder>Annotation</folder>
    <filename>frame_1389</filename>
    <path>openmv_auto_exposure-PascalVOC-export/Annotations/frame_1389.jpg</path>
    <source>
        <database>Unknown</database>
    </source>
    <size>
        <width>320</width>
        <height>240</height>
        <depth>3</depth>
    </size>
    <segmented>0</segmented>
    <object>
    <name>apple</name>
    <pose>Unspecified</pose>
    <truncated>0</truncated>
    <difficult>0</difficult>
    <bndbox>
        <xmin>44.402211334745765</xmin>
        <ymin>142.84101893538136</ymin>
        <xmax>104.37337791313558</xmax>
        <ymax>201.67695643538136</ymax>
    </bndbox>
</object><object>
    <name>hand</name>
    <pose>Unspecified</pose>
    <truncated>0</truncated>
    <difficult>0</difficult>
    <bndbox>
        <xmin>211.75635593220338</xmin>
        <ymin>177.10632944915255</ymin>
        <xmax>317.0701469809322</xmax>
        <ymax>237.6100370762712</ymax>
    </bndbox>
</object>
</annotation>