<annotation verified="yes">
    <folder>Annotation</folder>
    <filename>frame_524</filename>
    <path>openmv_auto_exposure-PascalVOC-export/Annotations/frame_524.jpg</path>
    <source>
        <database>Unknown</database>
    </source>
    <size>
        <width>320</width>
        <height>240</height>
        <depth>3</depth>
    </size>
    <segmented>0</segmented>
    <object>
    <name>apple</name>
    <pose>Unspecified</pose>
    <truncated>0</truncated>
    <difficult>0</difficult>
    <bndbox>
        <xmin>178.4217094809322</xmin>
        <ymin>159.34767280190678</ymin>
        <xmax>234.38271318855934</xmax>
        <ymax>216.61192399364407</ymax>
    </bndbox>
</object><object>
    <name>hand</name>
    <pose>Unspecified</pose>
    <truncated>0</truncated>
    <difficult>0</difficult>
    <bndbox>
        <xmin>214.842922404661</xmin>
        <ymin>145.11473781779662</ymin>
        <xmax>314.12708554025426</xmax>
        <ymax>240</ymax>
    </bndbox>
</object>
</annotation>