<annotation verified="yes">
    <folder>Annotation</folder>
    <filename>frame_1187</filename>
    <path>openmv_auto_exposure-PascalVOC-export/Annotations/frame_1187.jpg</path>
    <source>
        <database>Unknown</database>
    </source>
    <size>
        <width>320</width>
        <height>240</height>
        <depth>3</depth>
    </size>
    <segmented>0</segmented>
    <object>
    <name>apple</name>
    <pose>Unspecified</pose>
    <truncated>0</truncated>
    <difficult>0</difficult>
    <bndbox>
        <xmin>150.1128840042373</xmin>
        <ymin>80.01418498411017</ymin>
        <xmax>206.498874470339</xmax>
        <ymax>147.40300582627117</ymax>
    </bndbox>
</object><object>
    <name>hand</name>
    <pose>Unspecified</pose>
    <truncated>0</truncated>
    <difficult>0</difficult>
    <bndbox>
        <xmin>136.92596332097457</xmin>
        <ymin>56.51322497351695</ymin>
        <xmax>285.58775820974574</xmax>
        <ymax>209.27901549258473</ymax>
    </bndbox>
</object>
</annotation>