<annotation verified="yes">
    <folder>Annotation</folder>
    <filename>frame_1286</filename>
    <path>openmv_auto_exposure-PascalVOC-export/Annotations/frame_1286.jpg</path>
    <source>
        <database>Unknown</database>
    </source>
    <size>
        <width>320</width>
        <height>240</height>
        <depth>3</depth>
    </size>
    <segmented>0</segmented>
    <object>
    <name>apple</name>
    <pose>Unspecified</pose>
    <truncated>0</truncated>
    <difficult>0</difficult>
    <bndbox>
        <xmin>275.9691472457627</xmin>
        <ymin>181.62435447563558</ymin>
        <xmax>320</xmax>
        <ymax>236.26094081038136</ymax>
    </bndbox>
</object>
</annotation>