<annotation verified="yes">
    <folder>Annotation</folder>
    <filename>frame_19</filename>
    <path>openmv_auto_exposure-PascalVOC-export/Annotations/frame_19.jpg</path>
    <source>
        <database>Unknown</database>
    </source>
    <size>
        <width>320</width>
        <height>240</height>
        <depth>3</depth>
    </size>
    <segmented>0</segmented>
    <object>
    <name>apple</name>
    <pose>Unspecified</pose>
    <truncated>0</truncated>
    <difficult>0</difficult>
    <bndbox>
        <xmin>85.73475569385593</xmin>
        <ymin>109.72775423728814</ymin>
        <xmax>146.3291015625</xmax>
        <ymax>168.4792439088983</ymax>
    </bndbox>
</object>
</annotation>