<annotation verified="yes">
    <folder>Annotation</folder>
    <filename>frame_1602</filename>
    <path>openmv_auto_exposure-PascalVOC-export/Annotations/frame_1602.jpg</path>
    <source>
        <database>Unknown</database>
    </source>
    <size>
        <width>320</width>
        <height>240</height>
        <depth>3</depth>
    </size>
    <segmented>0</segmented>
    <object>
    <name>apple</name>
    <pose>Unspecified</pose>
    <truncated>0</truncated>
    <difficult>0</difficult>
    <bndbox>
        <xmin>118.01201668432203</xmin>
        <ymin>89.31213585805085</ymin>
        <xmax>178.21908103813558</xmax>
        <ymax>152.75566075211864</ymax>
    </bndbox>
</object>
</annotation>