<annotation verified="yes">
    <folder>Annotation</folder>
    <filename>frame_1183</filename>
    <path>openmv_auto_exposure-PascalVOC-export/Annotations/frame_1183.jpg</path>
    <source>
        <database>Unknown</database>
    </source>
    <size>
        <width>320</width>
        <height>240</height>
        <depth>3</depth>
    </size>
    <segmented>0</segmented>
    <object>
    <name>apple</name>
    <pose>Unspecified</pose>
    <truncated>0</truncated>
    <difficult>0</difficult>
    <bndbox>
        <xmin>170.30935513771186</xmin>
        <ymin>68.7460109904661</ymin>
        <xmax>216.60646186440678</xmax>
        <ymax>134.2134533898305</ymax>
    </bndbox>
</object><object>
    <name>hand</name>
    <pose>Unspecified</pose>
    <truncated>0</truncated>
    <difficult>0</difficult>
    <bndbox>
        <xmin>152.0199284957627</xmin>
        <ymin>40.71143405720339</ymin>
        <xmax>287.38407044491527</xmax>
        <ymax>205.93635791843218</ymax>
    </bndbox>
</object>
</annotation>