<annotation verified="yes">
    <folder>Annotation</folder>
    <filename>frame_1361</filename>
    <path>openmv_auto_exposure-PascalVOC-export/Annotations/frame_1361.jpg</path>
    <source>
        <database>Unknown</database>
    </source>
    <size>
        <width>320</width>
        <height>240</height>
        <depth>3</depth>
    </size>
    <segmented>0</segmented>
    <object>
    <name>apple</name>
    <pose>Unspecified</pose>
    <truncated>0</truncated>
    <difficult>0</difficult>
    <bndbox>
        <xmin>195.86923993644066</xmin>
        <ymin>171.23968816207628</ymin>
        <xmax>249.5660752118644</xmax>
        <ymax>227.6534858315678</ymax>
    </bndbox>
</object><object>
    <name>hand</name>
    <pose>Unspecified</pose>
    <truncated>0</truncated>
    <difficult>0</difficult>
    <bndbox>
        <xmin>216.34451138771186</xmin>
        <ymin>167.44430283368644</ymin>
        <xmax>319.2528469279661</xmax>
        <ymax>239.47164658368644</ymax>
    </bndbox>
</object>
</annotation>