<annotation verified="yes">
    <folder>Annotation</folder>
    <filename>frame_1561</filename>
    <path>openmv_auto_exposure-PascalVOC-export/Annotations/frame_1561.jpg</path>
    <source>
        <database>Unknown</database>
    </source>
    <size>
        <width>320</width>
        <height>240</height>
        <depth>3</depth>
    </size>
    <segmented>0</segmented>
    <object>
    <name>apple</name>
    <pose>Unspecified</pose>
    <truncated>0</truncated>
    <difficult>0</difficult>
    <bndbox>
        <xmin>116.66109970868644</xmin>
        <ymin>99.50449384269068</ymin>
        <xmax>177.08213056144066</xmax>
        <ymax>151.1157143802966</ymax>
    </bndbox>
</object><object>
    <name>hand</name>
    <pose>Unspecified</pose>
    <truncated>0</truncated>
    <difficult>0</difficult>
    <bndbox>
        <xmin>112.33540783898304</xmin>
        <ymin>71.34989903336864</ymin>
        <xmax>260.82435116525426</xmax>
        <ymax>226.72171279131356</ymax>
    </bndbox>
</object>
</annotation>