<annotation verified="yes">
    <folder>Annotation</folder>
    <filename>frame_1340</filename>
    <path>openmv_auto_exposure-PascalVOC-export/Annotations/frame_1340.jpg</path>
    <source>
        <database>Unknown</database>
    </source>
    <size>
        <width>320</width>
        <height>240</height>
        <depth>3</depth>
    </size>
    <segmented>0</segmented>
    <object>
    <name>apple</name>
    <pose>Unspecified</pose>
    <truncated>0</truncated>
    <difficult>0</difficult>
    <bndbox>
        <xmin>187.40532309322035</xmin>
        <ymin>161.79480601165255</ymin>
        <xmax>247.81144067796612</xmax>
        <ymax>217.88951602224577</ymax>
    </bndbox>
</object>
</annotation>