<annotation verified="yes">
    <folder>Annotation</folder>
    <filename>frame_101</filename>
    <path>openmv_auto_exposure-PascalVOC-export/Annotations/frame_101.jpg</path>
    <source>
        <database>Unknown</database>
    </source>
    <size>
        <width>320</width>
        <height>240</height>
        <depth>3</depth>
    </size>
    <segmented>0</segmented>
    <object>
    <name>apple</name>
    <pose>Unspecified</pose>
    <truncated>0</truncated>
    <difficult>0</difficult>
    <bndbox>
        <xmin>41.379301505609654</xmin>
        <ymin>106.0062286170288</ymin>
        <xmax>96.1481431255292</xmax>
        <ymax>162.20138790914223</ymax>
    </bndbox>
</object><object>
    <name>hand</name>
    <pose>Unspecified</pose>
    <truncated>0</truncated>
    <difficult>0</difficult>
    <bndbox>
        <xmin>39.240317134533896</xmin>
        <ymin>81.16162109375</ymin>
        <xmax>198.78717558262713</xmax>
        <ymax>215.8020722987288</ymax>
    </bndbox>
</object>
</annotation>