<annotation verified="yes">
    <folder>Annotation</folder>
    <filename>frame_1162</filename>
    <path>openmv_auto_exposure-PascalVOC-export/Annotations/frame_1162.jpg</path>
    <source>
        <database>Unknown</database>
    </source>
    <size>
        <width>320</width>
        <height>240</height>
        <depth>3</depth>
    </size>
    <segmented>0</segmented>
    <object>
    <name>apple</name>
    <pose>Unspecified</pose>
    <truncated>0</truncated>
    <difficult>0</difficult>
    <bndbox>
        <xmin>169.9214777542373</xmin>
        <ymin>80.33676509533899</ymin>
        <xmax>226.11129502118644</xmax>
        <ymax>134.7858845338983</ymax>
    </bndbox>
</object><object>
    <name>hand</name>
    <pose>Unspecified</pose>
    <truncated>0</truncated>
    <difficult>0</difficult>
    <bndbox>
        <xmin>162.599758342161</xmin>
        <ymin>39.56338552701271</ymin>
        <xmax>286.2372881355932</xmax>
        <ymax>204.52363612288136</ymax>
    </bndbox>
</object>
</annotation>