<annotation verified="yes">
    <folder>Annotation</folder>
    <filename>frame_33</filename>
    <path>openmv_auto_exposure-PascalVOC-export/Annotations/frame_33.jpg</path>
    <source>
        <database>Unknown</database>
    </source>
    <size>
        <width>320</width>
        <height>240</height>
        <depth>3</depth>
    </size>
    <segmented>0</segmented>
    <object>
    <name>apple</name>
    <pose>Unspecified</pose>
    <truncated>0</truncated>
    <difficult>0</difficult>
    <bndbox>
        <xmin>86.66881289724576</xmin>
        <ymin>111.13456700211864</ymin>
        <xmax>147.14530918961864</xmax>
        <ymax>165.20901747881356</ymax>
    </bndbox>
</object><object>
    <name>hand</name>
    <pose>Unspecified</pose>
    <truncated>0</truncated>
    <difficult>0</difficult>
    <bndbox>
        <xmin>225.70871954449152</xmin>
        <ymin>143.66515492584745</ymin>
        <xmax>320</xmax>
        <ymax>240</ymax>
    </bndbox>
</object>
</annotation>