<annotation verified="yes">
    <folder>Annotation</folder>
    <filename>frame_1226</filename>
    <path>openmv_auto_exposure-PascalVOC-export/Annotations/frame_1226.jpg</path>
    <source>
        <database>Unknown</database>
    </source>
    <size>
        <width>320</width>
        <height>240</height>
        <depth>3</depth>
    </size>
    <segmented>0</segmented>
    <object>
    <name>apple</name>
    <pose>Unspecified</pose>
    <truncated>0</truncated>
    <difficult>0</difficult>
    <bndbox>
        <xmin>118.39820577330508</xmin>
        <ymin>108.57916777012711</ymin>
        <xmax>178.73475569385593</xmax>
        <ymax>172.664890095339</ymax>
    </bndbox>
</object><object>
    <name>hand</name>
    <pose>Unspecified</pose>
    <truncated>0</truncated>
    <difficult>0</difficult>
    <bndbox>
        <xmin>270.2845272775424</xmin>
        <ymin>113.98723847987289</ymin>
        <xmax>320</xmax>
        <ymax>240</ymax>
    </bndbox>
</object>
</annotation>