<annotation verified="yes">
    <folder>Annotation</folder>
    <filename>frame_1396</filename>
    <path>openmv_auto_exposure-PascalVOC-export/Annotations/frame_1396.jpg</path>
    <source>
        <database>Unknown</database>
    </source>
    <size>
        <width>320</width>
        <height>240</height>
        <depth>3</depth>
    </size>
    <segmented>0</segmented>
    <object>
    <name>apple</name>
    <pose>Unspecified</pose>
    <truncated>0</truncated>
    <difficult>0</difficult>
    <bndbox>
        <xmin>33.97947563559322</xmin>
        <ymin>137.9987089512712</ymin>
        <xmax>91.48750331038136</xmax>
        <ymax>195.20165188029662</ymax>
    </bndbox>
</object><object>
    <name>hand</name>
    <pose>Unspecified</pose>
    <truncated>0</truncated>
    <difficult>0</difficult>
    <bndbox>
        <xmin>260.2119968220339</xmin>
        <ymin>176.42142809851694</ymin>
        <xmax>320</xmax>
        <ymax>240</ymax>
    </bndbox>
</object>
</annotation>