<annotation verified="yes">
    <folder>Annotation</folder>
    <filename>frame_1790</filename>
    <path>openmv_auto_exposure-PascalVOC-export/Annotations/frame_1790.jpg</path>
    <source>
        <database>Unknown</database>
    </source>
    <size>
        <width>320</width>
        <height>240</height>
        <depth>3</depth>
    </size>
    <segmented>0</segmented>
    <object>
    <name>apple</name>
    <pose>Unspecified</pose>
    <truncated>0</truncated>
    <difficult>0</difficult>
    <bndbox>
        <xmin>120.4247219279661</xmin>
        <ymin>89.54121424788136</ymin>
        <xmax>179.2627946239407</xmax>
        <ymax>150.23703985699152</ymax>
    </bndbox>
</object><object>
    <name>hand</name>
    <pose>Unspecified</pose>
    <truncated>0</truncated>
    <difficult>0</difficult>
    <bndbox>
        <xmin>198.37682070974577</xmin>
        <ymin>92.38173662605932</ymin>
        <xmax>305.5856064618644</xmax>
        <ymax>236.2702595338983</ymax>
    </bndbox>
</object>
</annotation>