<annotation verified="yes">
    <folder>Annotation</folder>
    <filename>frame_1050</filename>
    <path>openmv_auto_exposure-PascalVOC-export/Annotations/frame_1050.jpg</path>
    <source>
        <database>Unknown</database>
    </source>
    <size>
        <width>320</width>
        <height>240</height>
        <depth>3</depth>
    </size>
    <segmented>0</segmented>
    <object>
    <name>apple</name>
    <pose>Unspecified</pose>
    <truncated>0</truncated>
    <difficult>0</difficult>
    <bndbox>
        <xmin>57.43707332239627</xmin>
        <ymin>69.47449694906885</ymin>
        <xmax>118.97589106160034</xmax>
        <ymax>128.0911619991535</ymax>
    </bndbox>
</object><object>
    <name>hand</name>
    <pose>Unspecified</pose>
    <truncated>0</truncated>
    <difficult>0</difficult>
    <bndbox>
        <xmin>232.06382415254237</xmin>
        <ymin>77.07800913665254</ymin>
        <xmax>320</xmax>
        <ymax>231.49001920021186</ymax>
    </bndbox>
</object>
</annotation>