<annotation verified="yes">
    <folder>Annotation</folder>
    <filename>frame_1033</filename>
    <path>openmv_auto_exposure-PascalVOC-export/Annotations/frame_1033.jpg</path>
    <source>
        <database>Unknown</database>
    </source>
    <size>
        <width>320</width>
        <height>240</height>
        <depth>3</depth>
    </size>
    <segmented>0</segmented>
    <object>
    <name>apple</name>
    <pose>Unspecified</pose>
    <truncated>0</truncated>
    <difficult>0</difficult>
    <bndbox>
        <xmin>59.170856265876374</xmin>
        <ymin>74.60744336819273</ymin>
        <xmax>113.5338993702371</xmax>
        <ymax>127.57256432526808</ymax>
    </bndbox>
</object><object>
    <name>hand</name>
    <pose>Unspecified</pose>
    <truncated>0</truncated>
    <difficult>0</difficult>
    <bndbox>
        <xmin>59.01764433262712</xmin>
        <ymin>33.83651681673729</ymin>
        <xmax>216.93266684322035</xmax>
        <ymax>181.2517048463983</ymax>
    </bndbox>
</object>
</annotation>