<annotation verified="yes">
    <folder>Annotation</folder>
    <filename>frame_1394</filename>
    <path>openmv_auto_exposure-PascalVOC-export/Annotations/frame_1394.jpg</path>
    <source>
        <database>Unknown</database>
    </source>
    <size>
        <width>320</width>
        <height>240</height>
        <depth>3</depth>
    </size>
    <segmented>0</segmented>
    <object>
    <name>apple</name>
    <pose>Unspecified</pose>
    <truncated>0</truncated>
    <difficult>0</difficult>
    <bndbox>
        <xmin>32.38172007415254</xmin>
        <ymin>135.3424589512712</ymin>
        <xmax>92.88751324152543</xmax>
        <ymax>195.22871424788136</ymax>
    </bndbox>
</object><object>
    <name>hand</name>
    <pose>Unspecified</pose>
    <truncated>0</truncated>
    <difficult>0</difficult>
    <bndbox>
        <xmin>260.43094544491527</xmin>
        <ymin>175.68759931144066</ymin>
        <xmax>320</xmax>
        <ymax>240</ymax>
    </bndbox>
</object>
</annotation>