<annotation verified="yes">
    <folder>Annotation</folder>
    <filename>frame_1557</filename>
    <path>openmv_auto_exposure-PascalVOC-export/Annotations/frame_1557.jpg</path>
    <source>
        <database>Unknown</database>
    </source>
    <size>
        <width>320</width>
        <height>240</height>
        <depth>3</depth>
    </size>
    <segmented>0</segmented>
    <object>
    <name>apple</name>
    <pose>Unspecified</pose>
    <truncated>0</truncated>
    <difficult>0</difficult>
    <bndbox>
        <xmin>126.13759600105932</xmin>
        <ymin>85.07656084480932</ymin>
        <xmax>184.50609110169492</xmax>
        <ymax>144.11602886652543</ymax>
    </bndbox>
</object><object>
    <name>hand</name>
    <pose>Unspecified</pose>
    <truncated>0</truncated>
    <difficult>0</difficult>
    <bndbox>
        <xmin>114.1498278601695</xmin>
        <ymin>63.80063228283898</ymin>
        <xmax>266.7751588983051</xmax>
        <ymax>226.745944782839</ymax>
    </bndbox>
</object>
</annotation>