<annotation verified="yes">
    <folder>Annotation</folder>
    <filename>frame_1009</filename>
    <path>openmv_auto_exposure-PascalVOC-export/Annotations/frame_1009.jpg</path>
    <source>
        <database>Unknown</database>
    </source>
    <size>
        <width>320</width>
        <height>240</height>
        <depth>3</depth>
    </size>
    <segmented>0</segmented>
    <object>
    <name>apple</name>
    <pose>Unspecified</pose>
    <truncated>0</truncated>
    <difficult>0</difficult>
    <bndbox>
        <xmin>43.72770692209991</xmin>
        <ymin>41.26306951449634</ymin>
        <xmax>89.14661171676545</xmax>
        <ymax>91.1425863916126</ymax>
    </bndbox>
</object><object>
    <name>hand</name>
    <pose>Unspecified</pose>
    <truncated>0</truncated>
    <difficult>0</difficult>
    <bndbox>
        <xmin>32.2028022378178</xmin>
        <ymin>2.1078439486228815</ymin>
        <xmax>181.61546610169492</xmax>
        <ymax>156.6952297404661</ymax>
    </bndbox>
</object>
</annotation>