<annotation verified="yes">
    <folder>Annotation</folder>
    <filename>frame_1379</filename>
    <path>openmv_auto_exposure-PascalVOC-export/Annotations/frame_1379.jpg</path>
    <source>
        <database>Unknown</database>
    </source>
    <size>
        <width>320</width>
        <height>240</height>
        <depth>3</depth>
    </size>
    <segmented>0</segmented>
    <object>
    <name>apple</name>
    <pose>Unspecified</pose>
    <truncated>0</truncated>
    <difficult>0</difficult>
    <bndbox>
        <xmin>82.21537341101696</xmin>
        <ymin>150.66134798728814</ymin>
        <xmax>138.692233845339</xmax>
        <ymax>209.33990995762713</ymax>
    </bndbox>
</object><object>
    <name>hand</name>
    <pose>Unspecified</pose>
    <truncated>0</truncated>
    <difficult>0</difficult>
    <bndbox>
        <xmin>132.7103747351695</xmin>
        <ymin>171.66345007944915</ymin>
        <xmax>269.4989406779661</xmax>
        <ymax>237.8998940677966</ymax>
    </bndbox>
</object>
</annotation>