<annotation verified="yes">
    <folder>Annotation</folder>
    <filename>frame_163</filename>
    <path>openmv_auto_exposure-PascalVOC-export/Annotations/frame_163.jpg</path>
    <source>
        <database>Unknown</database>
    </source>
    <size>
        <width>320</width>
        <height>240</height>
        <depth>3</depth>
    </size>
    <segmented>0</segmented>
    <object>
    <name>apple</name>
    <pose>Unspecified</pose>
    <truncated>0</truncated>
    <difficult>0</difficult>
    <bndbox>
        <xmin>94.05031779661017</xmin>
        <ymin>115.28442796610169</ymin>
        <xmax>146.98760262182202</xmax>
        <ymax>167.22320246292372</ymax>
    </bndbox>
</object><object>
    <name>hand</name>
    <pose>Unspecified</pose>
    <truncated>0</truncated>
    <difficult>0</difficult>
    <bndbox>
        <xmin>84.5200940148305</xmin>
        <ymin>83.09979144597457</ymin>
        <xmax>242.12420550847457</xmax>
        <ymax>221.40115201271186</ymax>
    </bndbox>
</object>
</annotation>