<annotation verified="yes">
    <folder>Annotation</folder>
    <filename>frame_1141</filename>
    <path>openmv_auto_exposure-PascalVOC-export/Annotations/frame_1141.jpg</path>
    <source>
        <database>Unknown</database>
    </source>
    <size>
        <width>320</width>
        <height>240</height>
        <depth>3</depth>
    </size>
    <segmented>0</segmented>
    <object>
    <name>apple</name>
    <pose>Unspecified</pose>
    <truncated>0</truncated>
    <difficult>0</difficult>
    <bndbox>
        <xmin>49.787307997881356</xmin>
        <ymin>70.57411943855932</ymin>
        <xmax>94.57411943855932</xmax>
        <ymax>125.37733381885593</ymax>
    </bndbox>
</object><object>
    <name>hand</name>
    <pose>Unspecified</pose>
    <truncated>0</truncated>
    <difficult>0</difficult>
    <bndbox>
        <xmin>56.59520656779661</xmin>
        <ymin>46.48623708951271</ymin>
        <xmax>192.99334613347457</xmax>
        <ymax>213.36016949152543</ymax>
    </bndbox>
</object>
</annotation>