<annotation verified="yes">
    <folder>Annotation</folder>
    <filename>frame_1219</filename>
    <path>openmv_auto_exposure-PascalVOC-export/Annotations/frame_1219.jpg</path>
    <source>
        <database>Unknown</database>
    </source>
    <size>
        <width>320</width>
        <height>240</height>
        <depth>3</depth>
    </size>
    <segmented>0</segmented>
    <object>
    <name>apple</name>
    <pose>Unspecified</pose>
    <truncated>0</truncated>
    <difficult>0</difficult>
    <bndbox>
        <xmin>120.74981792902543</xmin>
        <ymin>110.46692929025424</ymin>
        <xmax>175.88628840042372</xmax>
        <ymax>170.11731991525426</ymax>
    </bndbox>
</object><object>
    <name>hand</name>
    <pose>Unspecified</pose>
    <truncated>0</truncated>
    <difficult>0</difficult>
    <bndbox>
        <xmin>195.60159560381356</xmin>
        <ymin>86.59496656514831</ymin>
        <xmax>318.33918167372883</xmax>
        <ymax>237.3658633474576</ymax>
    </bndbox>
</object>
</annotation>