<annotation verified="yes">
    <folder>Annotation</folder>
    <filename>frame_1455</filename>
    <path>openmv_auto_exposure-PascalVOC-export/Annotations/frame_1455.jpg</path>
    <source>
        <database>Unknown</database>
    </source>
    <size>
        <width>320</width>
        <height>240</height>
        <depth>3</depth>
    </size>
    <segmented>0</segmented>
    <object>
    <name>apple</name>
    <pose>Unspecified</pose>
    <truncated>0</truncated>
    <difficult>0</difficult>
    <bndbox>
        <xmin>42.415767346398304</xmin>
        <ymin>97.63635460805085</ymin>
        <xmax>101.82067664194915</xmax>
        <ymax>158.29219081038136</ymax>
    </bndbox>
</object><object>
    <name>hand</name>
    <pose>Unspecified</pose>
    <truncated>0</truncated>
    <difficult>0</difficult>
    <bndbox>
        <xmin>45.63996292372882</xmin>
        <ymin>89.43774827860169</ymin>
        <xmax>203.38847325211867</xmax>
        <ymax>230.72980667372883</ymax>
    </bndbox>
</object>
</annotation>