<annotation verified="yes">
    <folder>Annotation</folder>
    <filename>frame_404</filename>
    <path>openmv_auto_exposure-PascalVOC-export/Annotations/frame_404.jpg</path>
    <source>
        <database>Unknown</database>
    </source>
    <size>
        <width>320</width>
        <height>240</height>
        <depth>3</depth>
    </size>
    <segmented>0</segmented>
    <object>
    <name>apple</name>
    <pose>Unspecified</pose>
    <truncated>0</truncated>
    <difficult>0</difficult>
    <bndbox>
        <xmin>132.053859904661</xmin>
        <ymin>52.413160421080505</ymin>
        <xmax>194.7603283898305</xmax>
        <ymax>111.32498013771186</ymax>
    </bndbox>
</object><object>
    <name>hand</name>
    <pose>Unspecified</pose>
    <truncated>0</truncated>
    <difficult>0</difficult>
    <bndbox>
        <xmin>133.71798861228814</xmin>
        <ymin>33.44320213188559</ymin>
        <xmax>265.8601694915254</xmax>
        <ymax>199.74516684322032</ymax>
    </bndbox>
</object>
</annotation>