<annotation verified="yes">
    <folder>Annotation</folder>
    <filename>frame_1735</filename>
    <path>openmv_auto_exposure-PascalVOC-export/Annotations/frame_1735.jpg</path>
    <source>
        <database>Unknown</database>
    </source>
    <size>
        <width>320</width>
        <height>240</height>
        <depth>3</depth>
    </size>
    <segmented>0</segmented>
    <object>
    <name>apple</name>
    <pose>Unspecified</pose>
    <truncated>0</truncated>
    <difficult>0</difficult>
    <bndbox>
        <xmin>117.88460010593221</xmin>
        <ymin>90.49779859639831</ymin>
        <xmax>178.96464512711864</xmax>
        <ymax>152.63117386122883</ymax>
    </bndbox>
</object><object>
    <name>hand</name>
    <pose>Unspecified</pose>
    <truncated>0</truncated>
    <difficult>0</difficult>
    <bndbox>
        <xmin>180.81915386652543</xmin>
        <ymin>125.2529296875</ymin>
        <xmax>296.4514036016949</xmax>
        <ymax>240</ymax>
    </bndbox>
</object>
</annotation>