<annotation verified="yes">
    <folder>Annotation</folder>
    <filename>frame_1023</filename>
    <path>openmv_auto_exposure-PascalVOC-export/Annotations/frame_1023.jpg</path>
    <source>
        <database>Unknown</database>
    </source>
    <size>
        <width>320</width>
        <height>240</height>
        <depth>3</depth>
    </size>
    <segmented>0</segmented>
    <object>
    <name>apple</name>
    <pose>Unspecified</pose>
    <truncated>0</truncated>
    <difficult>0</difficult>
    <bndbox>
        <xmin>46.73991850127011</xmin>
        <ymin>58.05166687976158</ymin>
        <xmax>98.10808173687553</xmax>
        <ymax>113.43351549273422</ymax>
    </bndbox>
</object><object>
    <name>hand</name>
    <pose>Unspecified</pose>
    <truncated>0</truncated>
    <difficult>0</difficult>
    <bndbox>
        <xmin>42.01411877648305</xmin>
        <ymin>19.04432186837924</ymin>
        <xmax>194.40638241525426</xmax>
        <ymax>165.29545153601694</ymax>
    </bndbox>
</object>
</annotation>