<annotation verified="yes">
    <folder>Annotation</folder>
    <filename>frame_1157</filename>
    <path>openmv_auto_exposure-PascalVOC-export/Annotations/frame_1157.jpg</path>
    <source>
        <database>Unknown</database>
    </source>
    <size>
        <width>320</width>
        <height>240</height>
        <depth>3</depth>
    </size>
    <segmented>0</segmented>
    <object>
    <name>apple</name>
    <pose>Unspecified</pose>
    <truncated>0</truncated>
    <difficult>0</difficult>
    <bndbox>
        <xmin>142.70666710805085</xmin>
        <ymin>98.32555945444915</ymin>
        <xmax>205.05839512711864</xmax>
        <ymax>161.71277476165255</ymax>
    </bndbox>
</object><object>
    <name>hand</name>
    <pose>Unspecified</pose>
    <truncated>0</truncated>
    <difficult>0</difficult>
    <bndbox>
        <xmin>128.33370299258473</xmin>
        <ymin>84.5441025556144</ymin>
        <xmax>283.9534560381356</xmax>
        <ymax>221.63239870233048</ymax>
    </bndbox>
</object>
</annotation>