<annotation verified="yes">
    <folder>Annotation</folder>
    <filename>frame_1530</filename>
    <path>openmv_auto_exposure-PascalVOC-export/Annotations/frame_1530.jpg</path>
    <source>
        <database>Unknown</database>
    </source>
    <size>
        <width>320</width>
        <height>240</height>
        <depth>3</depth>
    </size>
    <segmented>0</segmented>
    <object>
    <name>apple</name>
    <pose>Unspecified</pose>
    <truncated>0</truncated>
    <difficult>0</difficult>
    <bndbox>
        <xmin>90.02206369173729</xmin>
        <ymin>102.58497748940678</ymin>
        <xmax>150.1297172934322</xmax>
        <ymax>160.55655786546612</ymax>
    </bndbox>
</object><object>
    <name>hand</name>
    <pose>Unspecified</pose>
    <truncated>0</truncated>
    <difficult>0</difficult>
    <bndbox>
        <xmin>157.71967690677965</xmin>
        <ymin>94.78923629502118</ymin>
        <xmax>274.72878045550846</xmax>
        <ymax>238.51777674788133</ymax>
    </bndbox>
</object>
</annotation>