<annotation verified="yes">
    <folder>Annotation</folder>
    <filename>frame_1545</filename>
    <path>openmv_auto_exposure-PascalVOC-export/Annotations/frame_1545.jpg</path>
    <source>
        <database>Unknown</database>
    </source>
    <size>
        <width>320</width>
        <height>240</height>
        <depth>3</depth>
    </size>
    <segmented>0</segmented>
    <object>
    <name>apple</name>
    <pose>Unspecified</pose>
    <truncated>0</truncated>
    <difficult>0</difficult>
    <bndbox>
        <xmin>64.20031117584746</xmin>
        <ymin>129.49533236228814</ymin>
        <xmax>124.64464711334746</xmax>
        <ymax>175.52765823622883</ymax>
    </bndbox>
</object><object>
    <name>hand</name>
    <pose>Unspecified</pose>
    <truncated>0</truncated>
    <difficult>0</difficult>
    <bndbox>
        <xmin>65.82858845338983</xmin>
        <ymin>68.24621788930085</ymin>
        <xmax>231.44746424788133</xmax>
        <ymax>235.6954118114407</ymax>
    </bndbox>
</object>
</annotation>