<annotation verified="yes">
    <folder>Annotation</folder>
    <filename>frame_1367</filename>
    <path>openmv_auto_exposure-PascalVOC-export/Annotations/frame_1367.jpg</path>
    <source>
        <database>Unknown</database>
    </source>
    <size>
        <width>320</width>
        <height>240</height>
        <depth>3</depth>
    </size>
    <segmented>0</segmented>
    <object>
    <name>apple</name>
    <pose>Unspecified</pose>
    <truncated>0</truncated>
    <difficult>0</difficult>
    <bndbox>
        <xmin>148.07061043432202</xmin>
        <ymin>180.69369041313558</ymin>
        <xmax>205.7372219279661</xmax>
        <ymax>236.31096067266947</ymax>
    </bndbox>
</object><object>
    <name>hand</name>
    <pose>Unspecified</pose>
    <truncated>0</truncated>
    <difficult>0</difficult>
    <bndbox>
        <xmin>198.87218617584745</xmin>
        <ymin>181.2989936440678</ymin>
        <xmax>308.0642876059322</xmax>
        <ymax>237.9763142213983</ymax>
    </bndbox>
</object>
</annotation>