<annotation verified="yes">
    <folder>Annotation</folder>
    <filename>frame_1640</filename>
    <path>openmv_auto_exposure-PascalVOC-export/Annotations/frame_1640.jpg</path>
    <source>
        <database>Unknown</database>
    </source>
    <size>
        <width>320</width>
        <height>240</height>
        <depth>3</depth>
    </size>
    <segmented>0</segmented>
    <object>
    <name>apple</name>
    <pose>Unspecified</pose>
    <truncated>0</truncated>
    <difficult>0</difficult>
    <bndbox>
        <xmin>118.82160354872882</xmin>
        <ymin>91.27214645127118</ymin>
        <xmax>177.359226032839</xmax>
        <ymax>152.71504237288136</ymax>
    </bndbox>
</object>
</annotation>