<annotation verified="yes">
    <folder>Annotation</folder>
    <filename>frame_229</filename>
    <path>openmv_auto_exposure-PascalVOC-export/Annotations/frame_229.jpg</path>
    <source>
        <database>Unknown</database>
    </source>
    <size>
        <width>320</width>
        <height>240</height>
        <depth>3</depth>
    </size>
    <segmented>0</segmented>
    <object>
    <name>apple</name>
    <pose>Unspecified</pose>
    <truncated>0</truncated>
    <difficult>0</difficult>
    <bndbox>
        <xmin>76.87341101694915</xmin>
        <ymin>111.97700940148304</ymin>
        <xmax>134.14616988877117</xmax>
        <ymax>168.3324450476695</ymax>
    </bndbox>
</object><object>
    <name>hand</name>
    <pose>Unspecified</pose>
    <truncated>0</truncated>
    <difficult>0</difficult>
    <bndbox>
        <xmin>73.40545550847457</xmin>
        <ymin>57.302808858580505</ymin>
        <xmax>237.49165783898306</xmax>
        <ymax>222.76123874470338</ymax>
    </bndbox>
</object>
</annotation>