<annotation verified="yes">
    <folder>Annotation</folder>
    <filename>frame_311</filename>
    <path>openmv_auto_exposure-PascalVOC-export/Annotations/frame_311.jpg</path>
    <source>
        <database>Unknown</database>
    </source>
    <size>
        <width>320</width>
        <height>240</height>
        <depth>3</depth>
    </size>
    <segmented>0</segmented>
    <object>
    <name>apple</name>
    <pose>Unspecified</pose>
    <truncated>0</truncated>
    <difficult>0</difficult>
    <bndbox>
        <xmin>39.046262579449156</xmin>
        <ymin>102.18195511122882</ymin>
        <xmax>93.71757481461864</xmax>
        <ymax>154.7791313559322</ymax>
    </bndbox>
</object><object>
    <name>hand</name>
    <pose>Unspecified</pose>
    <truncated>0</truncated>
    <difficult>0</difficult>
    <bndbox>
        <xmin>42.73538466631356</xmin>
        <ymin>67.77376026218221</ymin>
        <xmax>192.89198225635593</xmax>
        <ymax>210.92698953919492</ymax>
    </bndbox>
</object>
</annotation>