<annotation verified="yes">
    <folder>Annotation</folder>
    <filename>frame_267</filename>
    <path>openmv_auto_exposure-PascalVOC-export/Annotations/frame_267.jpg</path>
    <source>
        <database>Unknown</database>
    </source>
    <size>
        <width>320</width>
        <height>240</height>
        <depth>3</depth>
    </size>
    <segmented>0</segmented>
    <object>
    <name>apple</name>
    <pose>Unspecified</pose>
    <truncated>0</truncated>
    <difficult>0</difficult>
    <bndbox>
        <xmin>85.79546808792372</xmin>
        <ymin>98.98321636652543</ymin>
        <xmax>141.5579316737288</xmax>
        <ymax>159.43991657838984</ymax>
    </bndbox>
</object><object>
    <name>hand</name>
    <pose>Unspecified</pose>
    <truncated>0</truncated>
    <difficult>0</difficult>
    <bndbox>
        <xmin>94.55988479872882</xmin>
        <ymin>54.944418697033896</ymin>
        <xmax>238.11927304025426</xmax>
        <ymax>217.5290651483051</ymax>
    </bndbox>
</object>
</annotation>