<annotation verified="yes">
    <folder>Annotation</folder>
    <filename>frame_1456</filename>
    <path>openmv_auto_exposure-PascalVOC-export/Annotations/frame_1456.jpg</path>
    <source>
        <database>Unknown</database>
    </source>
    <size>
        <width>320</width>
        <height>240</height>
        <depth>3</depth>
    </size>
    <segmented>0</segmented>
    <object>
    <name>apple</name>
    <pose>Unspecified</pose>
    <truncated>0</truncated>
    <difficult>0</difficult>
    <bndbox>
        <xmin>58.25672007415254</xmin>
        <ymin>70.72119140625</ymin>
        <xmax>117.59816935911016</xmax>
        <ymax>136.0838850635593</ymax>
    </bndbox>
</object><object>
    <name>hand</name>
    <pose>Unspecified</pose>
    <truncated>0</truncated>
    <difficult>0</difficult>
    <bndbox>
        <xmin>74.20216498940678</xmin>
        <ymin>52.63552701271186</ymin>
        <xmax>218.48977092161016</xmax>
        <ymax>213.28704316737287</ymax>
    </bndbox>
</object>
</annotation>