<annotation verified="yes">
    <folder>Annotation</folder>
    <filename>frame_1536</filename>
    <path>openmv_auto_exposure-PascalVOC-export/Annotations/frame_1536.jpg</path>
    <source>
        <database>Unknown</database>
    </source>
    <size>
        <width>320</width>
        <height>240</height>
        <depth>3</depth>
    </size>
    <segmented>0</segmented>
    <object>
    <name>apple</name>
    <pose>Unspecified</pose>
    <truncated>0</truncated>
    <difficult>0</difficult>
    <bndbox>
        <xmin>90.46825344279661</xmin>
        <ymin>102.11005362817797</ymin>
        <xmax>150.54022113347457</xmax>
        <ymax>160.16589976165255</ymax>
    </bndbox>
</object><object>
    <name>hand</name>
    <pose>Unspecified</pose>
    <truncated>0</truncated>
    <difficult>0</difficult>
    <bndbox>
        <xmin>110.79786811440678</xmin>
        <ymin>53.793332891949156</ymin>
        <xmax>244.02681408898306</xmax>
        <ymax>226.69642147775423</ymax>
    </bndbox>
</object>
</annotation>