<annotation verified="yes">
    <folder>Annotation</folder>
    <filename>frame_39</filename>
    <path>openmv_auto_exposure-PascalVOC-export/Annotations/frame_39.jpg</path>
    <source>
        <database>Unknown</database>
    </source>
    <size>
        <width>320</width>
        <height>240</height>
        <depth>3</depth>
    </size>
    <segmented>0</segmented>
    <object>
    <name>apple</name>
    <pose>Unspecified</pose>
    <truncated>0</truncated>
    <difficult>0</difficult>
    <bndbox>
        <xmin>87.1773205773305</xmin>
        <ymin>109.54992055084746</ymin>
        <xmax>145.61437367584745</xmax>
        <ymax>167.671875</ymax>
    </bndbox>
</object><object>
    <name>hand</name>
    <pose>Unspecified</pose>
    <truncated>0</truncated>
    <difficult>0</difficult>
    <bndbox>
        <xmin>162.9401152012712</xmin>
        <ymin>116.75524695444915</ymin>
        <xmax>292.42045153601697</xmax>
        <ymax>240</ymax>
    </bndbox>
</object>
</annotation>