<annotation verified="yes">
    <folder>Annotation</folder>
    <filename>frame_1205</filename>
    <path>openmv_auto_exposure-PascalVOC-export/Annotations/frame_1205.jpg</path>
    <source>
        <database>Unknown</database>
    </source>
    <size>
        <width>320</width>
        <height>240</height>
        <depth>3</depth>
    </size>
    <segmented>0</segmented>
    <object>
    <name>apple</name>
    <pose>Unspecified</pose>
    <truncated>0</truncated>
    <difficult>0</difficult>
    <bndbox>
        <xmin>120.9566174523305</xmin>
        <ymin>113.2749768273305</ymin>
        <xmax>174.46843551377117</xmax>
        <ymax>170.352688029661</ymax>
    </bndbox>
</object><object>
    <name>hand</name>
    <pose>Unspecified</pose>
    <truncated>0</truncated>
    <difficult>0</difficult>
    <bndbox>
        <xmin>116.64506091101696</xmin>
        <ymin>67.86984408103814</ymin>
        <xmax>266.9049258474576</xmax>
        <ymax>219.83671543961864</ymax>
    </bndbox>
</object>
</annotation>