<annotation verified="yes">
    <folder>Annotation</folder>
    <filename>frame_1030</filename>
    <path>openmv_auto_exposure-PascalVOC-export/Annotations/frame_1030.jpg</path>
    <source>
        <database>Unknown</database>
    </source>
    <size>
        <width>320</width>
        <height>240</height>
        <depth>3</depth>
    </size>
    <segmented>0</segmented>
    <object>
    <name>apple</name>
    <pose>Unspecified</pose>
    <truncated>0</truncated>
    <difficult>0</difficult>
    <bndbox>
        <xmin>57.01932618014394</xmin>
        <ymin>74.38893199774267</ymin>
        <xmax>111.57050433954277</xmax>
        <ymax>125.97302438981379</ymax>
    </bndbox>
</object><object>
    <name>hand</name>
    <pose>Unspecified</pose>
    <truncated>0</truncated>
    <difficult>0</difficult>
    <bndbox>
        <xmin>54.68130958686441</xmin>
        <ymin>31.385510460805083</ymin>
        <xmax>213.01387049788136</xmax>
        <ymax>177.4836467161017</ymax>
    </bndbox>
</object>
</annotation>