<annotation verified="yes">
    <folder>Annotation</folder>
    <filename>frame_1213</filename>
    <path>openmv_auto_exposure-PascalVOC-export/Annotations/frame_1213.jpg</path>
    <source>
        <database>Unknown</database>
    </source>
    <size>
        <width>320</width>
        <height>240</height>
        <depth>3</depth>
    </size>
    <segmented>0</segmented>
    <object>
    <name>apple</name>
    <pose>Unspecified</pose>
    <truncated>0</truncated>
    <difficult>0</difficult>
    <bndbox>
        <xmin>119.58107123940678</xmin>
        <ymin>113.15014234639831</ymin>
        <xmax>173.22540386652543</xmax>
        <ymax>172.35656117584747</ymax>
    </bndbox>
</object><object>
    <name>hand</name>
    <pose>Unspecified</pose>
    <truncated>0</truncated>
    <difficult>0</difficult>
    <bndbox>
        <xmin>122.33196504237289</xmin>
        <ymin>70.13249801377118</ymin>
        <xmax>269.0831898834746</xmax>
        <ymax>218.999172404661</ymax>
    </bndbox>
</object>
</annotation>