<annotation verified="yes">
    <folder>Annotation</folder>
    <filename>frame_309</filename>
    <path>openmv_auto_exposure-PascalVOC-export/Annotations/frame_309.jpg</path>
    <source>
        <database>Unknown</database>
    </source>
    <size>
        <width>320</width>
        <height>240</height>
        <depth>3</depth>
    </size>
    <segmented>0</segmented>
    <object>
    <name>apple</name>
    <pose>Unspecified</pose>
    <truncated>0</truncated>
    <difficult>0</difficult>
    <bndbox>
        <xmin>38.238032971398304</xmin>
        <ymin>101.98417637711864</ymin>
        <xmax>95.18233580508475</xmax>
        <ymax>157.99973516949152</ymax>
    </bndbox>
</object><object>
    <name>hand</name>
    <pose>Unspecified</pose>
    <truncated>0</truncated>
    <difficult>0</difficult>
    <bndbox>
        <xmin>43.02029263771186</xmin>
        <ymin>65.37533931408899</ymin>
        <xmax>191.63344147245763</xmax>
        <ymax>213.17511917372883</ymax>
    </bndbox>
</object>
</annotation>