<annotation verified="yes">
    <folder>Annotation</folder>
    <filename>frame_205</filename>
    <path>openmv_auto_exposure-PascalVOC-export/Annotations/frame_205.jpg</path>
    <source>
        <database>Unknown</database>
    </source>
    <size>
        <width>320</width>
        <height>240</height>
        <depth>3</depth>
    </size>
    <segmented>0</segmented>
    <object>
    <name>apple</name>
    <pose>Unspecified</pose>
    <truncated>0</truncated>
    <difficult>0</difficult>
    <bndbox>
        <xmin>82.45676641949153</xmin>
        <ymin>107.3597887976695</ymin>
        <xmax>138.03896318855934</xmax>
        <ymax>171.0584944385593</ymax>
    </bndbox>
</object><object>
    <name>hand</name>
    <pose>Unspecified</pose>
    <truncated>0</truncated>
    <difficult>0</difficult>
    <bndbox>
        <xmin>82.87043167372882</xmin>
        <ymin>64.78945974576271</ymin>
        <xmax>235.708156779661</xmax>
        <ymax>220.3356230137712</ymax>
    </bndbox>
</object>
</annotation>