<annotation verified="yes">
    <folder>Annotation</folder>
    <filename>frame_1392</filename>
    <path>openmv_auto_exposure-PascalVOC-export/Annotations/frame_1392.jpg</path>
    <source>
        <database>Unknown</database>
    </source>
    <size>
        <width>320</width>
        <height>240</height>
        <depth>3</depth>
    </size>
    <segmented>0</segmented>
    <object>
    <name>apple</name>
    <pose>Unspecified</pose>
    <truncated>0</truncated>
    <difficult>0</difficult>
    <bndbox>
        <xmin>33.02896583686441</xmin>
        <ymin>137.38089247881356</ymin>
        <xmax>93.0052966101695</xmax>
        <ymax>194.95413466631356</ymax>
    </bndbox>
</object><object>
    <name>hand</name>
    <pose>Unspecified</pose>
    <truncated>0</truncated>
    <difficult>0</difficult>
    <bndbox>
        <xmin>259.5821967690678</xmin>
        <ymin>181.10356528072035</ymin>
        <xmax>319.0162208686441</xmax>
        <ymax>238.9300847457627</ymax>
    </bndbox>
</object>
</annotation>