<annotation verified="yes">
    <folder>Annotation</folder>
    <filename>frame_283</filename>
    <path>openmv_auto_exposure-PascalVOC-export/Annotations/frame_283.jpg</path>
    <source>
        <database>Unknown</database>
    </source>
    <size>
        <width>320</width>
        <height>240</height>
        <depth>3</depth>
    </size>
    <segmented>0</segmented>
    <object>
    <name>apple</name>
    <pose>Unspecified</pose>
    <truncated>0</truncated>
    <difficult>0</difficult>
    <bndbox>
        <xmin>84.66623079978814</xmin>
        <ymin>104.36781647245763</ymin>
        <xmax>142.9698093220339</xmax>
        <ymax>158.13150489936442</ymax>
    </bndbox>
</object><object>
    <name>hand</name>
    <pose>Unspecified</pose>
    <truncated>0</truncated>
    <difficult>0</difficult>
    <bndbox>
        <xmin>83.10518736758475</xmin>
        <ymin>79.15980865995763</ymin>
        <xmax>241.99235301906782</xmax>
        <ymax>215.21974311440678</ymax>
    </bndbox>
</object>
</annotation>