<annotation verified="yes">
    <folder>Annotation</folder>
    <filename>frame_1156</filename>
    <path>openmv_auto_exposure-PascalVOC-export/Annotations/frame_1156.jpg</path>
    <source>
        <database>Unknown</database>
    </source>
    <size>
        <width>320</width>
        <height>240</height>
        <depth>3</depth>
    </size>
    <segmented>0</segmented>
    <object>
    <name>apple</name>
    <pose>Unspecified</pose>
    <truncated>0</truncated>
    <difficult>0</difficult>
    <bndbox>
        <xmin>78.55041710805085</xmin>
        <ymin>89.60659427966101</ymin>
        <xmax>135.9037175582627</xmax>
        <ymax>145.1275324417373</ymax>
    </bndbox>
</object><object>
    <name>hand</name>
    <pose>Unspecified</pose>
    <truncated>0</truncated>
    <difficult>0</difficult>
    <bndbox>
        <xmin>70.59216101694915</xmin>
        <ymin>69.33938029661017</ymin>
        <xmax>228.8148503707627</xmax>
        <ymax>207.18663930084745</ymax>
    </bndbox>
</object>
</annotation>