<annotation verified="yes">
    <folder>Annotation</folder>
    <filename>frame_277</filename>
    <path>openmv_auto_exposure-PascalVOC-export/Annotations/frame_277.jpg</path>
    <source>
        <database>Unknown</database>
    </source>
    <size>
        <width>320</width>
        <height>240</height>
        <depth>3</depth>
    </size>
    <segmented>0</segmented>
    <object>
    <name>apple</name>
    <pose>Unspecified</pose>
    <truncated>0</truncated>
    <difficult>0</difficult>
    <bndbox>
        <xmin>80.21504237288136</xmin>
        <ymin>113.4667141154661</ymin>
        <xmax>140.90090373411016</xmax>
        <ymax>168.21782309322035</ymax>
    </bndbox>
</object><object>
    <name>hand</name>
    <pose>Unspecified</pose>
    <truncated>0</truncated>
    <difficult>0</difficult>
    <bndbox>
        <xmin>77.09361758474576</xmin>
        <ymin>79.38934222722457</ymin>
        <xmax>238.89079051906776</xmax>
        <ymax>218.06945180084745</ymax>
    </bndbox>
</object>
</annotation>