<annotation verified="yes">
    <folder>Annotation</folder>
    <filename>frame_1492</filename>
    <path>openmv_auto_exposure-PascalVOC-export/Annotations/frame_1492.jpg</path>
    <source>
        <database>Unknown</database>
    </source>
    <size>
        <width>320</width>
        <height>240</height>
        <depth>3</depth>
    </size>
    <segmented>0</segmented>
    <object>
    <name>apple</name>
    <pose>Unspecified</pose>
    <truncated>0</truncated>
    <difficult>0</difficult>
    <bndbox>
        <xmin>89.89630230402543</xmin>
        <ymin>101.44641320180085</ymin>
        <xmax>149.54465704449154</xmax>
        <ymax>158.05758408368644</ymax>
    </bndbox>
</object><object>
    <name>hand</name>
    <pose>Unspecified</pose>
    <truncated>0</truncated>
    <difficult>0</difficult>
    <bndbox>
        <xmin>147.10399563029662</xmin>
        <ymin>78.42379502118644</ymin>
        <xmax>292.9607388771186</xmax>
        <ymax>233.14259467690678</ymax>
    </bndbox>
</object>
</annotation>