<annotation verified="yes">
    <folder>Annotation</folder>
    <filename>frame_321</filename>
    <path>openmv_auto_exposure-PascalVOC-export/Annotations/frame_321.jpg</path>
    <source>
        <database>Unknown</database>
    </source>
    <size>
        <width>320</width>
        <height>240</height>
        <depth>3</depth>
    </size>
    <segmented>0</segmented>
    <object>
    <name>apple</name>
    <pose>Unspecified</pose>
    <truncated>0</truncated>
    <difficult>0</difficult>
    <bndbox>
        <xmin>31.070428363347457</xmin>
        <ymin>92.47927701271186</ymin>
        <xmax>80.28386520127118</xmax>
        <ymax>144.21780654131356</ymax>
    </bndbox>
</object><object>
    <name>hand</name>
    <pose>Unspecified</pose>
    <truncated>0</truncated>
    <difficult>0</difficult>
    <bndbox>
        <xmin>37.7677436440678</xmin>
        <ymin>55.35459977489407</ymin>
        <xmax>177.9575112552966</xmax>
        <ymax>204.78681144067798</ymax>
    </bndbox>
</object>
</annotation>