<annotation verified="yes">
    <folder>Annotation</folder>
    <filename>frame_1185</filename>
    <path>openmv_auto_exposure-PascalVOC-export/Annotations/frame_1185.jpg</path>
    <source>
        <database>Unknown</database>
    </source>
    <size>
        <width>320</width>
        <height>240</height>
        <depth>3</depth>
    </size>
    <segmented>0</segmented>
    <object>
    <name>apple</name>
    <pose>Unspecified</pose>
    <truncated>0</truncated>
    <difficult>0</difficult>
    <bndbox>
        <xmin>149.23973781779662</xmin>
        <ymin>79.74417372881356</ymin>
        <xmax>207.37268273305085</xmax>
        <ymax>149.49703720868644</ymax>
    </bndbox>
</object><object>
    <name>hand</name>
    <pose>Unspecified</pose>
    <truncated>0</truncated>
    <difficult>0</difficult>
    <bndbox>
        <xmin>136.71029197563558</xmin>
        <ymin>55.909692796610166</ymin>
        <xmax>283.7979343220339</xmax>
        <ymax>209.65601827330508</ymax>
    </bndbox>
</object>
</annotation>