<annotation verified="yes">
    <folder>Annotation</folder>
    <filename>frame_414</filename>
    <path>openmv_auto_exposure-PascalVOC-export/Annotations/frame_414.jpg</path>
    <source>
        <database>Unknown</database>
    </source>
    <size>
        <width>320</width>
        <height>240</height>
        <depth>3</depth>
    </size>
    <segmented>0</segmented>
    <object>
    <name>apple</name>
    <pose>Unspecified</pose>
    <truncated>0</truncated>
    <difficult>0</difficult>
    <bndbox>
        <xmin>261.7242121292373</xmin>
        <ymin>92.94872219279661</ymin>
        <xmax>316.9131686970339</xmax>
        <ymax>152.43332891949152</ymax>
    </bndbox>
</object><object>
    <name>hand</name>
    <pose>Unspecified</pose>
    <truncated>0</truncated>
    <difficult>0</difficult>
    <bndbox>
        <xmin>258.72404661016947</xmin>
        <ymin>82.6361559851695</ymin>
        <xmax>320</xmax>
        <ymax>237.96717756885593</ymax>
    </bndbox>
</object>
</annotation>