<annotation verified="yes">
    <folder>Annotation</folder>
    <filename>frame_1520</filename>
    <path>openmv_auto_exposure-PascalVOC-export/Annotations/frame_1520.jpg</path>
    <source>
        <database>Unknown</database>
    </source>
    <size>
        <width>320</width>
        <height>240</height>
        <depth>3</depth>
    </size>
    <segmented>0</segmented>
    <object>
    <name>apple</name>
    <pose>Unspecified</pose>
    <truncated>0</truncated>
    <difficult>0</difficult>
    <bndbox>
        <xmin>87.51062632415254</xmin>
        <ymin>99.70709745762711</ymin>
        <xmax>152.02585407838984</xmax>
        <ymax>164.13913532838984</ymax>
    </bndbox>
</object>
</annotation>