<annotation verified="yes">
    <folder>Annotation</folder>
    <filename>frame_451</filename>
    <path>openmv_auto_exposure-PascalVOC-export/Annotations/frame_451.jpg</path>
    <source>
        <database>Unknown</database>
    </source>
    <size>
        <width>320</width>
        <height>240</height>
        <depth>3</depth>
    </size>
    <segmented>0</segmented>
    <object>
    <name>apple</name>
    <pose>Unspecified</pose>
    <truncated>0</truncated>
    <difficult>0</difficult>
    <bndbox>
        <xmin>286.0730601165254</xmin>
        <ymin>185.57123940677965</ymin>
        <xmax>320</xmax>
        <ymax>239.1726032838983</ymax>
    </bndbox>
</object>
</annotation>