<annotation verified="yes">
    <folder>Annotation</folder>
    <filename>frame_415</filename>
    <path>openmv_auto_exposure-PascalVOC-export/Annotations/frame_415.jpg</path>
    <source>
        <database>Unknown</database>
    </source>
    <size>
        <width>320</width>
        <height>240</height>
        <depth>3</depth>
    </size>
    <segmented>0</segmented>
    <object>
    <name>apple</name>
    <pose>Unspecified</pose>
    <truncated>0</truncated>
    <difficult>0</difficult>
    <bndbox>
        <xmin>262.063625529661</xmin>
        <ymin>93.44110831567797</ymin>
        <xmax>316.6477092161017</xmax>
        <ymax>151.0459977489407</ymax>
    </bndbox>
</object><object>
    <name>hand</name>
    <pose>Unspecified</pose>
    <truncated>0</truncated>
    <difficult>0</difficult>
    <bndbox>
        <xmin>257.7906183792373</xmin>
        <ymin>80.56034825211864</ymin>
        <xmax>320</xmax>
        <ymax>237.111328125</ymax>
    </bndbox>
</object>
</annotation>