<annotation verified="yes">
    <folder>Annotation</folder>
    <filename>frame_1810</filename>
    <path>openmv_auto_exposure-PascalVOC-export/Annotations/frame_1810.jpg</path>
    <source>
        <database>Unknown</database>
    </source>
    <size>
        <width>320</width>
        <height>240</height>
        <depth>3</depth>
    </size>
    <segmented>0</segmented>
    <object>
    <name>apple</name>
    <pose>Unspecified</pose>
    <truncated>0</truncated>
    <difficult>0</difficult>
    <bndbox>
        <xmin>117.84707693326271</xmin>
        <ymin>91.47406316207628</ymin>
        <xmax>177.84859970868644</xmax>
        <ymax>153.8539128707627</ymax>
    </bndbox>
</object><object>
    <name>hand</name>
    <pose>Unspecified</pose>
    <truncated>0</truncated>
    <difficult>0</difficult>
    <bndbox>
        <xmin>269.33385195974574</xmin>
        <ymin>155.2964777542373</ymin>
        <xmax>319.3595074152542</xmax>
        <ymax>238.89294226694915</ymax>
    </bndbox>
</object>
</annotation>