<annotation verified="yes">
    <folder>Annotation</folder>
    <filename>frame_160</filename>
    <path>openmv_auto_exposure-PascalVOC-export/Annotations/frame_160.jpg</path>
    <source>
        <database>Unknown</database>
    </source>
    <size>
        <width>320</width>
        <height>240</height>
        <depth>3</depth>
    </size>
    <segmented>0</segmented>
    <object>
    <name>apple</name>
    <pose>Unspecified</pose>
    <truncated>0</truncated>
    <difficult>0</difficult>
    <bndbox>
        <xmin>93.69428628177965</xmin>
        <ymin>105.96349476959746</ymin>
        <xmax>147.7231362552966</xmax>
        <ymax>160.80170815677965</ymax>
    </bndbox>
</object><object>
    <name>hand</name>
    <pose>Unspecified</pose>
    <truncated>0</truncated>
    <difficult>0</difficult>
    <bndbox>
        <xmin>84.78437831038136</xmin>
        <ymin>64.00046345338983</ymin>
        <xmax>241.29846398305085</xmax>
        <ymax>217.50923596398303</ymax>
    </bndbox>
</object>
</annotation>