<annotation verified="yes">
    <folder>Annotation</folder>
    <filename>frame_302</filename>
    <path>openmv_auto_exposure-PascalVOC-export/Annotations/frame_302.jpg</path>
    <source>
        <database>Unknown</database>
    </source>
    <size>
        <width>320</width>
        <height>240</height>
        <depth>3</depth>
    </size>
    <segmented>0</segmented>
    <object>
    <name>apple</name>
    <pose>Unspecified</pose>
    <truncated>0</truncated>
    <difficult>0</difficult>
    <bndbox>
        <xmin>58.696106991525426</xmin>
        <ymin>113.12488413665254</ymin>
        <xmax>113.53717558262713</xmax>
        <ymax>166.43553032309322</ymax>
    </bndbox>
</object><object>
    <name>hand</name>
    <pose>Unspecified</pose>
    <truncated>0</truncated>
    <difficult>0</difficult>
    <bndbox>
        <xmin>60.30621027542373</xmin>
        <ymin>74.06733315677965</ymin>
        <xmax>215.4144597457627</xmax>
        <ymax>218.1216565148305</ymax>
    </bndbox>
</object>
</annotation>