<annotation verified="yes">
    <folder>Annotation</folder>
    <filename>frame_1568</filename>
    <path>openmv_auto_exposure-PascalVOC-export/Annotations/frame_1568.jpg</path>
    <source>
        <database>Unknown</database>
    </source>
    <size>
        <width>320</width>
        <height>240</height>
        <depth>3</depth>
    </size>
    <segmented>0</segmented>
    <object>
    <name>apple</name>
    <pose>Unspecified</pose>
    <truncated>0</truncated>
    <difficult>0</difficult>
    <bndbox>
        <xmin>118.52861824682203</xmin>
        <ymin>91.72318591101696</ymin>
        <xmax>174.49384269067798</xmax>
        <ymax>153.40595206567798</ymax>
    </bndbox>
</object><object>
    <name>hand</name>
    <pose>Unspecified</pose>
    <truncated>0</truncated>
    <difficult>0</difficult>
    <bndbox>
        <xmin>110.63512976694915</xmin>
        <ymin>64.91597424523304</ymin>
        <xmax>259.5464446504237</xmax>
        <ymax>221.44900357521186</ymax>
    </bndbox>
</object>
</annotation>