<annotation verified="yes">
    <folder>Annotation</folder>
    <filename>frame_1094</filename>
    <path>openmv_auto_exposure-PascalVOC-export/Annotations/frame_1094.jpg</path>
    <source>
        <database>Unknown</database>
    </source>
    <size>
        <width>320</width>
        <height>240</height>
        <depth>3</depth>
    </size>
    <segmented>0</segmented>
    <object>
    <name>apple</name>
    <pose>Unspecified</pose>
    <truncated>0</truncated>
    <difficult>0</difficult>
    <bndbox>
        <xmin>55.8375449830652</xmin>
        <ymin>69.77970855230672</ymin>
        <xmax>118.47985354043183</xmax>
        <ymax>130.0670312059114</ymax>
    </bndbox>
</object><object>
    <name>hand</name>
    <pose>Unspecified</pose>
    <truncated>0</truncated>
    <difficult>0</difficult>
    <bndbox>
        <xmin>198.42703919491527</xmin>
        <ymin>107.09137480137711</ymin>
        <xmax>320</xmax>
        <ymax>240</ymax>
    </bndbox>
</object>
</annotation>