<annotation verified="yes">
    <folder>Annotation</folder>
    <filename>frame_1400</filename>
    <path>openmv_auto_exposure-PascalVOC-export/Annotations/frame_1400.jpg</path>
    <source>
        <database>Unknown</database>
    </source>
    <size>
        <width>320</width>
        <height>240</height>
        <depth>3</depth>
    </size>
    <segmented>0</segmented>
    <object>
    <name>apple</name>
    <pose>Unspecified</pose>
    <truncated>0</truncated>
    <difficult>0</difficult>
    <bndbox>
        <xmin>29.17806541313559</xmin>
        <ymin>117.33785752118644</ymin>
        <xmax>88.31039790783899</xmax>
        <ymax>177.71421477754237</ymax>
    </bndbox>
</object>
</annotation>