<annotation verified="yes">
    <folder>Annotation</folder>
    <filename>frame_303</filename>
    <path>openmv_auto_exposure-PascalVOC-export/Annotations/frame_303.jpg</path>
    <source>
        <database>Unknown</database>
    </source>
    <size>
        <width>320</width>
        <height>240</height>
        <depth>3</depth>
    </size>
    <segmented>0</segmented>
    <object>
    <name>apple</name>
    <pose>Unspecified</pose>
    <truncated>0</truncated>
    <difficult>0</difficult>
    <bndbox>
        <xmin>56.70866988877118</xmin>
        <ymin>113.40932865466101</ymin>
        <xmax>114.83166710805085</xmax>
        <ymax>165.95880230402543</ymax>
    </bndbox>
</object><object>
    <name>hand</name>
    <pose>Unspecified</pose>
    <truncated>0</truncated>
    <difficult>0</difficult>
    <bndbox>
        <xmin>60.09644796080509</xmin>
        <ymin>74.65003475900424</ymin>
        <xmax>216.3021716101695</xmax>
        <ymax>221.52714512711867</ymax>
    </bndbox>
</object>
</annotation>