<annotation verified="yes">
    <folder>Annotation</folder>
    <filename>frame_211</filename>
    <path>openmv_auto_exposure-PascalVOC-export/Annotations/frame_211.jpg</path>
    <source>
        <database>Unknown</database>
    </source>
    <size>
        <width>320</width>
        <height>240</height>
        <depth>3</depth>
    </size>
    <segmented>0</segmented>
    <object>
    <name>apple</name>
    <pose>Unspecified</pose>
    <truncated>0</truncated>
    <difficult>0</difficult>
    <bndbox>
        <xmin>81.62935315148304</xmin>
        <ymin>110.80897444385593</ymin>
        <xmax>138.50345934851694</xmax>
        <ymax>174.22292108050846</ymax>
    </bndbox>
</object><object>
    <name>hand</name>
    <pose>Unspecified</pose>
    <truncated>0</truncated>
    <difficult>0</difficult>
    <bndbox>
        <xmin>81.62935315148304</xmin>
        <ymin>110.80897444385593</ymin>
        <xmax>138.50345934851694</xmax>
        <ymax>174.22292108050846</ymax>
    </bndbox>
</object><object>
    <name>hand</name>
    <pose>Unspecified</pose>
    <truncated>0</truncated>
    <difficult>0</difficult>
    <bndbox>
        <xmin>83.6630031779661</xmin>
        <ymin>68.42616194385593</ymin>
        <xmax>235.26135460805085</xmax>
        <ymax>220.67973715572035</ymax>
    </bndbox>
</object>
</annotation>