<annotation verified="yes">
    <folder>Annotation</folder>
    <filename>frame_316</filename>
    <path>openmv_auto_exposure-PascalVOC-export/Annotations/frame_316.jpg</path>
    <source>
        <database>Unknown</database>
    </source>
    <size>
        <width>320</width>
        <height>240</height>
        <depth>3</depth>
    </size>
    <segmented>0</segmented>
    <object>
    <name>apple</name>
    <pose>Unspecified</pose>
    <truncated>0</truncated>
    <difficult>0</difficult>
    <bndbox>
        <xmin>31.874222060381356</xmin>
        <ymin>90.53022378177965</ymin>
        <xmax>82.98621226165254</xmax>
        <ymax>144.58795683262713</ymax>
    </bndbox>
</object><object>
    <name>hand</name>
    <pose>Unspecified</pose>
    <truncated>0</truncated>
    <difficult>0</difficult>
    <bndbox>
        <xmin>37.734937764830505</xmin>
        <ymin>56.126175185381356</ymin>
        <xmax>176.55895789194915</xmax>
        <ymax>204.32835672669492</ymax>
    </bndbox>
</object>
</annotation>