<annotation verified="yes">
    <folder>Annotation</folder>
    <filename>frame_1478</filename>
    <path>openmv_auto_exposure-PascalVOC-export/Annotations/frame_1478.jpg</path>
    <source>
        <database>Unknown</database>
    </source>
    <size>
        <width>320</width>
        <height>240</height>
        <depth>3</depth>
    </size>
    <segmented>0</segmented>
    <object>
    <name>apple</name>
    <pose>Unspecified</pose>
    <truncated>0</truncated>
    <difficult>0</difficult>
    <bndbox>
        <xmin>79.62495034427965</xmin>
        <ymin>86.45674986758475</ymin>
        <xmax>142.3137910487288</xmax>
        <ymax>144.46156647245763</ymax>
    </bndbox>
</object><object>
    <name>hand</name>
    <pose>Unspecified</pose>
    <truncated>0</truncated>
    <difficult>0</difficult>
    <bndbox>
        <xmin>89.14469676906779</xmin>
        <ymin>67.27316439353814</ymin>
        <xmax>244.63585805084745</xmax>
        <ymax>206.27113678495763</ymax>
    </bndbox>
</object>
</annotation>