<annotation verified="yes">
    <folder>Annotation</folder>
    <filename>frame_1281</filename>
    <path>openmv_auto_exposure-PascalVOC-export/Annotations/frame_1281.jpg</path>
    <source>
        <database>Unknown</database>
    </source>
    <size>
        <width>320</width>
        <height>240</height>
        <depth>3</depth>
    </size>
    <segmented>0</segmented>
    <object>
    <name>apple</name>
    <pose>Unspecified</pose>
    <truncated>0</truncated>
    <difficult>0</difficult>
    <bndbox>
        <xmin>187.45094014830508</xmin>
        <ymin>132.52242783368644</ymin>
        <xmax>252.61470471398303</xmax>
        <ymax>197.31091101694915</ymax>
    </bndbox>
</object><object>
    <name>hand</name>
    <pose>Unspecified</pose>
    <truncated>0</truncated>
    <difficult>0</difficult>
    <bndbox>
        <xmin>189.71603548728814</xmin>
        <ymin>109.20314155190678</ymin>
        <xmax>310.8832097457627</xmax>
        <ymax>240</ymax>
    </bndbox>
</object>
</annotation>