<annotation verified="yes">
    <folder>Annotation</folder>
    <filename>frame_400</filename>
    <path>openmv_auto_exposure-PascalVOC-export/Annotations/frame_400.jpg</path>
    <source>
        <database>Unknown</database>
    </source>
    <size>
        <width>320</width>
        <height>240</height>
        <depth>3</depth>
    </size>
    <segmented>0</segmented>
    <object>
    <name>apple</name>
    <pose>Unspecified</pose>
    <truncated>0</truncated>
    <difficult>0</difficult>
    <bndbox>
        <xmin>134.0178264036017</xmin>
        <ymin>50.86153502383475</ymin>
        <xmax>190.52105402542372</xmax>
        <ymax>110.03235897775423</ymax>
    </bndbox>
</object><object>
    <name>hand</name>
    <pose>Unspecified</pose>
    <truncated>0</truncated>
    <difficult>0</difficult>
    <bndbox>
        <xmin>133.8096530720339</xmin>
        <ymin>35.09327413268009</ymin>
        <xmax>267.040717690678</xmax>
        <ymax>202.06028204449152</ymax>
    </bndbox>
</object>
</annotation>