<annotation verified="yes">
    <folder>Annotation</folder>
    <filename>frame_165</filename>
    <path>openmv_auto_exposure-PascalVOC-export/Annotations/frame_165.jpg</path>
    <source>
        <database>Unknown</database>
    </source>
    <size>
        <width>320</width>
        <height>240</height>
        <depth>3</depth>
    </size>
    <segmented>0</segmented>
    <object>
    <name>apple</name>
    <pose>Unspecified</pose>
    <truncated>0</truncated>
    <difficult>0</difficult>
    <bndbox>
        <xmin>92.54644465042372</xmin>
        <ymin>115.48151152012711</ymin>
        <xmax>147.02701271186442</xmax>
        <ymax>164.76963056144066</ymax>
    </bndbox>
</object><object>
    <name>hand</name>
    <pose>Unspecified</pose>
    <truncated>0</truncated>
    <difficult>0</difficult>
    <bndbox>
        <xmin>84.07494703389831</xmin>
        <ymin>83.92161016949153</ymin>
        <xmax>241.62347722457628</xmax>
        <ymax>220.13928429555085</ymax>
    </bndbox>
</object>
</annotation>