<annotation verified="yes">
    <folder>Annotation</folder>
    <filename>frame_1160</filename>
    <path>openmv_auto_exposure-PascalVOC-export/Annotations/frame_1160.jpg</path>
    <source>
        <database>Unknown</database>
    </source>
    <size>
        <width>320</width>
        <height>240</height>
        <depth>3</depth>
    </size>
    <segmented>0</segmented>
    <object>
    <name>apple</name>
    <pose>Unspecified</pose>
    <truncated>0</truncated>
    <difficult>0</difficult>
    <bndbox>
        <xmin>144.21454581567798</xmin>
        <ymin>102.27219610699153</ymin>
        <xmax>203.5336996822034</xmax>
        <ymax>161.666843220339</ymax>
    </bndbox>
</object><object>
    <name>hand</name>
    <pose>Unspecified</pose>
    <truncated>0</truncated>
    <difficult>0</difficult>
    <bndbox>
        <xmin>132.44903667902543</xmin>
        <ymin>83.52548993644068</ymin>
        <xmax>283.3279263771186</xmax>
        <ymax>217.59571967690675</ymax>
    </bndbox>
</object>
</annotation>