<annotation verified="yes">
    <folder>Annotation</folder>
    <filename>frame_1184</filename>
    <path>openmv_auto_exposure-PascalVOC-export/Annotations/frame_1184.jpg</path>
    <source>
        <database>Unknown</database>
    </source>
    <size>
        <width>320</width>
        <height>240</height>
        <depth>3</depth>
    </size>
    <segmented>0</segmented>
    <object>
    <name>apple</name>
    <pose>Unspecified</pose>
    <truncated>0</truncated>
    <difficult>0</difficult>
    <bndbox>
        <xmin>172.46822033898306</xmin>
        <ymin>66.22222590042372</ymin>
        <xmax>216.02641684322035</xmax>
        <ymax>135.97643008474574</ymax>
    </bndbox>
</object><object>
    <name>hand</name>
    <pose>Unspecified</pose>
    <truncated>0</truncated>
    <difficult>0</difficult>
    <bndbox>
        <xmin>156.96103681144066</xmin>
        <ymin>40.29152045815678</ymin>
        <xmax>286.08620233050846</xmax>
        <ymax>205.5799126059322</ymax>
    </bndbox>
</object>
</annotation>