<annotation verified="yes">
    <folder>Annotation</folder>
    <filename>frame_276</filename>
    <path>openmv_auto_exposure-PascalVOC-export/Annotations/frame_276.jpg</path>
    <source>
        <database>Unknown</database>
    </source>
    <size>
        <width>320</width>
        <height>240</height>
        <depth>3</depth>
    </size>
    <segmented>0</segmented>
    <object>
    <name>apple</name>
    <pose>Unspecified</pose>
    <truncated>0</truncated>
    <difficult>0</difficult>
    <bndbox>
        <xmin>82.51181806144068</xmin>
        <ymin>113.11763440148304</ymin>
        <xmax>139.28007481461864</xmax>
        <ymax>167.998195842161</ymax>
    </bndbox>
</object><object>
    <name>hand</name>
    <pose>Unspecified</pose>
    <truncated>0</truncated>
    <difficult>0</difficult>
    <bndbox>
        <xmin>76.52277542372882</xmin>
        <ymin>79.73271153336864</ymin>
        <xmax>241.1739274364407</xmax>
        <ymax>221.4584050582627</ymax>
    </bndbox>
</object>
</annotation>