<annotation verified="yes">
    <folder>Annotation</folder>
    <filename>frame_450</filename>
    <path>openmv_auto_exposure-PascalVOC-export/Annotations/frame_450.jpg</path>
    <source>
        <database>Unknown</database>
    </source>
    <size>
        <width>320</width>
        <height>240</height>
        <depth>3</depth>
    </size>
    <segmented>0</segmented>
    <object>
    <name>apple</name>
    <pose>Unspecified</pose>
    <truncated>0</truncated>
    <difficult>0</difficult>
    <bndbox>
        <xmin>280.71219544491527</xmin>
        <ymin>187.43031647245763</ymin>
        <xmax>320</xmax>
        <ymax>239.54811639300848</ymax>
    </bndbox>
</object>
</annotation>