<annotation verified="yes">
    <folder>Annotation</folder>
    <filename>frame_1224</filename>
    <path>openmv_auto_exposure-PascalVOC-export/Annotations/frame_1224.jpg</path>
    <source>
        <database>Unknown</database>
    </source>
    <size>
        <width>320</width>
        <height>240</height>
        <depth>3</depth>
    </size>
    <segmented>0</segmented>
    <object>
    <name>apple</name>
    <pose>Unspecified</pose>
    <truncated>0</truncated>
    <difficult>0</difficult>
    <bndbox>
        <xmin>121.0684421345339</xmin>
        <ymin>109.65409825211864</ymin>
        <xmax>174.23369637182202</xmax>
        <ymax>170.98783434851694</ymax>
    </bndbox>
</object><object>
    <name>hand</name>
    <pose>Unspecified</pose>
    <truncated>0</truncated>
    <difficult>0</difficult>
    <bndbox>
        <xmin>269.58269332627117</xmin>
        <ymin>112.93385858050847</ymin>
        <xmax>320</xmax>
        <ymax>240</ymax>
    </bndbox>
</object>
</annotation>