<annotation verified="yes">
    <folder>Annotation</folder>
    <filename>frame_1371</filename>
    <path>openmv_auto_exposure-PascalVOC-export/Annotations/frame_1371.jpg</path>
    <source>
        <database>Unknown</database>
    </source>
    <size>
        <width>320</width>
        <height>240</height>
        <depth>3</depth>
    </size>
    <segmented>0</segmented>
    <object>
    <name>apple</name>
    <pose>Unspecified</pose>
    <truncated>0</truncated>
    <difficult>0</difficult>
    <bndbox>
        <xmin>111.41412870762711</xmin>
        <ymin>169.04273702330508</ymin>
        <xmax>171.2172768802966</xmax>
        <ymax>224.3264201536017</ymax>
    </bndbox>
</object><object>
    <name>hand</name>
    <pose>Unspecified</pose>
    <truncated>0</truncated>
    <difficult>0</difficult>
    <bndbox>
        <xmin>193.9659030720339</xmin>
        <ymin>172.77545683262713</ymin>
        <xmax>305.0589909957627</xmax>
        <ymax>238.2713188559322</ymax>
    </bndbox>
</object>
</annotation>