<annotation verified="yes">
    <folder>Annotation</folder>
    <filename>frame_246</filename>
    <path>openmv_auto_exposure-PascalVOC-export/Annotations/frame_246.jpg</path>
    <source>
        <database>Unknown</database>
    </source>
    <size>
        <width>320</width>
        <height>240</height>
        <depth>3</depth>
    </size>
    <segmented>0</segmented>
    <object>
    <name>apple</name>
    <pose>Unspecified</pose>
    <truncated>0</truncated>
    <difficult>0</difficult>
    <bndbox>
        <xmin>70.77297404661017</xmin>
        <ymin>108.76698225635593</ymin>
        <xmax>128.8698689088983</xmax>
        <ymax>166.27174920550846</ymax>
    </bndbox>
</object><object>
    <name>hand</name>
    <pose>Unspecified</pose>
    <truncated>0</truncated>
    <difficult>0</difficult>
    <bndbox>
        <xmin>78.15284030720339</xmin>
        <ymin>53.58083123675848</ymin>
        <xmax>227.74212129237287</xmax>
        <ymax>217.61544954978814</ymax>
    </bndbox>
</object>
</annotation>