<annotation verified="yes">
    <folder>Annotation</folder>
    <filename>frame_1010</filename>
    <path>openmv_auto_exposure-PascalVOC-export/Annotations/frame_1010.jpg</path>
    <source>
        <database>Unknown</database>
    </source>
    <size>
        <width>320</width>
        <height>240</height>
        <depth>3</depth>
    </size>
    <segmented>0</segmented>
    <object>
    <name>apple</name>
    <pose>Unspecified</pose>
    <truncated>0</truncated>
    <difficult>0</difficult>
    <bndbox>
        <xmin>42.23065562817528</xmin>
        <ymin>38.8034464058973</ymin>
        <xmax>88.72124060647756</xmax>
        <ymax>92.49786445841565</ymax>
    </bndbox>
</object><object>
    <name>hand</name>
    <pose>Unspecified</pose>
    <truncated>0</truncated>
    <difficult>0</difficult>
    <bndbox>
        <xmin>34.10195974576271</xmin>
        <ymin>2.258006984904661</ymin>
        <xmax>182.67313294491527</xmax>
        <ymax>157.12902211334745</ymax>
    </bndbox>
</object>
</annotation>