<annotation verified="yes">
    <folder>Annotation</folder>
    <filename>frame_413</filename>
    <path>openmv_auto_exposure-PascalVOC-export/Annotations/frame_413.jpg</path>
    <source>
        <database>Unknown</database>
    </source>
    <size>
        <width>320</width>
        <height>240</height>
        <depth>3</depth>
    </size>
    <segmented>0</segmented>
    <object>
    <name>apple</name>
    <pose>Unspecified</pose>
    <truncated>0</truncated>
    <difficult>0</difficult>
    <bndbox>
        <xmin>265.0037076271186</xmin>
        <ymin>92.23851297669492</ymin>
        <xmax>311.2558924788135</xmax>
        <ymax>152.26153667902543</ymax>
    </bndbox>
</object><object>
    <name>hand</name>
    <pose>Unspecified</pose>
    <truncated>0</truncated>
    <difficult>0</difficult>
    <bndbox>
        <xmin>258.5455508474576</xmin>
        <ymin>82.12946073887711</ymin>
        <xmax>320</xmax>
        <ymax>240</ymax>
    </bndbox>
</object>
</annotation>