<annotation verified="yes">
    <folder>Annotation</folder>
    <filename>frame_325</filename>
    <path>openmv_auto_exposure-PascalVOC-export/Annotations/frame_325.jpg</path>
    <source>
        <database>Unknown</database>
    </source>
    <size>
        <width>320</width>
        <height>240</height>
        <depth>3</depth>
    </size>
    <segmented>0</segmented>
    <object>
    <name>apple</name>
    <pose>Unspecified</pose>
    <truncated>0</truncated>
    <difficult>0</difficult>
    <bndbox>
        <xmin>31.940661414194913</xmin>
        <ymin>88.74999172404661</ymin>
        <xmax>86.37657243114407</xmax>
        <ymax>145.7020491260593</ymax>
    </bndbox>
</object><object>
    <name>hand</name>
    <pose>Unspecified</pose>
    <truncated>0</truncated>
    <difficult>0</difficult>
    <bndbox>
        <xmin>61.89898371292373</xmin>
        <ymin>54.089049258474574</ymin>
        <xmax>204.74523305084745</xmax>
        <ymax>208.1043266684322</ymax>
    </bndbox>
</object>
</annotation>