<annotation verified="yes">
    <folder>Annotation</folder>
    <filename>frame_132</filename>
    <path>openmv_auto_exposure-PascalVOC-export/Annotations/frame_132.jpg</path>
    <source>
        <database>Unknown</database>
    </source>
    <size>
        <width>320</width>
        <height>240</height>
        <depth>3</depth>
    </size>
    <segmented>0</segmented>
    <object>
    <name>apple</name>
    <pose>Unspecified</pose>
    <truncated>0</truncated>
    <difficult>0</difficult>
    <bndbox>
        <xmin>105.0698987023305</xmin>
        <ymin>75.36566472457628</ymin>
        <xmax>155.33067399364407</xmax>
        <ymax>138.26006355932205</ymax>
    </bndbox>
</object><object>
    <name>hand</name>
    <pose>Unspecified</pose>
    <truncated>0</truncated>
    <difficult>0</difficult>
    <bndbox>
        <xmin>106.99473649364407</xmin>
        <ymin>43.51465671345339</ymin>
        <xmax>239.86414194915255</xmax>
        <ymax>214.30488612288138</ymax>
    </bndbox>
</object>
</annotation>