<annotation verified="yes">
    <folder>Annotation</folder>
    <filename>frame_1548</filename>
    <path>openmv_auto_exposure-PascalVOC-export/Annotations/frame_1548.jpg</path>
    <source>
        <database>Unknown</database>
    </source>
    <size>
        <width>320</width>
        <height>240</height>
        <depth>3</depth>
    </size>
    <segmented>0</segmented>
    <object>
    <name>apple</name>
    <pose>Unspecified</pose>
    <truncated>0</truncated>
    <difficult>0</difficult>
    <bndbox>
        <xmin>53.300152277542374</xmin>
        <ymin>163.5699152542373</ymin>
        <xmax>104.6040783898305</xmax>
        <ymax>216.04252184851694</ymax>
    </bndbox>
</object><object>
    <name>hand</name>
    <pose>Unspecified</pose>
    <truncated>0</truncated>
    <difficult>0</difficult>
    <bndbox>
        <xmin>44.308345471398304</xmin>
        <ymin>120.69868908898304</ymin>
        <xmax>209.13820842161016</xmax>
        <ymax>240</ymax>
    </bndbox>
</object>
</annotation>