<annotation verified="yes">
    <folder>Annotation</folder>
    <filename>frame_1469</filename>
    <path>openmv_auto_exposure-PascalVOC-export/Annotations/frame_1469.jpg</path>
    <source>
        <database>Unknown</database>
    </source>
    <size>
        <width>320</width>
        <height>240</height>
        <depth>3</depth>
    </size>
    <segmented>0</segmented>
    <object>
    <name>apple</name>
    <pose>Unspecified</pose>
    <truncated>0</truncated>
    <difficult>0</difficult>
    <bndbox>
        <xmin>79.74970206567797</xmin>
        <ymin>41.674887447033896</ymin>
        <xmax>149.3479045286017</xmax>
        <ymax>102.14518505031779</ymax>
    </bndbox>
</object><object>
    <name>hand</name>
    <pose>Unspecified</pose>
    <truncated>0</truncated>
    <difficult>0</difficult>
    <bndbox>
        <xmin>90.51916710805085</xmin>
        <ymin>22.526689949682204</ymin>
        <xmax>224.03641419491527</xmax>
        <ymax>183.91037142478814</ymax>
    </bndbox>
</object>
</annotation>