<annotation verified="yes">
    <folder>Annotation</folder>
    <filename>frame_1188</filename>
    <path>openmv_auto_exposure-PascalVOC-export/Annotations/frame_1188.jpg</path>
    <source>
        <database>Unknown</database>
    </source>
    <size>
        <width>320</width>
        <height>240</height>
        <depth>3</depth>
    </size>
    <segmented>0</segmented>
    <object>
    <name>apple</name>
    <pose>Unspecified</pose>
    <truncated>0</truncated>
    <difficult>0</difficult>
    <bndbox>
        <xmin>149.56077860169492</xmin>
        <ymin>81.4867419226695</ymin>
        <xmax>205.11788268008473</xmax>
        <ymax>148.4237288135593</ymax>
    </bndbox>
</object><object>
    <name>hand</name>
    <pose>Unspecified</pose>
    <truncated>0</truncated>
    <difficult>0</difficult>
    <bndbox>
        <xmin>136.58626853813558</xmin>
        <ymin>55.535454184322035</ymin>
        <xmax>282.25870630296606</xmax>
        <ymax>207.06107653601697</ymax>
    </bndbox>
</object>
</annotation>