<annotation verified="yes">
    <folder>Annotation</folder>
    <filename>frame_1189</filename>
    <path>openmv_auto_exposure-PascalVOC-export/Annotations/frame_1189.jpg</path>
    <source>
        <database>Unknown</database>
    </source>
    <size>
        <width>320</width>
        <height>240</height>
        <depth>3</depth>
    </size>
    <segmented>0</segmented>
    <object>
    <name>apple</name>
    <pose>Unspecified</pose>
    <truncated>0</truncated>
    <difficult>0</difficult>
    <bndbox>
        <xmin>151.68073027012713</xmin>
        <ymin>80.66507216631356</ymin>
        <xmax>205.79992055084747</xmax>
        <ymax>149.32716498940678</ymax>
    </bndbox>
</object><object>
    <name>hand</name>
    <pose>Unspecified</pose>
    <truncated>0</truncated>
    <difficult>0</difficult>
    <bndbox>
        <xmin>139.00933527542372</xmin>
        <ymin>56.33600370762712</ymin>
        <xmax>285.72921080508473</xmax>
        <ymax>209.6089777542373</ymax>
    </bndbox>
</object>
</annotation>