<annotation verified="yes">
    <folder>Annotation</folder>
    <filename>frame_1485</filename>
    <path>openmv_auto_exposure-PascalVOC-export/Annotations/frame_1485.jpg</path>
    <source>
        <database>Unknown</database>
    </source>
    <size>
        <width>320</width>
        <height>240</height>
        <depth>3</depth>
    </size>
    <segmented>0</segmented>
    <object>
    <name>apple</name>
    <pose>Unspecified</pose>
    <truncated>0</truncated>
    <difficult>0</difficult>
    <bndbox>
        <xmin>90.61733646716101</xmin>
        <ymin>99.52358646716101</ymin>
        <xmax>151.57883673199152</xmax>
        <ymax>159.38092558262713</ymax>
    </bndbox>
</object><object>
    <name>hand</name>
    <pose>Unspecified</pose>
    <truncated>0</truncated>
    <difficult>0</difficult>
    <bndbox>
        <xmin>103.84692796610169</xmin>
        <ymin>55.067523503707626</ymin>
        <xmax>260.99490201271186</xmax>
        <ymax>215.32643670550848</ymax>
    </bndbox>
</object>
</annotation>