<annotation verified="yes">
    <folder>Annotation</folder>
    <filename>frame_1631</filename>
    <path>openmv_auto_exposure-PascalVOC-export/Annotations/frame_1631.jpg</path>
    <source>
        <database>Unknown</database>
    </source>
    <size>
        <width>320</width>
        <height>240</height>
        <depth>3</depth>
    </size>
    <segmented>0</segmented>
    <object>
    <name>apple</name>
    <pose>Unspecified</pose>
    <truncated>0</truncated>
    <difficult>0</difficult>
    <bndbox>
        <xmin>119.35694186970339</xmin>
        <ymin>90.8594577595339</ymin>
        <xmax>178.53022378177965</xmax>
        <ymax>153.02592028601694</ymax>
    </bndbox>
</object>
</annotation>