<annotation verified="yes">
    <folder>Annotation</folder>
    <filename>frame_314</filename>
    <path>openmv_auto_exposure-PascalVOC-export/Annotations/frame_314.jpg</path>
    <source>
        <database>Unknown</database>
    </source>
    <size>
        <width>320</width>
        <height>240</height>
        <depth>3</depth>
    </size>
    <segmented>0</segmented>
    <object>
    <name>apple</name>
    <pose>Unspecified</pose>
    <truncated>0</truncated>
    <difficult>0</difficult>
    <bndbox>
        <xmin>29.560745497881356</xmin>
        <ymin>91.08726165254237</ymin>
        <xmax>81.01718087923729</xmax>
        <ymax>145.4904661016949</ymax>
    </bndbox>
</object><object>
    <name>hand</name>
    <pose>Unspecified</pose>
    <truncated>0</truncated>
    <difficult>0</difficult>
    <bndbox>
        <xmin>38.11660818326271</xmin>
        <ymin>56.89144431938559</ymin>
        <xmax>178.15916313559322</xmax>
        <ymax>203.4555415783898</ymax>
    </bndbox>
</object>
</annotation>