<annotation verified="yes">
    <folder>Annotation</folder>
    <filename>frame_1352</filename>
    <path>openmv_auto_exposure-PascalVOC-export/Annotations/frame_1352.jpg</path>
    <source>
        <database>Unknown</database>
    </source>
    <size>
        <width>320</width>
        <height>240</height>
        <depth>3</depth>
    </size>
    <segmented>0</segmented>
    <object>
    <name>apple</name>
    <pose>Unspecified</pose>
    <truncated>0</truncated>
    <difficult>0</difficult>
    <bndbox>
        <xmin>221.34471001059322</xmin>
        <ymin>184.8494438559322</ymin>
        <xmax>279.6736626059322</xmax>
        <ymax>238.3355402542373</ymax>
    </bndbox>
</object>
</annotation>