<annotation verified="yes">
    <folder>Annotation</folder>
    <filename>frame_207</filename>
    <path>openmv_auto_exposure-PascalVOC-export/Annotations/frame_207.jpg</path>
    <source>
        <database>Unknown</database>
    </source>
    <size>
        <width>320</width>
        <height>240</height>
        <depth>3</depth>
    </size>
    <segmented>0</segmented>
    <object>
    <name>apple</name>
    <pose>Unspecified</pose>
    <truncated>0</truncated>
    <difficult>0</difficult>
    <bndbox>
        <xmin>80.08423265360169</xmin>
        <ymin>106.72373212394068</ymin>
        <xmax>134.60356528072032</xmax>
        <ymax>170.97091829978814</ymax>
    </bndbox>
</object><object>
    <name>hand</name>
    <pose>Unspecified</pose>
    <truncated>0</truncated>
    <difficult>0</difficult>
    <bndbox>
        <xmin>81.61778336864407</xmin>
        <ymin>62.600610765360166</ymin>
        <xmax>235.09206170550848</xmax>
        <ymax>219.76671742584745</ymax>
    </bndbox>
</object>
</annotation>