<annotation verified="yes">
    <folder>Annotation</folder>
    <filename>frame_1133</filename>
    <path>openmv_auto_exposure-PascalVOC-export/Annotations/frame_1133.jpg</path>
    <source>
        <database>Unknown</database>
    </source>
    <size>
        <width>320</width>
        <height>240</height>
        <depth>3</depth>
    </size>
    <segmented>0</segmented>
    <object>
    <name>apple</name>
    <pose>Unspecified</pose>
    <truncated>0</truncated>
    <difficult>0</difficult>
    <bndbox>
        <xmin>55.544557733050844</xmin>
        <ymin>68.02674788135593</ymin>
        <xmax>118.42806541313558</xmax>
        <ymax>128.16247351694915</ymax>
    </bndbox>
</object><object>
    <name>hand</name>
    <pose>Unspecified</pose>
    <truncated>0</truncated>
    <difficult>0</difficult>
    <bndbox>
        <xmin>79.07153734110169</xmin>
        <ymin>57.315735897775426</ymin>
        <xmax>231.678561970339</xmax>
        <ymax>227.98384533898306</ymax>
    </bndbox>
</object>
</annotation>