<annotation verified="yes">
    <folder>Annotation</folder>
    <filename>frame_136</filename>
    <path>openmv_auto_exposure-PascalVOC-export/Annotations/frame_136.jpg</path>
    <source>
        <database>Unknown</database>
    </source>
    <size>
        <width>320</width>
        <height>240</height>
        <depth>3</depth>
    </size>
    <segmented>0</segmented>
    <object>
    <name>apple</name>
    <pose>Unspecified</pose>
    <truncated>0</truncated>
    <difficult>0</difficult>
    <bndbox>
        <xmin>105.02060712394068</xmin>
        <ymin>76.27572993908899</ymin>
        <xmax>156.56759798728814</xmax>
        <ymax>140.42849576271186</ymax>
    </bndbox>
</object><object>
    <name>hand</name>
    <pose>Unspecified</pose>
    <truncated>0</truncated>
    <difficult>0</difficult>
    <bndbox>
        <xmin>109.75264830508475</xmin>
        <ymin>41.392933990995765</ymin>
        <xmax>241.02310646186442</xmax>
        <ymax>213.88052833686442</ymax>
    </bndbox>
</object>
</annotation>