<annotation verified="yes">
    <folder>Annotation</folder>
    <filename>frame_1610</filename>
    <path>openmv_auto_exposure-PascalVOC-export/Annotations/frame_1610.jpg</path>
    <source>
        <database>Unknown</database>
    </source>
    <size>
        <width>320</width>
        <height>240</height>
        <depth>3</depth>
    </size>
    <segmented>0</segmented>
    <object>
    <name>apple</name>
    <pose>Unspecified</pose>
    <truncated>0</truncated>
    <difficult>0</difficult>
    <bndbox>
        <xmin>120.591796875</xmin>
        <ymin>89.61499437235169</ymin>
        <xmax>178.62183858580508</xmax>
        <ymax>151.93877449682202</ymax>
    </bndbox>
</object>
</annotation>