<annotation verified="yes">
    <folder>Annotation</folder>
    <filename>frame_1770</filename>
    <path>openmv_auto_exposure-PascalVOC-export/Annotations/frame_1770.jpg</path>
    <source>
        <database>Unknown</database>
    </source>
    <size>
        <width>320</width>
        <height>240</height>
        <depth>3</depth>
    </size>
    <segmented>0</segmented>
    <object>
    <name>apple</name>
    <pose>Unspecified</pose>
    <truncated>0</truncated>
    <difficult>0</difficult>
    <bndbox>
        <xmin>123.4072265625</xmin>
        <ymin>87.99773238877118</ymin>
        <xmax>180.7905190677966</xmax>
        <ymax>147.50648834745763</ymax>
    </bndbox>
</object><object>
    <name>hand</name>
    <pose>Unspecified</pose>
    <truncated>0</truncated>
    <difficult>0</difficult>
    <bndbox>
        <xmin>203.74261784957628</xmin>
        <ymin>68.51606362552965</ymin>
        <xmax>306.6122219279661</xmax>
        <ymax>230.5038069385593</ymax>
    </bndbox>
</object>
</annotation>