<annotation verified="yes">
    <folder>Annotation</folder>
    <filename>frame_1146</filename>
    <path>openmv_auto_exposure-PascalVOC-export/Annotations/frame_1146.jpg</path>
    <source>
        <database>Unknown</database>
    </source>
    <size>
        <width>320</width>
        <height>240</height>
        <depth>3</depth>
    </size>
    <segmented>0</segmented>
    <object>
    <name>apple</name>
    <pose>Unspecified</pose>
    <truncated>0</truncated>
    <difficult>0</difficult>
    <bndbox>
        <xmin>47.73192531779661</xmin>
        <ymin>76.75643869173729</ymin>
        <xmax>92.83295815677965</xmax>
        <ymax>125.65543895656779</ymax>
    </bndbox>
</object><object>
    <name>hand</name>
    <pose>Unspecified</pose>
    <truncated>0</truncated>
    <difficult>0</difficult>
    <bndbox>
        <xmin>42.09406448622882</xmin>
        <ymin>45.34322033898305</ymin>
        <xmax>188.8705971927966</xmax>
        <ymax>201.23611295021186</ymax>
    </bndbox>
</object>
</annotation>