<annotation verified="yes">
    <folder>Annotation</folder>
    <filename>frame_1191</filename>
    <path>openmv_auto_exposure-PascalVOC-export/Annotations/frame_1191.jpg</path>
    <source>
        <database>Unknown</database>
    </source>
    <size>
        <width>320</width>
        <height>240</height>
        <depth>3</depth>
    </size>
    <segmented>0</segmented>
    <object>
    <name>apple</name>
    <pose>Unspecified</pose>
    <truncated>0</truncated>
    <difficult>0</difficult>
    <bndbox>
        <xmin>120.39112155720339</xmin>
        <ymin>112.59086996822033</ymin>
        <xmax>173.2257514565678</xmax>
        <ymax>172.0333686440678</ymax>
    </bndbox>
</object><object>
    <name>hand</name>
    <pose>Unspecified</pose>
    <truncated>0</truncated>
    <difficult>0</difficult>
    <bndbox>
        <xmin>112.0008938029661</xmin>
        <ymin>69.74158335540254</ymin>
        <xmax>270.6172868114407</xmax>
        <ymax>221.6118081302966</ymax>
    </bndbox>
</object>
</annotation>