<annotation verified="yes">
    <folder>Annotation</folder>
    <filename>frame_1546</filename>
    <path>openmv_auto_exposure-PascalVOC-export/Annotations/frame_1546.jpg</path>
    <source>
        <database>Unknown</database>
    </source>
    <size>
        <width>320</width>
        <height>240</height>
        <depth>3</depth>
    </size>
    <segmented>0</segmented>
    <object>
    <name>apple</name>
    <pose>Unspecified</pose>
    <truncated>0</truncated>
    <difficult>0</difficult>
    <bndbox>
        <xmin>63.96706170550848</xmin>
        <ymin>128.88380561440678</ymin>
        <xmax>127.25410487288136</xmax>
        <ymax>176.75999735169492</ymax>
    </bndbox>
</object><object>
    <name>hand</name>
    <pose>Unspecified</pose>
    <truncated>0</truncated>
    <difficult>0</difficult>
    <bndbox>
        <xmin>70.029296875</xmin>
        <ymin>68.3483017743644</ymin>
        <xmax>232.20458156779662</xmax>
        <ymax>232.50753111758473</ymax>
    </bndbox>
</object>
</annotation>