<annotation verified="yes">
    <folder>Annotation</folder>
    <filename>frame_1159</filename>
    <path>openmv_auto_exposure-PascalVOC-export/Annotations/frame_1159.jpg</path>
    <source>
        <database>Unknown</database>
    </source>
    <size>
        <width>320</width>
        <height>240</height>
        <depth>3</depth>
    </size>
    <segmented>0</segmented>
    <object>
    <name>apple</name>
    <pose>Unspecified</pose>
    <truncated>0</truncated>
    <difficult>0</difficult>
    <bndbox>
        <xmin>141.4349675582627</xmin>
        <ymin>99.83509335275424</ymin>
        <xmax>202.50248278601694</xmax>
        <ymax>162.11179157838984</ymax>
    </bndbox>
</object><object>
    <name>hand</name>
    <pose>Unspecified</pose>
    <truncated>0</truncated>
    <difficult>0</difficult>
    <bndbox>
        <xmin>130.26251324152543</xmin>
        <ymin>82.31586831302965</ymin>
        <xmax>283.06183792372883</xmax>
        <ymax>216.82279528601694</ymax>
    </bndbox>
</object>
</annotation>