<annotation verified="yes">
    <folder>Annotation</folder>
    <filename>frame_1395</filename>
    <path>openmv_auto_exposure-PascalVOC-export/Annotations/frame_1395.jpg</path>
    <source>
        <database>Unknown</database>
    </source>
    <size>
        <width>320</width>
        <height>240</height>
        <depth>3</depth>
    </size>
    <segmented>0</segmented>
    <object>
    <name>apple</name>
    <pose>Unspecified</pose>
    <truncated>0</truncated>
    <difficult>0</difficult>
    <bndbox>
        <xmin>32.619769597457626</xmin>
        <ymin>136.60771980932202</ymin>
        <xmax>96.7351032838983</xmax>
        <ymax>195.46666445974574</ymax>
    </bndbox>
</object><object>
    <name>hand</name>
    <pose>Unspecified</pose>
    <truncated>0</truncated>
    <difficult>0</difficult>
    <bndbox>
        <xmin>257.17746954449154</xmin>
        <ymin>177.62781382415255</ymin>
        <xmax>320</xmax>
        <ymax>240</ymax>
    </bndbox>
</object>
</annotation>