<annotation verified="yes">
    <folder>Annotation</folder>
    <filename>frame_1581</filename>
    <path>openmv_auto_exposure-PascalVOC-export/Annotations/frame_1581.jpg</path>
    <source>
        <database>Unknown</database>
    </source>
    <size>
        <width>320</width>
        <height>240</height>
        <depth>3</depth>
    </size>
    <segmented>0</segmented>
    <object>
    <name>apple</name>
    <pose>Unspecified</pose>
    <truncated>0</truncated>
    <difficult>0</difficult>
    <bndbox>
        <xmin>121.07362288135593</xmin>
        <ymin>87.80982686705508</ymin>
        <xmax>179.34161480402543</xmax>
        <ymax>153.36170881885593</ymax>
    </bndbox>
</object><object>
    <name>hand</name>
    <pose>Unspecified</pose>
    <truncated>0</truncated>
    <difficult>0</difficult>
    <bndbox>
        <xmin>166.7034394862288</xmin>
        <ymin>78.07362288135593</ymin>
        <xmax>301.0009931144068</xmax>
        <ymax>235.35570047669492</ymax>
    </bndbox>
</object>
</annotation>