<annotation verified="yes">
    <folder>Annotation</folder>
    <filename>frame_228</filename>
    <path>openmv_auto_exposure-PascalVOC-export/Annotations/frame_228.jpg</path>
    <source>
        <database>Unknown</database>
    </source>
    <size>
        <width>320</width>
        <height>240</height>
        <depth>3</depth>
    </size>
    <segmented>0</segmented>
    <object>
    <name>apple</name>
    <pose>Unspecified</pose>
    <truncated>0</truncated>
    <difficult>0</difficult>
    <bndbox>
        <xmin>75.10344941737289</xmin>
        <ymin>110.18188890360169</ymin>
        <xmax>134.24961930614407</xmax>
        <ymax>168.34116790254237</ymax>
    </bndbox>
</object><object>
    <name>hand</name>
    <pose>Unspecified</pose>
    <truncated>0</truncated>
    <difficult>0</difficult>
    <bndbox>
        <xmin>73.80983514300847</xmin>
        <ymin>57.850238347457626</ymin>
        <xmax>234.0098649364407</xmax>
        <ymax>217.3697033898305</ymax>
    </bndbox>
</object>
</annotation>