<annotation verified="yes">
    <folder>Annotation</folder>
    <filename>frame_1391</filename>
    <path>openmv_auto_exposure-PascalVOC-export/Annotations/frame_1391.jpg</path>
    <source>
        <database>Unknown</database>
    </source>
    <size>
        <width>320</width>
        <height>240</height>
        <depth>3</depth>
    </size>
    <segmented>0</segmented>
    <object>
    <name>apple</name>
    <pose>Unspecified</pose>
    <truncated>0</truncated>
    <difficult>0</difficult>
    <bndbox>
        <xmin>34.761528403072035</xmin>
        <ymin>137.9391386387712</ymin>
        <xmax>89.64736162605932</xmax>
        <ymax>196.91758805614407</ymax>
    </bndbox>
</object><object>
    <name>hand</name>
    <pose>Unspecified</pose>
    <truncated>0</truncated>
    <difficult>0</difficult>
    <bndbox>
        <xmin>261.56531382415255</xmin>
        <ymin>179.10411149364407</ymin>
        <xmax>319.3964181673729</xmax>
        <ymax>238.4927502648305</ymax>
    </bndbox>
</object>
</annotation>