<annotation verified="yes">
    <folder>Annotation</folder>
    <filename>frame_1037</filename>
    <path>openmv_auto_exposure-PascalVOC-export/Annotations/frame_1037.jpg</path>
    <source>
        <database>Unknown</database>
    </source>
    <size>
        <width>320</width>
        <height>240</height>
        <depth>3</depth>
    </size>
    <segmented>0</segmented>
    <object>
    <name>apple</name>
    <pose>Unspecified</pose>
    <truncated>0</truncated>
    <difficult>0</difficult>
    <bndbox>
        <xmin>56.55189921147333</xmin>
        <ymin>67.95581275130503</ymin>
        <xmax>119.06036661198138</xmax>
        <ymax>125.49997575126977</ymax>
    </bndbox>
</object><object>
    <name>hand</name>
    <pose>Unspecified</pose>
    <truncated>0</truncated>
    <difficult>0</difficult>
    <bndbox>
        <xmin>81.82772775423729</xmin>
        <ymin>35.38274215439618</ymin>
        <xmax>245.21156647245763</xmax>
        <ymax>187.72277211334745</ymax>
    </bndbox>
</object>
</annotation>