<annotation verified="yes">
    <folder>Annotation</folder>
    <filename>frame_1681</filename>
    <path>openmv_auto_exposure-PascalVOC-export/Annotations/frame_1681.jpg</path>
    <source>
        <database>Unknown</database>
    </source>
    <size>
        <width>320</width>
        <height>240</height>
        <depth>3</depth>
    </size>
    <segmented>0</segmented>
    <object>
    <name>apple</name>
    <pose>Unspecified</pose>
    <truncated>0</truncated>
    <difficult>0</difficult>
    <bndbox>
        <xmin>120.27568855932203</xmin>
        <ymin>91.71456236758475</ymin>
        <xmax>174.74505097987287</xmax>
        <ymax>154.0141684322034</ymax>
    </bndbox>
</object><object>
    <name>hand</name>
    <pose>Unspecified</pose>
    <truncated>0</truncated>
    <difficult>0</difficult>
    <bndbox>
        <xmin>209.79406117584745</xmin>
        <ymin>124.9668796345339</ymin>
        <xmax>320</xmax>
        <ymax>240</ymax>
    </bndbox>
</object>
</annotation>