<annotation verified="yes">
    <folder>Annotation</folder>
    <filename>frame_48</filename>
    <path>openmv_auto_exposure-PascalVOC-export/Annotations/frame_48.jpg</path>
    <source>
        <database>Unknown</database>
    </source>
    <size>
        <width>320</width>
        <height>240</height>
        <depth>3</depth>
    </size>
    <segmented>0</segmented>
    <object>
    <name>apple</name>
    <pose>Unspecified</pose>
    <truncated>0</truncated>
    <difficult>0</difficult>
    <bndbox>
        <xmin>87.56331104343221</xmin>
        <ymin>108.47255693855932</ymin>
        <xmax>145.36942200741527</xmax>
        <ymax>168.07820775953388</ymax>
    </bndbox>
</object><object>
    <name>hand</name>
    <pose>Unspecified</pose>
    <truncated>0</truncated>
    <difficult>0</difficult>
    <bndbox>
        <xmin>82.36928959216101</xmin>
        <ymin>75.81287241790254</ymin>
        <xmax>230.8043564618644</xmax>
        <ymax>240</ymax>
    </bndbox>
</object>
</annotation>