<annotation verified="yes">
    <folder>Annotation</folder>
    <filename>frame_1350</filename>
    <path>openmv_auto_exposure-PascalVOC-export/Annotations/frame_1350.jpg</path>
    <source>
        <database>Unknown</database>
    </source>
    <size>
        <width>320</width>
        <height>240</height>
        <depth>3</depth>
    </size>
    <segmented>0</segmented>
    <object>
    <name>apple</name>
    <pose>Unspecified</pose>
    <truncated>0</truncated>
    <difficult>0</difficult>
    <bndbox>
        <xmin>222.83371954449152</xmin>
        <ymin>184.23626191737287</ymin>
        <xmax>278.140922934322</xmax>
        <ymax>240</ymax>
    </bndbox>
</object>
</annotation>