<annotation verified="yes">
    <folder>Annotation</folder>
    <filename>frame_1153</filename>
    <path>openmv_auto_exposure-PascalVOC-export/Annotations/frame_1153.jpg</path>
    <source>
        <database>Unknown</database>
    </source>
    <size>
        <width>320</width>
        <height>240</height>
        <depth>3</depth>
    </size>
    <segmented>0</segmented>
    <object>
    <name>apple</name>
    <pose>Unspecified</pose>
    <truncated>0</truncated>
    <difficult>0</difficult>
    <bndbox>
        <xmin>80.42295087394068</xmin>
        <ymin>90.15590240995763</ymin>
        <xmax>134.15227754237287</xmax>
        <ymax>145.37920418432205</ymax>
    </bndbox>
</object><object>
    <name>hand</name>
    <pose>Unspecified</pose>
    <truncated>0</truncated>
    <difficult>0</difficult>
    <bndbox>
        <xmin>70.92427502648304</xmin>
        <ymin>68.47057070974576</ymin>
        <xmax>229.45216498940675</xmax>
        <ymax>204.687648967161</ymax>
    </bndbox>
</object>
</annotation>