<annotation verified="yes">
    <folder>Annotation</folder>
    <filename>frame_519</filename>
    <path>openmv_auto_exposure-PascalVOC-export/Annotations/frame_519.jpg</path>
    <source>
        <database>Unknown</database>
    </source>
    <size>
        <width>320</width>
        <height>240</height>
        <depth>3</depth>
    </size>
    <segmented>0</segmented>
    <object>
    <name>apple</name>
    <pose>Unspecified</pose>
    <truncated>0</truncated>
    <difficult>0</difficult>
    <bndbox>
        <xmin>189.69494835805085</xmin>
        <ymin>167.59370034427965</ymin>
        <xmax>245.362155720339</xmax>
        <ymax>224.77128575211864</ymax>
    </bndbox>
</object><object>
    <name>hand</name>
    <pose>Unspecified</pose>
    <truncated>0</truncated>
    <difficult>0</difficult>
    <bndbox>
        <xmin>248.23881091101694</xmin>
        <ymin>159.08052502648306</ymin>
        <xmax>320</xmax>
        <ymax>240</ymax>
    </bndbox>
</object>
</annotation>