<annotation verified="yes">
    <folder>Annotation</folder>
    <filename>frame_100</filename>
    <path>openmv_auto_exposure-PascalVOC-export/Annotations/frame_100.jpg</path>
    <source>
        <database>Unknown</database>
    </source>
    <size>
        <width>320</width>
        <height>240</height>
        <depth>3</depth>
    </size>
    <segmented>0</segmented>
    <object>
    <name>apple</name>
    <pose>Unspecified</pose>
    <truncated>0</truncated>
    <difficult>0</difficult>
    <bndbox>
        <xmin>40.38580420459356</xmin>
        <ymin>101.48035742628387</ymin>
        <xmax>99.38991717823878</xmax>
        <ymax>162.48281646797406</ymax>
    </bndbox>
</object><object>
    <name>hand</name>
    <pose>Unspecified</pose>
    <truncated>0</truncated>
    <difficult>0</difficult>
    <bndbox>
        <xmin>39.006753177966104</xmin>
        <ymin>80.79557567531779</ymin>
        <xmax>215.49334613347457</xmax>
        <ymax>213.75269796080508</ymax>
    </bndbox>
</object>
</annotation>