<annotation verified="yes">
    <folder>Annotation</folder>
    <filename>frame_549</filename>
    <path>openmv_auto_exposure-PascalVOC-export/Annotations/frame_549.jpg</path>
    <source>
        <database>Unknown</database>
    </source>
    <size>
        <width>320</width>
        <height>240</height>
        <depth>3</depth>
    </size>
    <segmented>0</segmented>
    <object>
    <name>apple</name>
    <pose>Unspecified</pose>
    <truncated>0</truncated>
    <difficult>0</difficult>
    <bndbox>
        <xmin>104.46151681673729</xmin>
        <ymin>122.38018074682203</ymin>
        <xmax>164.5376886917373</xmax>
        <ymax>184.06829316737287</ymax>
    </bndbox>
</object><object>
    <name>hand</name>
    <pose>Unspecified</pose>
    <truncated>0</truncated>
    <difficult>0</difficult>
    <bndbox>
        <xmin>143.22636387711864</xmin>
        <ymin>152.28216035487287</ymin>
        <xmax>274.96951138771186</xmax>
        <ymax>239.1755329713983</ymax>
    </bndbox>
</object>
</annotation>