<annotation verified="yes">
    <folder>Annotation</folder>
    <filename>frame_202</filename>
    <path>openmv_auto_exposure-PascalVOC-export/Annotations/frame_202.jpg</path>
    <source>
        <database>Unknown</database>
    </source>
    <size>
        <width>320</width>
        <height>240</height>
        <depth>3</depth>
    </size>
    <segmented>0</segmented>
    <object>
    <name>apple</name>
    <pose>Unspecified</pose>
    <truncated>0</truncated>
    <difficult>0</difficult>
    <bndbox>
        <xmin>80.81259931144068</xmin>
        <ymin>108.20734573622882</ymin>
        <xmax>137.23977092161016</xmax>
        <ymax>170.59439552436442</ymax>
    </bndbox>
</object><object>
    <name>hand</name>
    <pose>Unspecified</pose>
    <truncated>0</truncated>
    <difficult>0</difficult>
    <bndbox>
        <xmin>84.97381488347457</xmin>
        <ymin>63.59421345338983</ymin>
        <xmax>237.06296345338984</xmax>
        <ymax>219.27252714512713</ymax>
    </bndbox>
</object>
</annotation>