<annotation verified="yes">
    <folder>Annotation</folder>
    <filename>frame_108</filename>
    <path>openmv_auto_exposure-PascalVOC-export/Annotations/frame_108.jpg</path>
    <source>
        <database>Unknown</database>
    </source>
    <size>
        <width>320</width>
        <height>240</height>
        <depth>3</depth>
    </size>
    <segmented>0</segmented>
    <object>
    <name>apple</name>
    <pose>Unspecified</pose>
    <truncated>0</truncated>
    <difficult>0</difficult>
    <bndbox>
        <xmin>34.26370825836156</xmin>
        <ymin>119.63754210461344</ymin>
        <xmax>90.16594120448772</xmax>
        <ymax>179.47893887556435</ymax>
    </bndbox>
</object><object>
    <name>hand</name>
    <pose>Unspecified</pose>
    <truncated>0</truncated>
    <difficult>0</difficult>
    <bndbox>
        <xmin>42.71050715042373</xmin>
        <ymin>89.3965588585805</ymin>
        <xmax>191.01436705508473</xmax>
        <ymax>230.60679290254237</ymax>
    </bndbox>
</object>
</annotation>