<annotation verified="yes">
    <folder>Annotation</folder>
    <filename>frame_1547</filename>
    <path>openmv_auto_exposure-PascalVOC-export/Annotations/frame_1547.jpg</path>
    <source>
        <database>Unknown</database>
    </source>
    <size>
        <width>320</width>
        <height>240</height>
        <depth>3</depth>
    </size>
    <segmented>0</segmented>
    <object>
    <name>apple</name>
    <pose>Unspecified</pose>
    <truncated>0</truncated>
    <difficult>0</difficult>
    <bndbox>
        <xmin>52.959762314618644</xmin>
        <ymin>159.56463519597457</ymin>
        <xmax>107.67576469809322</xmax>
        <ymax>218.08264367055085</ymax>
    </bndbox>
</object><object>
    <name>hand</name>
    <pose>Unspecified</pose>
    <truncated>0</truncated>
    <difficult>0</difficult>
    <bndbox>
        <xmin>44.704018802966104</xmin>
        <ymin>120.01415188029661</ymin>
        <xmax>210.64271054025426</xmax>
        <ymax>240</ymax>
    </bndbox>
</object>
</annotation>