<annotation verified="yes">
    <folder>Annotation</folder>
    <filename>frame_1378</filename>
    <path>openmv_auto_exposure-PascalVOC-export/Annotations/frame_1378.jpg</path>
    <source>
        <database>Unknown</database>
    </source>
    <size>
        <width>320</width>
        <height>240</height>
        <depth>3</depth>
    </size>
    <segmented>0</segmented>
    <object>
    <name>apple</name>
    <pose>Unspecified</pose>
    <truncated>0</truncated>
    <difficult>0</difficult>
    <bndbox>
        <xmin>79.75847457627118</xmin>
        <ymin>151.42450675317798</ymin>
        <xmax>139.23425913665255</xmax>
        <ymax>209.6457560911017</ymax>
    </bndbox>
</object><object>
    <name>hand</name>
    <pose>Unspecified</pose>
    <truncated>0</truncated>
    <difficult>0</difficult>
    <bndbox>
        <xmin>130.87728416313558</xmin>
        <ymin>172.52830376059322</ymin>
        <xmax>266.317531779661</xmax>
        <ymax>239.13804290254237</ymax>
    </bndbox>
</object>
</annotation>