<annotation verified="yes">
    <folder>Annotation</folder>
    <filename>frame_1290</filename>
    <path>openmv_auto_exposure-PascalVOC-export/Annotations/frame_1290.jpg</path>
    <source>
        <database>Unknown</database>
    </source>
    <size>
        <width>320</width>
        <height>240</height>
        <depth>3</depth>
    </size>
    <segmented>0</segmented>
    <object>
    <name>apple</name>
    <pose>Unspecified</pose>
    <truncated>0</truncated>
    <difficult>0</difficult>
    <bndbox>
        <xmin>274.049655720339</xmin>
        <ymin>184.7103747351695</ymin>
        <xmax>316.82931673728814</xmax>
        <ymax>233.5222954184322</ymax>
    </bndbox>
</object>
</annotation>