<annotation verified="yes">
    <folder>Annotation</folder>
    <filename>frame_1284</filename>
    <path>openmv_auto_exposure-PascalVOC-export/Annotations/frame_1284.jpg</path>
    <source>
        <database>Unknown</database>
    </source>
    <size>
        <width>320</width>
        <height>240</height>
        <depth>3</depth>
    </size>
    <segmented>0</segmented>
    <object>
    <name>apple</name>
    <pose>Unspecified</pose>
    <truncated>0</truncated>
    <difficult>0</difficult>
    <bndbox>
        <xmin>185.30846133474577</xmin>
        <ymin>132.29111493644066</ymin>
        <xmax>249.55422404661016</xmax>
        <ymax>192.9834646451271</ymax>
    </bndbox>
</object><object>
    <name>hand</name>
    <pose>Unspecified</pose>
    <truncated>0</truncated>
    <difficult>0</difficult>
    <bndbox>
        <xmin>187.64711334745763</xmin>
        <ymin>108.17401019597457</ymin>
        <xmax>311.1970338983051</xmax>
        <ymax>240</ymax>
    </bndbox>
</object>
</annotation>