<annotation verified="yes">
    <folder>Annotation</folder>
    <filename>frame_1780</filename>
    <path>openmv_auto_exposure-PascalVOC-export/Annotations/frame_1780.jpg</path>
    <source>
        <database>Unknown</database>
    </source>
    <size>
        <width>320</width>
        <height>240</height>
        <depth>3</depth>
    </size>
    <segmented>0</segmented>
    <object>
    <name>apple</name>
    <pose>Unspecified</pose>
    <truncated>0</truncated>
    <difficult>0</difficult>
    <bndbox>
        <xmin>120.76565810381356</xmin>
        <ymin>88.20726297669492</ymin>
        <xmax>180.64549126059322</xmax>
        <ymax>151.68495100635593</ymax>
    </bndbox>
</object><object>
    <name>hand</name>
    <pose>Unspecified</pose>
    <truncated>0</truncated>
    <difficult>0</difficult>
    <bndbox>
        <xmin>202.7428495762712</xmin>
        <ymin>86.30123642743644</ymin>
        <xmax>298.2939618644068</xmax>
        <ymax>239.21168233580508</ymax>
    </bndbox>
</object>
</annotation>