<annotation verified="yes">
    <folder>Annotation</folder>
    <filename>frame_1747</filename>
    <path>openmv_auto_exposure-PascalVOC-export/Annotations/frame_1747.jpg</path>
    <source>
        <database>Unknown</database>
    </source>
    <size>
        <width>320</width>
        <height>240</height>
        <depth>3</depth>
    </size>
    <segmented>0</segmented>
    <object>
    <name>apple</name>
    <pose>Unspecified</pose>
    <truncated>0</truncated>
    <difficult>0</difficult>
    <bndbox>
        <xmin>119.75352555614407</xmin>
        <ymin>89.46484375</ymin>
        <xmax>178.10460805084745</xmax>
        <ymax>150.916164592161</ymax>
    </bndbox>
</object><object>
    <name>hand</name>
    <pose>Unspecified</pose>
    <truncated>0</truncated>
    <difficult>0</difficult>
    <bndbox>
        <xmin>170.39726231461864</xmin>
        <ymin>80.58102985963983</ymin>
        <xmax>288.4426310911017</xmax>
        <ymax>237.88814221398303</ymax>
    </bndbox>
</object>
</annotation>