<annotation verified="yes">
    <folder>Annotation</folder>
    <filename>frame_1537</filename>
    <path>openmv_auto_exposure-PascalVOC-export/Annotations/frame_1537.jpg</path>
    <source>
        <database>Unknown</database>
    </source>
    <size>
        <width>320</width>
        <height>240</height>
        <depth>3</depth>
    </size>
    <segmented>0</segmented>
    <object>
    <name>apple</name>
    <pose>Unspecified</pose>
    <truncated>0</truncated>
    <difficult>0</difficult>
    <bndbox>
        <xmin>88.95552502648304</xmin>
        <ymin>99.82500496557203</ymin>
        <xmax>150.4611030190678</xmax>
        <ymax>159.2102092161017</ymax>
    </bndbox>
</object><object>
    <name>hand</name>
    <pose>Unspecified</pose>
    <truncated>0</truncated>
    <difficult>0</difficult>
    <bndbox>
        <xmin>117.45577330508475</xmin>
        <ymin>53.280836202330505</ymin>
        <xmax>243.30448887711864</xmax>
        <ymax>227.6205806408898</ymax>
    </bndbox>
</object>
</annotation>