<annotation verified="yes">
    <folder>Annotation</folder>
    <filename>frame_454</filename>
    <path>openmv_auto_exposure-PascalVOC-export/Annotations/frame_454.jpg</path>
    <source>
        <database>Unknown</database>
    </source>
    <size>
        <width>320</width>
        <height>240</height>
        <depth>3</depth>
    </size>
    <segmented>0</segmented>
    <object>
    <name>apple</name>
    <pose>Unspecified</pose>
    <truncated>0</truncated>
    <difficult>0</difficult>
    <bndbox>
        <xmin>264.52512579449154</xmin>
        <ymin>161.7743313029661</ymin>
        <xmax>315.45358845338984</xmax>
        <ymax>221.44092624470338</ymax>
    </bndbox>
</object>
</annotation>