<annotation verified="yes">
    <folder>Annotation</folder>
    <filename>frame_158</filename>
    <path>openmv_auto_exposure-PascalVOC-export/Annotations/frame_158.jpg</path>
    <source>
        <database>Unknown</database>
    </source>
    <size>
        <width>320</width>
        <height>240</height>
        <depth>3</depth>
    </size>
    <segmented>0</segmented>
    <object>
    <name>apple</name>
    <pose>Unspecified</pose>
    <truncated>0</truncated>
    <difficult>0</difficult>
    <bndbox>
        <xmin>94.19703389830508</xmin>
        <ymin>106.95496226165254</ymin>
        <xmax>147.90131753177965</xmax>
        <ymax>160.2921577065678</ymax>
    </bndbox>
</object><object>
    <name>hand</name>
    <pose>Unspecified</pose>
    <truncated>0</truncated>
    <difficult>0</difficult>
    <bndbox>
        <xmin>87.93928760593221</xmin>
        <ymin>64.1005859375</ymin>
        <xmax>242.00413797669492</xmax>
        <ymax>217.484375</ymax>
    </bndbox>
</object>
</annotation>