<annotation verified="yes">
    <folder>Annotation</folder>
    <filename>frame_318</filename>
    <path>openmv_auto_exposure-PascalVOC-export/Annotations/frame_318.jpg</path>
    <source>
        <database>Unknown</database>
    </source>
    <size>
        <width>320</width>
        <height>240</height>
        <depth>3</depth>
    </size>
    <segmented>0</segmented>
    <object>
    <name>apple</name>
    <pose>Unspecified</pose>
    <truncated>0</truncated>
    <difficult>0</difficult>
    <bndbox>
        <xmin>31.93160752118644</xmin>
        <ymin>93.30490267478814</ymin>
        <xmax>83.24438890360169</xmax>
        <ymax>143.7261487023305</ymax>
    </bndbox>
</object><object>
    <name>hand</name>
    <pose>Unspecified</pose>
    <truncated>0</truncated>
    <difficult>0</difficult>
    <bndbox>
        <xmin>37.3660454184322</xmin>
        <ymin>54.077876721398304</ymin>
        <xmax>179.14259467690678</xmax>
        <ymax>203.66507216631356</ymax>
    </bndbox>
</object>
</annotation>