<annotation verified="yes">
    <folder>Annotation</folder>
    <filename>frame_1040</filename>
    <path>openmv_auto_exposure-PascalVOC-export/Annotations/frame_1040.jpg</path>
    <source>
        <database>Unknown</database>
    </source>
    <size>
        <width>320</width>
        <height>240</height>
        <depth>3</depth>
    </size>
    <segmented>0</segmented>
    <object>
    <name>apple</name>
    <pose>Unspecified</pose>
    <truncated>0</truncated>
    <difficult>0</difficult>
    <bndbox>
        <xmin>56.67345271486029</xmin>
        <ymin>66.91540169123871</ymin>
        <xmax>119.25392609546995</xmax>
        <ymax>125.66028190251129</ymax>
    </bndbox>
</object><object>
    <name>hand</name>
    <pose>Unspecified</pose>
    <truncated>0</truncated>
    <difficult>0</difficult>
    <bndbox>
        <xmin>84.07054422669492</xmin>
        <ymin>36.63661943855932</ymin>
        <xmax>245.50916975635593</xmax>
        <ymax>187.197116657839</ymax>
    </bndbox>
</object>
</annotation>