<annotation verified="yes">
    <folder>Annotation</folder>
    <filename>frame_1194</filename>
    <path>openmv_auto_exposure-PascalVOC-export/Annotations/frame_1194.jpg</path>
    <source>
        <database>Unknown</database>
    </source>
    <size>
        <width>320</width>
        <height>240</height>
        <depth>3</depth>
    </size>
    <segmented>0</segmented>
    <object>
    <name>apple</name>
    <pose>Unspecified</pose>
    <truncated>0</truncated>
    <difficult>0</difficult>
    <bndbox>
        <xmin>121.16474112817797</xmin>
        <ymin>113.35768670550847</ymin>
        <xmax>173.74895722987287</xmax>
        <ymax>173.06604210805085</ymax>
    </bndbox>
</object><object>
    <name>hand</name>
    <pose>Unspecified</pose>
    <truncated>0</truncated>
    <difficult>0</difficult>
    <bndbox>
        <xmin>111.28330243644068</xmin>
        <ymin>69.30309851694915</ymin>
        <xmax>268.5410818326271</xmax>
        <ymax>219.95094014830508</ymax>
    </bndbox>
</object>
</annotation>