<annotation verified="yes">
    <folder>Annotation</folder>
    <filename>frame_123</filename>
    <path>openmv_auto_exposure-PascalVOC-export/Annotations/frame_123.jpg</path>
    <source>
        <database>Unknown</database>
    </source>
    <size>
        <width>320</width>
        <height>240</height>
        <depth>3</depth>
    </size>
    <segmented>0</segmented>
    <object>
    <name>apple</name>
    <pose>Unspecified</pose>
    <truncated>0</truncated>
    <difficult>0</difficult>
    <bndbox>
        <xmin>87.93985037076271</xmin>
        <ymin>89.8275622351695</ymin>
        <xmax>146.84638175317798</xmax>
        <ymax>152.15212857521186</ymax>
    </bndbox>
</object><object>
    <name>hand</name>
    <pose>Unspecified</pose>
    <truncated>0</truncated>
    <difficult>0</difficult>
    <bndbox>
        <xmin>91.08285884533899</xmin>
        <ymin>53.46580376059322</ymin>
        <xmax>232.0687566207627</xmax>
        <ymax>221.73358050847457</ymax>
    </bndbox>
</object>
</annotation>