<annotation verified="yes">
    <folder>Annotation</folder>
    <filename>frame_171</filename>
    <path>openmv_auto_exposure-PascalVOC-export/Annotations/frame_171.jpg</path>
    <source>
        <database>Unknown</database>
    </source>
    <size>
        <width>320</width>
        <height>240</height>
        <depth>3</depth>
    </size>
    <segmented>0</segmented>
    <object>
    <name>apple</name>
    <pose>Unspecified</pose>
    <truncated>0</truncated>
    <difficult>0</difficult>
    <bndbox>
        <xmin>83.36988546080508</xmin>
        <ymin>106.04638671875</ymin>
        <xmax>150.32938294491527</xmax>
        <ymax>173.85957362288136</ymax>
    </bndbox>
</object><object>
    <name>hand</name>
    <pose>Unspecified</pose>
    <truncated>0</truncated>
    <difficult>0</difficult>
    <bndbox>
        <xmin>85.89578919491525</xmin>
        <ymin>68.07726430084746</ymin>
        <xmax>243.4278336864407</xmax>
        <ymax>219.53356726694915</ymax>
    </bndbox>
</object>
</annotation>