<annotation verified="yes">
    <folder>Annotation</folder>
    <filename>frame_1164</filename>
    <path>openmv_auto_exposure-PascalVOC-export/Annotations/frame_1164.jpg</path>
    <source>
        <database>Unknown</database>
    </source>
    <size>
        <width>320</width>
        <height>240</height>
        <depth>3</depth>
    </size>
    <segmented>0</segmented>
    <object>
    <name>apple</name>
    <pose>Unspecified</pose>
    <truncated>0</truncated>
    <difficult>0</difficult>
    <bndbox>
        <xmin>166.66297007415255</xmin>
        <ymin>80.521484375</ymin>
        <xmax>224.27472854872883</xmax>
        <ymax>136.90735897775423</ymax>
    </bndbox>
</object><object>
    <name>hand</name>
    <pose>Unspecified</pose>
    <truncated>0</truncated>
    <difficult>0</difficult>
    <bndbox>
        <xmin>160.6575410487288</xmin>
        <ymin>41.140376721398304</ymin>
        <xmax>287.9811970338983</xmax>
        <ymax>206.94370696504237</ymax>
    </bndbox>
</object>
</annotation>