<annotation verified="yes">
    <folder>Annotation</folder>
    <filename>frame_1080</filename>
    <path>openmv_auto_exposure-PascalVOC-export/Annotations/frame_1080.jpg</path>
    <source>
        <database>Unknown</database>
    </source>
    <size>
        <width>320</width>
        <height>240</height>
        <depth>3</depth>
    </size>
    <segmented>0</segmented>
    <object>
    <name>apple</name>
    <pose>Unspecified</pose>
    <truncated>0</truncated>
    <difficult>0</difficult>
    <bndbox>
        <xmin>55.57277333827265</xmin>
        <ymin>70.22685789362303</ymin>
        <xmax>118.97109507303134</xmax>
        <ymax>130.1612375229261</ymax>
    </bndbox>
</object><object>
    <name>hand</name>
    <pose>Unspecified</pose>
    <truncated>0</truncated>
    <difficult>0</difficult>
    <bndbox>
        <xmin>233.71285752118644</xmin>
        <ymin>128.14908302436442</ymin>
        <xmax>320</xmax>
        <ymax>240</ymax>
    </bndbox>
</object>
</annotation>