<annotation verified="yes">
    <folder>Annotation</folder>
    <filename>frame_1570</filename>
    <path>openmv_auto_exposure-PascalVOC-export/Annotations/frame_1570.jpg</path>
    <source>
        <database>Unknown</database>
    </source>
    <size>
        <width>320</width>
        <height>240</height>
        <depth>3</depth>
    </size>
    <segmented>0</segmented>
    <object>
    <name>apple</name>
    <pose>Unspecified</pose>
    <truncated>0</truncated>
    <difficult>0</difficult>
    <bndbox>
        <xmin>117.07719809322033</xmin>
        <ymin>91.11877648305085</ymin>
        <xmax>173.29717293432202</xmax>
        <ymax>153.62624139300848</ymax>
    </bndbox>
</object><object>
    <name>hand</name>
    <pose>Unspecified</pose>
    <truncated>0</truncated>
    <difficult>0</difficult>
    <bndbox>
        <xmin>111.56326138771186</xmin>
        <ymin>61.88078489141949</ymin>
        <xmax>259.232421875</xmax>
        <ymax>221.56658832097457</ymax>
    </bndbox>
</object>
</annotation>