<annotation verified="yes">
    <folder>Annotation</folder>
    <filename>frame_213</filename>
    <path>openmv_auto_exposure-PascalVOC-export/Annotations/frame_213.jpg</path>
    <source>
        <database>Unknown</database>
    </source>
    <size>
        <width>320</width>
        <height>240</height>
        <depth>3</depth>
    </size>
    <segmented>0</segmented>
    <object>
    <name>apple</name>
    <pose>Unspecified</pose>
    <truncated>0</truncated>
    <difficult>0</difficult>
    <bndbox>
        <xmin>81.75844147245763</xmin>
        <ymin>110.14317399364407</ymin>
        <xmax>136.4737155720339</xmax>
        <ymax>175.70011255296612</ymax>
    </bndbox>
</object><object>
    <name>hand</name>
    <pose>Unspecified</pose>
    <truncated>0</truncated>
    <difficult>0</difficult>
    <bndbox>
        <xmin>83.50188691737289</xmin>
        <ymin>65.49089645127118</ymin>
        <xmax>235.50066207627117</xmax>
        <ymax>222.20317465572032</ymax>
    </bndbox>
</object>
</annotation>