<annotation verified="yes">
    <folder>Annotation</folder>
    <filename>frame_1356</filename>
    <path>openmv_auto_exposure-PascalVOC-export/Annotations/frame_1356.jpg</path>
    <source>
        <database>Unknown</database>
    </source>
    <size>
        <width>320</width>
        <height>240</height>
        <depth>3</depth>
    </size>
    <segmented>0</segmented>
    <object>
    <name>apple</name>
    <pose>Unspecified</pose>
    <truncated>0</truncated>
    <difficult>0</difficult>
    <bndbox>
        <xmin>231.97563559322035</xmin>
        <ymin>175.80253575211864</ymin>
        <xmax>281.7688029661017</xmax>
        <ymax>234.37215307203388</ymax>
    </bndbox>
</object>
</annotation>