<annotation verified="yes">
    <folder>Annotation</folder>
    <filename>frame_1803</filename>
    <path>openmv_auto_exposure-PascalVOC-export/Annotations/frame_1803.jpg</path>
    <source>
        <database>Unknown</database>
    </source>
    <size>
        <width>320</width>
        <height>240</height>
        <depth>3</depth>
    </size>
    <segmented>0</segmented>
    <object>
    <name>apple</name>
    <pose>Unspecified</pose>
    <truncated>0</truncated>
    <difficult>0</difficult>
    <bndbox>
        <xmin>119.2964612023305</xmin>
        <ymin>91.62343584480932</ymin>
        <xmax>178.35752118644066</xmax>
        <ymax>152.57122285487287</ymax>
    </bndbox>
</object><object>
    <name>hand</name>
    <pose>Unspecified</pose>
    <truncated>0</truncated>
    <difficult>0</difficult>
    <bndbox>
        <xmin>205.09825211864407</xmin>
        <ymin>128.34290585275423</ymin>
        <xmax>313.7924721927966</xmax>
        <ymax>237.4790949417373</ymax>
    </bndbox>
</object>
</annotation>