<annotation verified="yes">
    <folder>Annotation</folder>
    <filename>frame_517</filename>
    <path>openmv_auto_exposure-PascalVOC-export/Annotations/frame_517.jpg</path>
    <source>
        <database>Unknown</database>
    </source>
    <size>
        <width>320</width>
        <height>240</height>
        <depth>3</depth>
    </size>
    <segmented>0</segmented>
    <object>
    <name>apple</name>
    <pose>Unspecified</pose>
    <truncated>0</truncated>
    <difficult>0</difficult>
    <bndbox>
        <xmin>190.29263771186442</xmin>
        <ymin>165.2316935911017</ymin>
        <xmax>244.7026615466102</xmax>
        <ymax>225.07541048728814</ymax>
    </bndbox>
</object><object>
    <name>hand</name>
    <pose>Unspecified</pose>
    <truncated>0</truncated>
    <difficult>0</difficult>
    <bndbox>
        <xmin>249.5521716101695</xmin>
        <ymin>158.2294094279661</ymin>
        <xmax>320</xmax>
        <ymax>240</ymax>
    </bndbox>
</object>
</annotation>