<annotation verified="yes">
    <folder>Annotation</folder>
    <filename>frame_287</filename>
    <path>openmv_auto_exposure-PascalVOC-export/Annotations/frame_287.jpg</path>
    <source>
        <database>Unknown</database>
    </source>
    <size>
        <width>320</width>
        <height>240</height>
        <depth>3</depth>
    </size>
    <segmented>0</segmented>
    <object>
    <name>apple</name>
    <pose>Unspecified</pose>
    <truncated>0</truncated>
    <difficult>0</difficult>
    <bndbox>
        <xmin>68.19729872881356</xmin>
        <ymin>117.65490929555085</ymin>
        <xmax>126.1166247351695</xmax>
        <ymax>171.2752251059322</ymax>
    </bndbox>
</object><object>
    <name>hand</name>
    <pose>Unspecified</pose>
    <truncated>0</truncated>
    <difficult>0</difficult>
    <bndbox>
        <xmin>74.79591498940678</xmin>
        <ymin>76.76766916048729</ymin>
        <xmax>232.98728813559322</xmax>
        <ymax>220.89276019597457</ymax>
    </bndbox>
</object>
</annotation>