<annotation verified="yes">
    <folder>Annotation</folder>
    <filename>frame_126</filename>
    <path>openmv_auto_exposure-PascalVOC-export/Annotations/frame_126.jpg</path>
    <source>
        <database>Unknown</database>
    </source>
    <size>
        <width>320</width>
        <height>240</height>
        <depth>3</depth>
    </size>
    <segmented>0</segmented>
    <object>
    <name>apple</name>
    <pose>Unspecified</pose>
    <truncated>0</truncated>
    <difficult>0</difficult>
    <bndbox>
        <xmin>100.88754634533899</xmin>
        <ymin>71.30088056144068</ymin>
        <xmax>153.0992121292373</xmax>
        <ymax>135.98440810381356</ymax>
    </bndbox>
</object><object>
    <name>hand</name>
    <pose>Unspecified</pose>
    <truncated>0</truncated>
    <difficult>0</difficult>
    <bndbox>
        <xmin>92.81559520656779</xmin>
        <ymin>46.0275092690678</ymin>
        <xmax>235.72275556144066</xmax>
        <ymax>215.0450873940678</ymax>
    </bndbox>
</object>
</annotation>