<annotation verified="yes">
    <folder>Annotation</folder>
    <filename>frame_274</filename>
    <path>openmv_auto_exposure-PascalVOC-export/Annotations/frame_274.jpg</path>
    <source>
        <database>Unknown</database>
    </source>
    <size>
        <width>320</width>
        <height>240</height>
        <depth>3</depth>
    </size>
    <segmented>0</segmented>
    <object>
    <name>apple</name>
    <pose>Unspecified</pose>
    <truncated>0</truncated>
    <difficult>0</difficult>
    <bndbox>
        <xmin>79.68399099576271</xmin>
        <ymin>113.84381620762711</ymin>
        <xmax>139.4620795815678</xmax>
        <ymax>168.51353945974574</ymax>
    </bndbox>
</object><object>
    <name>hand</name>
    <pose>Unspecified</pose>
    <truncated>0</truncated>
    <difficult>0</difficult>
    <bndbox>
        <xmin>74.58630164194915</xmin>
        <ymin>78.04272874735169</ymin>
        <xmax>240.35232388771186</xmax>
        <ymax>220.5189353813559</ymax>
    </bndbox>
</object>
</annotation>