<annotation verified="yes">
    <folder>Annotation</folder>
    <filename>frame_1382</filename>
    <path>openmv_auto_exposure-PascalVOC-export/Annotations/frame_1382.jpg</path>
    <source>
        <database>Unknown</database>
    </source>
    <size>
        <width>320</width>
        <height>240</height>
        <depth>3</depth>
    </size>
    <segmented>0</segmented>
    <object>
    <name>apple</name>
    <pose>Unspecified</pose>
    <truncated>0</truncated>
    <difficult>0</difficult>
    <bndbox>
        <xmin>63.377151747881356</xmin>
        <ymin>142.61834613347457</ymin>
        <xmax>122.12781382415254</xmax>
        <ymax>200.73358050847457</ymax>
    </bndbox>
</object><object>
    <name>hand</name>
    <pose>Unspecified</pose>
    <truncated>0</truncated>
    <difficult>0</difficult>
    <bndbox>
        <xmin>127.66793564618644</xmin>
        <ymin>181.517727092161</ymin>
        <xmax>264.4261784957627</xmax>
        <ymax>238.52471199682202</ymax>
    </bndbox>
</object>
</annotation>