<annotation verified="yes">
    <folder>Annotation</folder>
    <filename>frame_174</filename>
    <path>openmv_auto_exposure-PascalVOC-export/Annotations/frame_174.jpg</path>
    <source>
        <database>Unknown</database>
    </source>
    <size>
        <width>320</width>
        <height>240</height>
        <depth>3</depth>
    </size>
    <segmented>0</segmented>
    <object>
    <name>apple</name>
    <pose>Unspecified</pose>
    <truncated>0</truncated>
    <difficult>0</difficult>
    <bndbox>
        <xmin>81.4525622351695</xmin>
        <ymin>108.22214314088983</ymin>
        <xmax>143.6870199947034</xmax>
        <ymax>169.61141088453388</ymax>
    </bndbox>
</object><object>
    <name>hand</name>
    <pose>Unspecified</pose>
    <truncated>0</truncated>
    <difficult>0</difficult>
    <bndbox>
        <xmin>80.65608448093221</xmin>
        <ymin>79.75100139036017</ymin>
        <xmax>239.61748543432205</xmax>
        <ymax>218.4457097457627</ymax>
    </bndbox>
</object>
</annotation>