<annotation verified="yes">
    <folder>Annotation</folder>
    <filename>frame_1022</filename>
    <path>openmv_auto_exposure-PascalVOC-export/Annotations/frame_1022.jpg</path>
    <source>
        <database>Unknown</database>
    </source>
    <size>
        <width>320</width>
        <height>240</height>
        <depth>3</depth>
    </size>
    <segmented>0</segmented>
    <object>
    <name>apple</name>
    <pose>Unspecified</pose>
    <truncated>0</truncated>
    <difficult>0</difficult>
    <bndbox>
        <xmin>45.86686666490262</xmin>
        <ymin>57.144926945189056</ymin>
        <xmax>99.20752077159187</xmax>
        <ymax>110.37202512168454</ymax>
    </bndbox>
</object><object>
    <name>hand</name>
    <pose>Unspecified</pose>
    <truncated>0</truncated>
    <difficult>0</difficult>
    <bndbox>
        <xmin>41.96999966896186</xmin>
        <ymin>18.36057915121822</ymin>
        <xmax>196.34375</xmax>
        <ymax>168.3850139036017</ymax>
    </bndbox>
</object>
</annotation>