<annotation verified="yes">
    <folder>Annotation</folder>
    <filename>frame_1321</filename>
    <path>openmv_auto_exposure-PascalVOC-export/Annotations/frame_1321.jpg</path>
    <source>
        <database>Unknown</database>
    </source>
    <size>
        <width>320</width>
        <height>240</height>
        <depth>3</depth>
    </size>
    <segmented>0</segmented>
    <object>
    <name>apple</name>
    <pose>Unspecified</pose>
    <truncated>0</truncated>
    <difficult>0</difficult>
    <bndbox>
        <xmin>176.60967293432202</xmin>
        <ymin>178.78272311970338</ymin>
        <xmax>241.911281779661</xmax>
        <ymax>236.52620166843218</ymax>
    </bndbox>
</object>
</annotation>