<annotation verified="yes">
    <folder>Annotation</folder>
    <filename>frame_1362</filename>
    <path>openmv_auto_exposure-PascalVOC-export/Annotations/frame_1362.jpg</path>
    <source>
        <database>Unknown</database>
    </source>
    <size>
        <width>320</width>
        <height>240</height>
        <depth>3</depth>
    </size>
    <segmented>0</segmented>
    <object>
    <name>apple</name>
    <pose>Unspecified</pose>
    <truncated>0</truncated>
    <difficult>0</difficult>
    <bndbox>
        <xmin>197.68197166313558</xmin>
        <ymin>170.9271550582627</ymin>
        <xmax>252.37648967161016</xmax>
        <ymax>223.23440810381356</ymax>
    </bndbox>
</object><object>
    <name>hand</name>
    <pose>Unspecified</pose>
    <truncated>0</truncated>
    <difficult>0</difficult>
    <bndbox>
        <xmin>220.0635593220339</xmin>
        <ymin>167.41305283368644</ymin>
        <xmax>316.9356461864407</xmax>
        <ymax>239.15773967161016</ymax>
    </bndbox>
</object>
</annotation>