<annotation verified="yes">
    <folder>Annotation</folder>
    <filename>frame_1330</filename>
    <path>openmv_auto_exposure-PascalVOC-export/Annotations/frame_1330.jpg</path>
    <source>
        <database>Unknown</database>
    </source>
    <size>
        <width>320</width>
        <height>240</height>
        <depth>3</depth>
    </size>
    <segmented>0</segmented>
    <object>
    <name>apple</name>
    <pose>Unspecified</pose>
    <truncated>0</truncated>
    <difficult>0</difficult>
    <bndbox>
        <xmin>164.15098649364407</xmin>
        <ymin>176.69819253177965</ymin>
        <xmax>222.81028204449154</xmax>
        <ymax>232.50542902542372</ymax>
    </bndbox>
</object>
</annotation>