<annotation verified="yes">
    <folder>Annotation</folder>
    <filename>frame_1202</filename>
    <path>openmv_auto_exposure-PascalVOC-export/Annotations/frame_1202.jpg</path>
    <source>
        <database>Unknown</database>
    </source>
    <size>
        <width>320</width>
        <height>240</height>
        <depth>3</depth>
    </size>
    <segmented>0</segmented>
    <object>
    <name>apple</name>
    <pose>Unspecified</pose>
    <truncated>0</truncated>
    <difficult>0</difficult>
    <bndbox>
        <xmin>121.02404992055085</xmin>
        <ymin>113.4534560381356</ymin>
        <xmax>173.73427568855934</xmax>
        <ymax>173.55303230932205</ymax>
    </bndbox>
</object><object>
    <name>hand</name>
    <pose>Unspecified</pose>
    <truncated>0</truncated>
    <difficult>0</difficult>
    <bndbox>
        <xmin>116.74870895127118</xmin>
        <ymin>68.53087758209746</ymin>
        <xmax>267.9403469279661</xmax>
        <ymax>219.86079846398303</ymax>
    </bndbox>
</object>
</annotation>