<annotation verified="yes">
    <folder>Annotation</folder>
    <filename>frame_1046</filename>
    <path>openmv_auto_exposure-PascalVOC-export/Annotations/frame_1046.jpg</path>
    <source>
        <database>Unknown</database>
    </source>
    <size>
        <width>320</width>
        <height>240</height>
        <depth>3</depth>
    </size>
    <segmented>0</segmented>
    <object>
    <name>apple</name>
    <pose>Unspecified</pose>
    <truncated>0</truncated>
    <difficult>0</difficult>
    <bndbox>
        <xmin>55.79135465177816</xmin>
        <ymin>68.67544617663657</ymin>
        <xmax>118.41055977455547</xmax>
        <ymax>130.15447543383183</ymax>
    </bndbox>
</object><object>
    <name>hand</name>
    <pose>Unspecified</pose>
    <truncated>0</truncated>
    <difficult>0</difficult>
    <bndbox>
        <xmin>144.26108977754237</xmin>
        <ymin>60.40962658898305</ymin>
        <xmax>295.0626986228814</xmax>
        <ymax>215.11131157309322</ymax>
    </bndbox>
</object>
</annotation>