<annotation verified="yes">
    <folder>Annotation</folder>
    <filename>frame_1008</filename>
    <path>openmv_auto_exposure-PascalVOC-export/Annotations/frame_1008.jpg</path>
    <source>
        <database>Unknown</database>
    </source>
    <size>
        <width>320</width>
        <height>240</height>
        <depth>3</depth>
    </size>
    <segmented>0</segmented>
    <object>
    <name>apple</name>
    <pose>Unspecified</pose>
    <truncated>0</truncated>
    <difficult>0</difficult>
    <bndbox>
        <xmin>43.593700386325146</xmin>
        <ymin>29.85194910191521</ymin>
        <xmax>92.36591077476714</xmax>
        <ymax>91.35025196635158</ymax>
    </bndbox>
</object><object>
    <name>hand</name>
    <pose>Unspecified</pose>
    <truncated>0</truncated>
    <difficult>0</difficult>
    <bndbox>
        <xmin>32.896178164724574</xmin>
        <ymin>3.530947927701271</ymin>
        <xmax>181.7645656779661</xmax>
        <ymax>159.61521782309322</ymax>
    </bndbox>
</object>
</annotation>