<annotation verified="yes">
    <folder>Annotation</folder>
    <filename>frame_1181</filename>
    <path>openmv_auto_exposure-PascalVOC-export/Annotations/frame_1181.jpg</path>
    <source>
        <database>Unknown</database>
    </source>
    <size>
        <width>320</width>
        <height>240</height>
        <depth>3</depth>
    </size>
    <segmented>0</segmented>
    <object>
    <name>apple</name>
    <pose>Unspecified</pose>
    <truncated>0</truncated>
    <difficult>0</difficult>
    <bndbox>
        <xmin>171.61814751059322</xmin>
        <ymin>67.01203323622882</ymin>
        <xmax>217.04227356991527</xmax>
        <ymax>131.59558726165255</ymax>
    </bndbox>
</object><object>
    <name>hand</name>
    <pose>Unspecified</pose>
    <truncated>0</truncated>
    <difficult>0</difficult>
    <bndbox>
        <xmin>153.36493644067798</xmin>
        <ymin>38.93153303760593</ymin>
        <xmax>284.6180813029661</xmax>
        <ymax>205.9939751059322</ymax>
    </bndbox>
</object>
</annotation>