<annotation verified="yes">
    <folder>Annotation</folder>
    <filename>frame_1380</filename>
    <path>openmv_auto_exposure-PascalVOC-export/Annotations/frame_1380.jpg</path>
    <source>
        <database>Unknown</database>
    </source>
    <size>
        <width>320</width>
        <height>240</height>
        <depth>3</depth>
    </size>
    <segmented>0</segmented>
    <object>
    <name>apple</name>
    <pose>Unspecified</pose>
    <truncated>0</truncated>
    <difficult>0</difficult>
    <bndbox>
        <xmin>82.16320180084746</xmin>
        <ymin>150.33519266419492</ymin>
        <xmax>139.33567266949154</xmax>
        <ymax>210.82319253177968</ymax>
    </bndbox>
</object><object>
    <name>hand</name>
    <pose>Unspecified</pose>
    <truncated>0</truncated>
    <difficult>0</difficult>
    <bndbox>
        <xmin>133.44655389300848</xmin>
        <ymin>169.87594345868644</ymin>
        <xmax>265.87294756355936</xmax>
        <ymax>239.00973252118644</ymax>
    </bndbox>
</object>
</annotation>