<annotation verified="yes">
    <folder>Annotation</folder>
    <filename>frame_1195</filename>
    <path>openmv_auto_exposure-PascalVOC-export/Annotations/frame_1195.jpg</path>
    <source>
        <database>Unknown</database>
    </source>
    <size>
        <width>320</width>
        <height>240</height>
        <depth>3</depth>
    </size>
    <segmented>0</segmented>
    <object>
    <name>apple</name>
    <pose>Unspecified</pose>
    <truncated>0</truncated>
    <difficult>0</difficult>
    <bndbox>
        <xmin>119.75892147775424</xmin>
        <ymin>114.26262910487289</ymin>
        <xmax>174.21409891419492</xmax>
        <ymax>171.01236427436442</ymax>
    </bndbox>
</object><object>
    <name>hand</name>
    <pose>Unspecified</pose>
    <truncated>0</truncated>
    <difficult>0</difficult>
    <bndbox>
        <xmin>109.87557931673729</xmin>
        <ymin>69.30417439088983</ymin>
        <xmax>269.5376390360169</xmax>
        <ymax>220.77029263771186</ymax>
    </bndbox>
</object>
</annotation>