<annotation verified="yes">
    <folder>Annotation</folder>
    <filename>frame_315</filename>
    <path>openmv_auto_exposure-PascalVOC-export/Annotations/frame_315.jpg</path>
    <source>
        <database>Unknown</database>
    </source>
    <size>
        <width>320</width>
        <height>240</height>
        <depth>3</depth>
    </size>
    <segmented>0</segmented>
    <object>
    <name>apple</name>
    <pose>Unspecified</pose>
    <truncated>0</truncated>
    <difficult>0</difficult>
    <bndbox>
        <xmin>31.05525026483051</xmin>
        <ymin>91.20486295021186</ymin>
        <xmax>78.59125066207628</xmax>
        <ymax>142.9593981726695</ymax>
    </bndbox>
</object><object>
    <name>hand</name>
    <pose>Unspecified</pose>
    <truncated>0</truncated>
    <difficult>0</difficult>
    <bndbox>
        <xmin>37.27243610963983</xmin>
        <ymin>55.36724543167373</ymin>
        <xmax>176.16326800847457</xmax>
        <ymax>205.95378707627117</ymax>
    </bndbox>
</object>
</annotation>