<annotation verified="yes">
    <folder>Annotation</folder>
    <filename>frame_1801</filename>
    <path>openmv_auto_exposure-PascalVOC-export/Annotations/frame_1801.jpg</path>
    <source>
        <database>Unknown</database>
    </source>
    <size>
        <width>320</width>
        <height>240</height>
        <depth>3</depth>
    </size>
    <segmented>0</segmented>
    <object>
    <name>apple</name>
    <pose>Unspecified</pose>
    <truncated>0</truncated>
    <difficult>0</difficult>
    <bndbox>
        <xmin>119.26838916843221</xmin>
        <ymin>90.73809917902543</ymin>
        <xmax>178.145656779661</xmax>
        <ymax>152.84474311440678</ymax>
    </bndbox>
</object><object>
    <name>hand</name>
    <pose>Unspecified</pose>
    <truncated>0</truncated>
    <difficult>0</difficult>
    <bndbox>
        <xmin>191.4198225635593</xmin>
        <ymin>118.66201006355932</ymin>
        <xmax>313.28512314618644</xmax>
        <ymax>238.3296808792373</ymax>
    </bndbox>
</object>
</annotation>