<annotation verified="yes">
    <folder>Annotation</folder>
    <filename>frame_403</filename>
    <path>openmv_auto_exposure-PascalVOC-export/Annotations/frame_403.jpg</path>
    <source>
        <database>Unknown</database>
    </source>
    <size>
        <width>320</width>
        <height>240</height>
        <depth>3</depth>
    </size>
    <segmented>0</segmented>
    <object>
    <name>apple</name>
    <pose>Unspecified</pose>
    <truncated>0</truncated>
    <difficult>0</difficult>
    <bndbox>
        <xmin>134.14327330508473</xmin>
        <ymin>51.733199814618644</ymin>
        <xmax>193.560546875</xmax>
        <ymax>110.22080243644068</ymax>
    </bndbox>
</object><object>
    <name>hand</name>
    <pose>Unspecified</pose>
    <truncated>0</truncated>
    <difficult>0</difficult>
    <bndbox>
        <xmin>135.80616061970338</xmin>
        <ymin>35.16572182865466</ymin>
        <xmax>266.5305217161017</xmax>
        <ymax>203.77112023305085</ymax>
    </bndbox>
</object>
</annotation>