<annotation verified="yes">
    <folder>Annotation</folder>
    <filename>frame_1341</filename>
    <path>openmv_auto_exposure-PascalVOC-export/Annotations/frame_1341.jpg</path>
    <source>
        <database>Unknown</database>
    </source>
    <size>
        <width>320</width>
        <height>240</height>
        <depth>3</depth>
    </size>
    <segmented>0</segmented>
    <object>
    <name>apple</name>
    <pose>Unspecified</pose>
    <truncated>0</truncated>
    <difficult>0</difficult>
    <bndbox>
        <xmin>188.53528866525423</xmin>
        <ymin>160.31304621292372</ymin>
        <xmax>244.79793432203388</xmax>
        <ymax>220.8416313559322</ymax>
    </bndbox>
</object>
</annotation>