<annotation verified="yes">
    <folder>Annotation</folder>
    <filename>frame_1550</filename>
    <path>openmv_auto_exposure-PascalVOC-export/Annotations/frame_1550.jpg</path>
    <source>
        <database>Unknown</database>
    </source>
    <size>
        <width>320</width>
        <height>240</height>
        <depth>3</depth>
    </size>
    <segmented>0</segmented>
    <object>
    <name>apple</name>
    <pose>Unspecified</pose>
    <truncated>0</truncated>
    <difficult>0</difficult>
    <bndbox>
        <xmin>54.688393802966104</xmin>
        <ymin>163.34323689088984</ymin>
        <xmax>105.98334878177965</xmax>
        <ymax>217.5512778072034</ymax>
    </bndbox>
</object><object>
    <name>hand</name>
    <pose>Unspecified</pose>
    <truncated>0</truncated>
    <difficult>0</difficult>
    <bndbox>
        <xmin>42.235103283898304</xmin>
        <ymin>122.34052237817797</ymin>
        <xmax>209.99016816737287</xmax>
        <ymax>240</ymax>
    </bndbox>
</object>
</annotation>