<annotation verified="yes">
    <folder>Annotation</folder>
    <filename>frame_401</filename>
    <path>openmv_auto_exposure-PascalVOC-export/Annotations/frame_401.jpg</path>
    <source>
        <database>Unknown</database>
    </source>
    <size>
        <width>320</width>
        <height>240</height>
        <depth>3</depth>
    </size>
    <segmented>0</segmented>
    <object>
    <name>apple</name>
    <pose>Unspecified</pose>
    <truncated>0</truncated>
    <difficult>0</difficult>
    <bndbox>
        <xmin>132.79910950741527</xmin>
        <ymin>49.56374966896186</ymin>
        <xmax>192.5853747351695</xmax>
        <ymax>111.23768538135593</ymax>
    </bndbox>
</object><object>
    <name>hand</name>
    <pose>Unspecified</pose>
    <truncated>0</truncated>
    <difficult>0</difficult>
    <bndbox>
        <xmin>134.11460540254237</xmin>
        <ymin>34.12077926377118</ymin>
        <xmax>266.3980402542373</xmax>
        <ymax>201.51824020127117</ymax>
    </bndbox>
</object>
</annotation>