<annotation verified="yes">
    <folder>Annotation</folder>
    <filename>frame_1150</filename>
    <path>openmv_auto_exposure-PascalVOC-export/Annotations/frame_1150.jpg</path>
    <source>
        <database>Unknown</database>
    </source>
    <size>
        <width>320</width>
        <height>240</height>
        <depth>3</depth>
    </size>
    <segmented>0</segmented>
    <object>
    <name>apple</name>
    <pose>Unspecified</pose>
    <truncated>0</truncated>
    <difficult>0</difficult>
    <bndbox>
        <xmin>50.91017280190678</xmin>
        <ymin>77.35214181673729</ymin>
        <xmax>96.01608845338984</xmax>
        <ymax>126.72545352224577</ymax>
    </bndbox>
</object><object>
    <name>hand</name>
    <pose>Unspecified</pose>
    <truncated>0</truncated>
    <difficult>0</difficult>
    <bndbox>
        <xmin>41.77711202330509</xmin>
        <ymin>45.45504502118644</ymin>
        <xmax>188.7212658898305</xmax>
        <ymax>200.80677304025423</ymax>
    </bndbox>
</object>
</annotation>