<annotation verified="yes">
    <folder>Annotation</folder>
    <filename>frame_292</filename>
    <path>openmv_auto_exposure-PascalVOC-export/Annotations/frame_292.jpg</path>
    <source>
        <database>Unknown</database>
    </source>
    <size>
        <width>320</width>
        <height>240</height>
        <depth>3</depth>
    </size>
    <segmented>0</segmented>
    <object>
    <name>apple</name>
    <pose>Unspecified</pose>
    <truncated>0</truncated>
    <difficult>0</difficult>
    <bndbox>
        <xmin>63.67937301377118</xmin>
        <ymin>116.49293233580508</ymin>
        <xmax>122.11957097457628</xmax>
        <ymax>168.31061308262713</ymax>
    </bndbox>
</object><object>
    <name>hand</name>
    <pose>Unspecified</pose>
    <truncated>0</truncated>
    <difficult>0</difficult>
    <bndbox>
        <xmin>65.93082958156779</xmin>
        <ymin>71.43211235434322</ymin>
        <xmax>226.95391949152543</xmax>
        <ymax>219.58482852224577</ymax>
    </bndbox>
</object>
</annotation>