<annotation verified="yes">
    <folder>Annotation</folder>
    <filename>frame_201</filename>
    <path>openmv_auto_exposure-PascalVOC-export/Annotations/frame_201.jpg</path>
    <source>
        <database>Unknown</database>
    </source>
    <size>
        <width>320</width>
        <height>240</height>
        <depth>3</depth>
    </size>
    <segmented>0</segmented>
    <object>
    <name>apple</name>
    <pose>Unspecified</pose>
    <truncated>0</truncated>
    <difficult>0</difficult>
    <bndbox>
        <xmin>80.45122153072033</xmin>
        <ymin>109.02313956567797</ymin>
        <xmax>136.4597126588983</xmax>
        <ymax>169.3586467161017</ymax>
    </bndbox>
</object><object>
    <name>hand</name>
    <pose>Unspecified</pose>
    <truncated>0</truncated>
    <difficult>0</difficult>
    <bndbox>
        <xmin>83.87885659427965</xmin>
        <ymin>64.07550979872882</ymin>
        <xmax>232.14952992584745</xmax>
        <ymax>223.5943789724576</ymax>
    </bndbox>
</object>
</annotation>