<annotation verified="yes">
    <folder>Annotation</folder>
    <filename>frame_1751</filename>
    <path>openmv_auto_exposure-PascalVOC-export/Annotations/frame_1751.jpg</path>
    <source>
        <database>Unknown</database>
    </source>
    <size>
        <width>320</width>
        <height>240</height>
        <depth>3</depth>
    </size>
    <segmented>0</segmented>
    <object>
    <name>apple</name>
    <pose>Unspecified</pose>
    <truncated>0</truncated>
    <difficult>0</difficult>
    <bndbox>
        <xmin>118.53513969809322</xmin>
        <ymin>88.95112221927965</ymin>
        <xmax>178.85851430084745</xmax>
        <ymax>151.1217227224576</ymax>
    </bndbox>
</object><object>
    <name>hand</name>
    <pose>Unspecified</pose>
    <truncated>0</truncated>
    <difficult>0</difficult>
    <bndbox>
        <xmin>157.58196504237287</xmin>
        <ymin>62.384078720868644</ymin>
        <xmax>281.7121623411017</xmax>
        <ymax>228.55076469809322</ymax>
    </bndbox>
</object>
</annotation>