<annotation verified="yes">
    <folder>Annotation</folder>
    <filename>frame_1580</filename>
    <path>openmv_auto_exposure-PascalVOC-export/Annotations/frame_1580.jpg</path>
    <source>
        <database>Unknown</database>
    </source>
    <size>
        <width>320</width>
        <height>240</height>
        <depth>3</depth>
    </size>
    <segmented>0</segmented>
    <object>
    <name>apple</name>
    <pose>Unspecified</pose>
    <truncated>0</truncated>
    <difficult>0</difficult>
    <bndbox>
        <xmin>119.00655455508475</xmin>
        <ymin>87.94747252383475</ymin>
        <xmax>179.45049324682202</xmax>
        <ymax>149.98932402012713</ymax>
    </bndbox>
</object><object>
    <name>hand</name>
    <pose>Unspecified</pose>
    <truncated>0</truncated>
    <difficult>0</difficult>
    <bndbox>
        <xmin>165.57481461864407</xmin>
        <ymin>78.91213420286017</ymin>
        <xmax>301.6609507415254</xmax>
        <ymax>234.6483381885593</ymax>
    </bndbox>
</object>
</annotation>