<annotation verified="yes">
    <folder>Annotation</folder>
    <filename>frame_133</filename>
    <path>openmv_auto_exposure-PascalVOC-export/Annotations/frame_133.jpg</path>
    <source>
        <database>Unknown</database>
    </source>
    <size>
        <width>320</width>
        <height>240</height>
        <depth>3</depth>
    </size>
    <segmented>0</segmented>
    <object>
    <name>apple</name>
    <pose>Unspecified</pose>
    <truncated>0</truncated>
    <difficult>0</difficult>
    <bndbox>
        <xmin>103.59095272775424</xmin>
        <ymin>78.36424126059322</ymin>
        <xmax>153.09070444915255</xmax>
        <ymax>139.78201138771186</ymax>
    </bndbox>
</object><object>
    <name>hand</name>
    <pose>Unspecified</pose>
    <truncated>0</truncated>
    <difficult>0</difficult>
    <bndbox>
        <xmin>103.57355667372882</xmin>
        <ymin>41.36691439353814</ymin>
        <xmax>239.84868246822032</xmax>
        <ymax>216.49420683262713</ymax>
    </bndbox>
</object>
</annotation>