<annotation verified="yes">
    <folder>Annotation</folder>
    <filename>frame_1542</filename>
    <path>openmv_auto_exposure-PascalVOC-export/Annotations/frame_1542.jpg</path>
    <source>
        <database>Unknown</database>
    </source>
    <size>
        <width>320</width>
        <height>240</height>
        <depth>3</depth>
    </size>
    <segmented>0</segmented>
    <object>
    <name>apple</name>
    <pose>Unspecified</pose>
    <truncated>0</truncated>
    <difficult>0</difficult>
    <bndbox>
        <xmin>65.29354806673729</xmin>
        <ymin>126.60305217161017</ymin>
        <xmax>126.62352688029661</xmax>
        <ymax>178.9323027012712</ymax>
    </bndbox>
</object><object>
    <name>hand</name>
    <pose>Unspecified</pose>
    <truncated>0</truncated>
    <difficult>0</difficult>
    <bndbox>
        <xmin>70.23639433262711</xmin>
        <ymin>67.38466631355932</ymin>
        <xmax>230.7845603813559</xmax>
        <ymax>234.29988744703388</ymax>
    </bndbox>
</object>
</annotation>