<annotation verified="yes">
    <folder>Annotation</folder>
    <filename>frame_36</filename>
    <path>openmv_auto_exposure-PascalVOC-export/Annotations/frame_36.jpg</path>
    <source>
        <database>Unknown</database>
    </source>
    <size>
        <width>320</width>
        <height>240</height>
        <depth>3</depth>
    </size>
    <segmented>0</segmented>
    <object>
    <name>apple</name>
    <pose>Unspecified</pose>
    <truncated>0</truncated>
    <difficult>0</difficult>
    <bndbox>
        <xmin>85.96904793432203</xmin>
        <ymin>108.87981660487289</ymin>
        <xmax>147.584811970339</xmax>
        <ymax>168.07180217161016</ymax>
    </bndbox>
</object><object>
    <name>hand</name>
    <pose>Unspecified</pose>
    <truncated>0</truncated>
    <difficult>0</difficult>
    <bndbox>
        <xmin>168.50958355402543</xmin>
        <ymin>115.5986328125</ymin>
        <xmax>290.0372086864407</xmax>
        <ymax>240</ymax>
    </bndbox>
</object>
</annotation>