<annotation verified="yes">
    <folder>Annotation</folder>
    <filename>frame_210</filename>
    <path>openmv_auto_exposure-PascalVOC-export/Annotations/frame_210.jpg</path>
    <source>
        <database>Unknown</database>
    </source>
    <size>
        <width>320</width>
        <height>240</height>
        <depth>3</depth>
    </size>
    <segmented>0</segmented>
    <object>
    <name>apple</name>
    <pose>Unspecified</pose>
    <truncated>0</truncated>
    <difficult>0</difficult>
    <bndbox>
        <xmin>79.59848384533899</xmin>
        <ymin>105.94503111758475</ymin>
        <xmax>136.4632382150424</xmax>
        <ymax>169.40894796080508</ymax>
    </bndbox>
</object><object>
    <name>hand</name>
    <pose>Unspecified</pose>
    <truncated>0</truncated>
    <difficult>0</difficult>
    <bndbox>
        <xmin>81.65772311970339</xmin>
        <ymin>63.57656084480932</ymin>
        <xmax>238.92353019067798</xmax>
        <ymax>218.9742121292373</ymax>
    </bndbox>
</object>
</annotation>