<annotation verified="yes">
    <folder>Annotation</folder>
    <filename>frame_104</filename>
    <path>openmv_auto_exposure-PascalVOC-export/Annotations/frame_104.jpg</path>
    <source>
        <database>Unknown</database>
    </source>
    <size>
        <width>320</width>
        <height>240</height>
        <depth>3</depth>
    </size>
    <segmented>0</segmented>
    <object>
    <name>apple</name>
    <pose>Unspecified</pose>
    <truncated>0</truncated>
    <difficult>0</difficult>
    <bndbox>
        <xmin>33.2145196073243</xmin>
        <ymin>118.10067962577597</ymin>
        <xmax>90.70891326206603</xmax>
        <ymax>178.87727827842835</ymax>
    </bndbox>
</object><object>
    <name>hand</name>
    <pose>Unspecified</pose>
    <truncated>0</truncated>
    <difficult>0</difficult>
    <bndbox>
        <xmin>41.5711235434322</xmin>
        <ymin>87.55980203919492</ymin>
        <xmax>190.38112420550848</xmax>
        <ymax>230.13345802436442</ymax>
    </bndbox>
</object>
</annotation>