<annotation verified="yes">
    <folder>Annotation</folder>
    <filename>frame_270</filename>
    <path>openmv_auto_exposure-PascalVOC-export/Annotations/frame_270.jpg</path>
    <source>
        <database>Unknown</database>
    </source>
    <size>
        <width>320</width>
        <height>240</height>
        <depth>3</depth>
    </size>
    <segmented>0</segmented>
    <object>
    <name>apple</name>
    <pose>Unspecified</pose>
    <truncated>0</truncated>
    <difficult>0</difficult>
    <bndbox>
        <xmin>85.76903469279661</xmin>
        <ymin>97.22279694120763</ymin>
        <xmax>141.40684586864407</xmax>
        <ymax>157.08717889300848</ymax>
    </bndbox>
</object><object>
    <name>hand</name>
    <pose>Unspecified</pose>
    <truncated>0</truncated>
    <difficult>0</difficult>
    <bndbox>
        <xmin>96.19521318855932</xmin>
        <ymin>58.64560712394068</ymin>
        <xmax>237.2426840572034</xmax>
        <ymax>216.27423199152543</ymax>
    </bndbox>
</object>
</annotation>