<annotation verified="yes">
    <folder>Annotation</folder>
    <filename>frame_49</filename>
    <path>openmv_auto_exposure-PascalVOC-export/Annotations/frame_49.jpg</path>
    <source>
        <database>Unknown</database>
    </source>
    <size>
        <width>320</width>
        <height>240</height>
        <depth>3</depth>
    </size>
    <segmented>0</segmented>
    <object>
    <name>apple</name>
    <pose>Unspecified</pose>
    <truncated>0</truncated>
    <difficult>0</difficult>
    <bndbox>
        <xmin>87.96459547139831</xmin>
        <ymin>105.79901019597457</ymin>
        <xmax>146.31172206038136</xmax>
        <ymax>165.72677767478814</ymax>
    </bndbox>
</object><object>
    <name>hand</name>
    <pose>Unspecified</pose>
    <truncated>0</truncated>
    <difficult>0</difficult>
    <bndbox>
        <xmin>84.98040254237289</xmin>
        <ymin>79.46536513506356</ymin>
        <xmax>230.46292372881356</xmax>
        <ymax>240</ymax>
    </bndbox>
</object>
</annotation>