<annotation verified="yes">
    <folder>Annotation</folder>
    <filename>frame_1482</filename>
    <path>openmv_auto_exposure-PascalVOC-export/Annotations/frame_1482.jpg</path>
    <source>
        <database>Unknown</database>
    </source>
    <size>
        <width>320</width>
        <height>240</height>
        <depth>3</depth>
    </size>
    <segmented>0</segmented>
    <object>
    <name>apple</name>
    <pose>Unspecified</pose>
    <truncated>0</truncated>
    <difficult>0</difficult>
    <bndbox>
        <xmin>88.7386122881356</xmin>
        <ymin>92.22178727489407</ymin>
        <xmax>151.6818061440678</xmax>
        <ymax>148.562351032839</ymax>
    </bndbox>
</object><object>
    <name>hand</name>
    <pose>Unspecified</pose>
    <truncated>0</truncated>
    <difficult>0</difficult>
    <bndbox>
        <xmin>93.53126655190678</xmin>
        <ymin>54.72530455508475</ymin>
        <xmax>250.05912341101694</xmax>
        <ymax>212.9221232786017</ymax>
    </bndbox>
</object>
</annotation>