<annotation verified="yes">
    <folder>Annotation</folder>
    <filename>frame_129</filename>
    <path>openmv_auto_exposure-PascalVOC-export/Annotations/frame_129.jpg</path>
    <source>
        <database>Unknown</database>
    </source>
    <size>
        <width>320</width>
        <height>240</height>
        <depth>3</depth>
    </size>
    <segmented>0</segmented>
    <object>
    <name>apple</name>
    <pose>Unspecified</pose>
    <truncated>0</truncated>
    <difficult>0</difficult>
    <bndbox>
        <xmin>97.5771484375</xmin>
        <ymin>71.40620034427965</ymin>
        <xmax>150.89295881885593</xmax>
        <ymax>134.25754766949152</ymax>
    </bndbox>
</object><object>
    <name>hand</name>
    <pose>Unspecified</pose>
    <truncated>0</truncated>
    <difficult>0</difficult>
    <bndbox>
        <xmin>94.73831435381356</xmin>
        <ymin>45.301410222457626</ymin>
        <xmax>235.887546345339</xmax>
        <ymax>214.04576602224577</ymax>
    </bndbox>
</object>
</annotation>