<annotation verified="yes">
    <folder>Annotation</folder>
    <filename>frame_27</filename>
    <path>openmv_auto_exposure-PascalVOC-export/Annotations/frame_27.jpg</path>
    <source>
        <database>Unknown</database>
    </source>
    <size>
        <width>320</width>
        <height>240</height>
        <depth>3</depth>
    </size>
    <segmented>0</segmented>
    <object>
    <name>apple</name>
    <pose>Unspecified</pose>
    <truncated>0</truncated>
    <difficult>0</difficult>
    <bndbox>
        <xmin>87.69388903601696</xmin>
        <ymin>109.10075145656779</ymin>
        <xmax>147.24084679555085</xmax>
        <ymax>167.12086202330508</ymax>
    </bndbox>
</object>
</annotation>