<annotation verified="yes">
    <folder>Annotation</folder>
    <filename>frame_252</filename>
    <path>openmv_auto_exposure-PascalVOC-export/Annotations/frame_252.jpg</path>
    <source>
        <database>Unknown</database>
    </source>
    <size>
        <width>320</width>
        <height>240</height>
        <depth>3</depth>
    </size>
    <segmented>0</segmented>
    <object>
    <name>apple</name>
    <pose>Unspecified</pose>
    <truncated>0</truncated>
    <difficult>0</difficult>
    <bndbox>
        <xmin>71.20338983050847</xmin>
        <ymin>107.94312764830508</ymin>
        <xmax>125.19165452860169</xmax>
        <ymax>164.83067399364407</ymax>
    </bndbox>
</object><object>
    <name>hand</name>
    <pose>Unspecified</pose>
    <truncated>0</truncated>
    <difficult>0</difficult>
    <bndbox>
        <xmin>81.52691340042372</xmin>
        <ymin>54.086831302966104</ymin>
        <xmax>228.10282044491524</xmax>
        <ymax>216.64812301377117</ymax>
    </bndbox>
</object>
</annotation>