<annotation verified="yes">
    <folder>Annotation</folder>
    <filename>frame_1011</filename>
    <path>openmv_auto_exposure-PascalVOC-export/Annotations/frame_1011.jpg</path>
    <source>
        <database>Unknown</database>
    </source>
    <size>
        <width>320</width>
        <height>240</height>
        <depth>3</depth>
    </size>
    <segmented>0</segmented>
    <object>
    <name>apple</name>
    <pose>Unspecified</pose>
    <truncated>0</truncated>
    <difficult>0</difficult>
    <bndbox>
        <xmin>41.451696126164265</xmin>
        <ymin>43.64888830593962</ymin>
        <xmax>89.38460851502964</xmax>
        <ymax>93.2120005863784</ymax>
    </bndbox>
</object><object>
    <name>hand</name>
    <pose>Unspecified</pose>
    <truncated>0</truncated>
    <difficult>0</difficult>
    <bndbox>
        <xmin>32.30240333686441</xmin>
        <ymin>2.547743975105932</ymin>
        <xmax>183.14671610169492</xmax>
        <ymax>157.88006488347457</ymax>
    </bndbox>
</object>
</annotation>