<annotation verified="yes">
    <folder>Annotation</folder>
    <filename>frame_1360</filename>
    <path>openmv_auto_exposure-PascalVOC-export/Annotations/frame_1360.jpg</path>
    <source>
        <database>Unknown</database>
    </source>
    <size>
        <width>320</width>
        <height>240</height>
        <depth>3</depth>
    </size>
    <segmented>0</segmented>
    <object>
    <name>apple</name>
    <pose>Unspecified</pose>
    <truncated>0</truncated>
    <difficult>0</difficult>
    <bndbox>
        <xmin>198.53346795550848</xmin>
        <ymin>169.7700940148305</ymin>
        <xmax>252.3600370762712</xmax>
        <ymax>226.05253575211864</ymax>
    </bndbox>
</object><object>
    <name>hand</name>
    <pose>Unspecified</pose>
    <truncated>0</truncated>
    <difficult>0</difficult>
    <bndbox>
        <xmin>219.0763373940678</xmin>
        <ymin>170.37495034427965</ymin>
        <xmax>317.5731594279661</xmax>
        <ymax>238.5631289724576</ymax>
    </bndbox>
</object>
</annotation>