<annotation verified="yes">
    <folder>Annotation</folder>
    <filename>frame_1452</filename>
    <path>openmv_auto_exposure-PascalVOC-export/Annotations/frame_1452.jpg</path>
    <source>
        <database>Unknown</database>
    </source>
    <size>
        <width>320</width>
        <height>240</height>
        <depth>3</depth>
    </size>
    <segmented>0</segmented>
    <object>
    <name>apple</name>
    <pose>Unspecified</pose>
    <truncated>0</truncated>
    <difficult>0</difficult>
    <bndbox>
        <xmin>40.58572232521186</xmin>
        <ymin>98.07517048463983</ymin>
        <xmax>99.25771318855932</xmax>
        <ymax>160.67222259004237</ymax>
    </bndbox>
</object><object>
    <name>hand</name>
    <pose>Unspecified</pose>
    <truncated>0</truncated>
    <difficult>0</difficult>
    <bndbox>
        <xmin>48.02098781779661</xmin>
        <ymin>88.40092856197033</ymin>
        <xmax>205.57643670550846</xmax>
        <ymax>232.64036016949154</ymax>
    </bndbox>
</object>
</annotation>