<annotation verified="yes">
    <folder>Annotation</folder>
    <filename>frame_1802</filename>
    <path>openmv_auto_exposure-PascalVOC-export/Annotations/frame_1802.jpg</path>
    <source>
        <database>Unknown</database>
    </source>
    <size>
        <width>320</width>
        <height>240</height>
        <depth>3</depth>
    </size>
    <segmented>0</segmented>
    <object>
    <name>apple</name>
    <pose>Unspecified</pose>
    <truncated>0</truncated>
    <difficult>0</difficult>
    <bndbox>
        <xmin>119.62602621822033</xmin>
        <ymin>91.00632282838983</ymin>
        <xmax>176.80968617584745</xmax>
        <ymax>151.7023967161017</ymax>
    </bndbox>
</object><object>
    <name>hand</name>
    <pose>Unspecified</pose>
    <truncated>0</truncated>
    <difficult>0</difficult>
    <bndbox>
        <xmin>204.5913996292373</xmin>
        <ymin>128.87945246292372</ymin>
        <xmax>316.825873940678</xmax>
        <ymax>237.00286347987287</ymax>
    </bndbox>
</object>
</annotation>