<annotation verified="yes">
    <folder>Annotation</folder>
    <filename>frame_1484</filename>
    <path>openmv_auto_exposure-PascalVOC-export/Annotations/frame_1484.jpg</path>
    <source>
        <database>Unknown</database>
    </source>
    <size>
        <width>320</width>
        <height>240</height>
        <depth>3</depth>
    </size>
    <segmented>0</segmented>
    <object>
    <name>apple</name>
    <pose>Unspecified</pose>
    <truncated>0</truncated>
    <difficult>0</difficult>
    <bndbox>
        <xmin>87.83817200741525</xmin>
        <ymin>100.02055746822033</ymin>
        <xmax>149.68028336864407</xmax>
        <ymax>156.41907772775423</ymax>
    </bndbox>
</object><object>
    <name>hand</name>
    <pose>Unspecified</pose>
    <truncated>0</truncated>
    <difficult>0</difficult>
    <bndbox>
        <xmin>100.98953919491525</xmin>
        <ymin>56.637720140360166</ymin>
        <xmax>260.0417439088983</xmax>
        <ymax>217.01684984110167</ymax>
    </bndbox>
</object>
</annotation>