<annotation verified="yes">
    <folder>Annotation</folder>
    <filename>frame_113</filename>
    <path>openmv_auto_exposure-PascalVOC-export/Annotations/frame_113.jpg</path>
    <source>
        <database>Unknown</database>
    </source>
    <size>
        <width>320</width>
        <height>240</height>
        <depth>3</depth>
    </size>
    <segmented>0</segmented>
    <object>
    <name>apple</name>
    <pose>Unspecified</pose>
    <truncated>0</truncated>
    <difficult>0</difficult>
    <bndbox>
        <xmin>48.24702065677966</xmin>
        <ymin>128.35007282838984</ymin>
        <xmax>108.34379965572035</xmax>
        <ymax>184.94675251588984</ymax>
    </bndbox>
</object><object>
    <name>hand</name>
    <pose>Unspecified</pose>
    <truncated>0</truncated>
    <difficult>0</difficult>
    <bndbox>
        <xmin>49.029661016949156</xmin>
        <ymin>84.94836632680085</ymin>
        <xmax>209.2308659957627</xmax>
        <ymax>230.01400291313558</ymax>
    </bndbox>
</object>
</annotation>