<annotation verified="yes">
    <folder>Annotation</folder>
    <filename>frame_250</filename>
    <path>openmv_auto_exposure-PascalVOC-export/Annotations/frame_250.jpg</path>
    <source>
        <database>Unknown</database>
    </source>
    <size>
        <width>320</width>
        <height>240</height>
        <depth>3</depth>
    </size>
    <segmented>0</segmented>
    <object>
    <name>apple</name>
    <pose>Unspecified</pose>
    <truncated>0</truncated>
    <difficult>0</difficult>
    <bndbox>
        <xmin>72.87837658898304</xmin>
        <ymin>106.78931077860169</ymin>
        <xmax>126.43687102754237</xmax>
        <ymax>166.16412870762713</ymax>
    </bndbox>
</object><object>
    <name>hand</name>
    <pose>Unspecified</pose>
    <truncated>0</truncated>
    <difficult>0</difficult>
    <bndbox>
        <xmin>77.5543564618644</xmin>
        <ymin>53.547015691207626</ymin>
        <xmax>225.84917902542372</xmax>
        <ymax>213.66345007944915</ymax>
    </bndbox>
</object>
</annotation>