<annotation verified="yes">
    <folder>Annotation</folder>
    <filename>frame_1730</filename>
    <path>openmv_auto_exposure-PascalVOC-export/Annotations/frame_1730.jpg</path>
    <source>
        <database>Unknown</database>
    </source>
    <size>
        <width>320</width>
        <height>240</height>
        <depth>3</depth>
    </size>
    <segmented>0</segmented>
    <object>
    <name>apple</name>
    <pose>Unspecified</pose>
    <truncated>0</truncated>
    <difficult>0</difficult>
    <bndbox>
        <xmin>119.06471795550847</xmin>
        <ymin>89.21450443591101</ymin>
        <xmax>178.32454978813558</xmax>
        <ymax>153.60546875</ymax>
    </bndbox>
</object><object>
    <name>hand</name>
    <pose>Unspecified</pose>
    <truncated>0</truncated>
    <difficult>0</difficult>
    <bndbox>
        <xmin>180.4073093220339</xmin>
        <ymin>146.81105998411016</ymin>
        <xmax>303.9576271186441</xmax>
        <ymax>240</ymax>
    </bndbox>
</object>
</annotation>