<annotation verified="yes">
    <folder>Annotation</folder>
    <filename>frame_1192</filename>
    <path>openmv_auto_exposure-PascalVOC-export/Annotations/frame_1192.jpg</path>
    <source>
        <database>Unknown</database>
    </source>
    <size>
        <width>320</width>
        <height>240</height>
        <depth>3</depth>
    </size>
    <segmented>0</segmented>
    <object>
    <name>apple</name>
    <pose>Unspecified</pose>
    <truncated>0</truncated>
    <difficult>0</difficult>
    <bndbox>
        <xmin>121.15929555084746</xmin>
        <ymin>113.50715042372882</ymin>
        <xmax>173.91386387711864</xmax>
        <ymax>169.2661215572034</ymax>
    </bndbox>
</object><object>
    <name>hand</name>
    <pose>Unspecified</pose>
    <truncated>0</truncated>
    <difficult>0</difficult>
    <bndbox>
        <xmin>110.8775158898305</xmin>
        <ymin>71.4065810381356</ymin>
        <xmax>269.596530720339</xmax>
        <ymax>220.53293829449154</ymax>
    </bndbox>
</object>
</annotation>