<annotation verified="yes">
    <folder>Annotation</folder>
    <filename>frame_1540</filename>
    <path>openmv_auto_exposure-PascalVOC-export/Annotations/frame_1540.jpg</path>
    <source>
        <database>Unknown</database>
    </source>
    <size>
        <width>320</width>
        <height>240</height>
        <depth>3</depth>
    </size>
    <segmented>0</segmented>
    <object>
    <name>apple</name>
    <pose>Unspecified</pose>
    <truncated>0</truncated>
    <difficult>0</difficult>
    <bndbox>
        <xmin>89.47581766419492</xmin>
        <ymin>101.6139267743644</ymin>
        <xmax>149.96610169491527</xmax>
        <ymax>160</ymax>
    </bndbox>
</object><object>
    <name>hand</name>
    <pose>Unspecified</pose>
    <truncated>0</truncated>
    <difficult>0</difficult>
    <bndbox>
        <xmin>116.05392611228814</xmin>
        <ymin>51.342103085275426</ymin>
        <xmax>244.52509269067798</xmax>
        <ymax>226.78762248411016</ymax>
    </bndbox>
</object>
</annotation>