<annotation verified="yes">
    <folder>Annotation</folder>
    <filename>frame_111</filename>
    <path>openmv_auto_exposure-PascalVOC-export/Annotations/frame_111.jpg</path>
    <source>
        <database>Unknown</database>
    </source>
    <size>
        <width>320</width>
        <height>240</height>
        <depth>3</depth>
    </size>
    <segmented>0</segmented>
    <object>
    <name>apple</name>
    <pose>Unspecified</pose>
    <truncated>0</truncated>
    <difficult>0</difficult>
    <bndbox>
        <xmin>50.33893339512712</xmin>
        <ymin>130.80839512711864</ymin>
        <xmax>105.22482454978814</xmax>
        <ymax>186.36968683792372</ymax>
    </bndbox>
</object><object>
    <name>hand</name>
    <pose>Unspecified</pose>
    <truncated>0</truncated>
    <difficult>0</difficult>
    <bndbox>
        <xmin>46.2911811440678</xmin>
        <ymin>83.4307385460805</ymin>
        <xmax>208.00327727754237</xmax>
        <ymax>228.13544425317795</ymax>
    </bndbox>
</object>
</annotation>