<annotation verified="yes">
    <folder>Annotation</folder>
    <filename>apple120</filename>
    <path>apple_dataset-PascalVOC-export/Annotations/frame_120.jpg</path>
    <source>
        <database>Unknown</database>
    </source>
    <size>
        <width>320</width>
        <height>240</height>
        <depth>3</depth>
    </size>
    <segmented>0</segmented>
    <object>
    <name>apple</name>
    <pose>Unspecified</pose>
    <truncated>0</truncated>
    <difficult>0</difficult>
    <bndbox>
        <xmin>122.40672629127857</xmin>
        <ymin>40.473773344913944</ymin>
        <xmax>235.43435118543607</xmax>
        <ymax>162.90783608740125</ymax>
    </bndbox>
</object>
</annotation>