<annotation verified="yes">
    <folder>Annotation</folder>
    <filename>apple318</filename>
    <path>apple_dataset-PascalVOC-export/Annotations/frame_318.jpg</path>
    <source>
        <database>Unknown</database>
    </source>
    <size>
        <width>320</width>
        <height>240</height>
        <depth>3</depth>
    </size>
    <segmented>0</segmented>
    <object>
    <name>apple</name>
    <pose>Unspecified</pose>
    <truncated>0</truncated>
    <difficult>0</difficult>
    <bndbox>
        <xmin>163.24670234441152</xmin>
        <ymin>55.296694236738155</ymin>
        <xmax>278.82121216130395</xmax>
        <ymax>159.27317186618228</ymax>
    </bndbox>
</object>
</annotation>