<annotation verified="yes">
    <folder>Annotation</folder>
    <filename>apple831</filename>
    <path>apple_dataset-PascalVOC-export/Annotations/frame_831.jpg</path>
    <source>
        <database>Unknown</database>
    </source>
    <size>
        <width>320</width>
        <height>240</height>
        <depth>3</depth>
    </size>
    <segmented>0</segmented>
    <object>
    <name>apple</name>
    <pose>Unspecified</pose>
    <truncated>0</truncated>
    <difficult>0</difficult>
    <bndbox>
        <xmin>68.22980061917866</xmin>
        <ymin>56.3213573998307</ymin>
        <xmax>154.91707901143099</xmax>
        <ymax>147.0634181451044</ymax>
    </bndbox>
</object>
</annotation>