<annotation verified="yes">
    <folder>Annotation</folder>
    <filename>apple207</filename>
    <path>apple_dataset-PascalVOC-export/Annotations/frame_207.jpg</path>
    <source>
        <database>Unknown</database>
    </source>
    <size>
        <width>320</width>
        <height>240</height>
        <depth>3</depth>
    </size>
    <segmented>0</segmented>
    <object>
    <name>apple</name>
    <pose>Unspecified</pose>
    <truncated>0</truncated>
    <difficult>0</difficult>
    <bndbox>
        <xmin>52.61867591024556</xmin>
        <ymin>13.04720704227215</ymin>
        <xmax>157.13537256562236</xmax>
        <ymax>100.32271753315463</ymax>
    </bndbox>
</object>
</annotation>