<annotation verified="yes">
    <folder>Annotation</folder>
    <filename>apple165</filename>
    <path>apple_dataset-PascalVOC-export/Annotations/frame_165.jpg</path>
    <source>
        <database>Unknown</database>
    </source>
    <size>
        <width>320</width>
        <height>240</height>
        <depth>3</depth>
    </size>
    <segmented>0</segmented>
    <object>
    <name>apple</name>
    <pose>Unspecified</pose>
    <truncated>0</truncated>
    <difficult>0</difficult>
    <bndbox>
        <xmin>131.44772703217612</xmin>
        <ymin>106.6003996631631</ymin>
        <xmax>233.25581472269263</xmax>
        <ymax>208.4583098194131</ymax>
    </bndbox>
</object>
</annotation>