<annotation verified="yes">
    <folder>Annotation</folder>
    <filename>apple795</filename>
    <path>apple_dataset-PascalVOC-export/Annotations/frame_795.jpg</path>
    <source>
        <database>Unknown</database>
    </source>
    <size>
        <width>320</width>
        <height>240</height>
        <depth>3</depth>
    </size>
    <segmented>0</segmented>
    <object>
    <name>apple</name>
    <pose>Unspecified</pose>
    <truncated>0</truncated>
    <difficult>0</difficult>
    <bndbox>
        <xmin>64.24511139923793</xmin>
        <ymin>34.25931013464659</ymin>
        <xmax>155.18590243966975</xmax>
        <ymax>128.3450296716281</ymax>
    </bndbox>
</object>
</annotation>