<annotation verified="yes">
    <folder>Annotation</folder>
    <filename>apple198</filename>
    <path>apple_dataset-PascalVOC-export/Annotations/frame_198.jpg</path>
    <source>
        <database>Unknown</database>
    </source>
    <size>
        <width>320</width>
        <height>240</height>
        <depth>3</depth>
    </size>
    <segmented>0</segmented>
    <object>
    <name>apple</name>
    <pose>Unspecified</pose>
    <truncated>0</truncated>
    <difficult>0</difficult>
    <bndbox>
        <xmin>173.93299177074513</xmin>
        <ymin>48.495371799167614</ymin>
        <xmax>252.51624020956817</xmax>
        <ymax>125.64249215222914</ymax>
    </bndbox>
</object>
</annotation>