<annotation verified="yes">
    <folder>Annotation</folder>
    <filename>apple504</filename>
    <path>apple_dataset-PascalVOC-export/Annotations/frame_504.jpg</path>
    <source>
        <database>Unknown</database>
    </source>
    <size>
        <width>320</width>
        <height>240</height>
        <depth>3</depth>
    </size>
    <segmented>0</segmented>
    <object>
    <name>apple</name>
    <pose>Unspecified</pose>
    <truncated>0</truncated>
    <difficult>0</difficult>
    <bndbox>
        <xmin>36.912822158128705</xmin>
        <ymin>30.956277610486037</ymin>
        <xmax>122.18257170829806</xmax>
        <ymax>113.42467021726864</ymax>
    </bndbox>
</object>
</annotation>