<annotation verified="yes">
    <folder>Annotation</folder>
    <filename>apple1143</filename>
    <path>apple_dataset-PascalVOC-export/Annotations/frame_1143.jpg</path>
    <source>
        <database>Unknown</database>
    </source>
    <size>
        <width>320</width>
        <height>240</height>
        <depth>3</depth>
    </size>
    <segmented>0</segmented>
    <object>
    <name>apple</name>
    <pose>Unspecified</pose>
    <truncated>0</truncated>
    <difficult>0</difficult>
    <bndbox>
        <xmin>119.95314815304826</xmin>
        <ymin>63.64933745855672</ymin>
        <xmax>197.43520454064353</xmax>
        <ymax>138.53657259628952</ymax>
    </bndbox>
</object>
</annotation>