<annotation verified="yes">
    <folder>Annotation</folder>
    <filename>apple588</filename>
    <path>apple_dataset-PascalVOC-export/Annotations/frame_588.jpg</path>
    <source>
        <database>Unknown</database>
    </source>
    <size>
        <width>320</width>
        <height>240</height>
        <depth>3</depth>
    </size>
    <segmented>0</segmented>
    <object>
    <name>apple</name>
    <pose>Unspecified</pose>
    <truncated>0</truncated>
    <difficult>0</difficult>
    <bndbox>
        <xmin>108.65113648391194</xmin>
        <ymin>62.722302990088885</ymin>
        <xmax>201.23872115791704</xmax>
        <ymax>145.24522630678612</ymax>
    </bndbox>
</object>
</annotation>