<annotation verified="yes">
    <folder>Annotation</folder>
    <filename>apple1245</filename>
    <path>apple_dataset-PascalVOC-export/Annotations/frame_1245.jpg</path>
    <source>
        <database>Unknown</database>
    </source>
    <size>
        <width>320</width>
        <height>240</height>
        <depth>3</depth>
    </size>
    <segmented>0</segmented>
    <object>
    <name>apple</name>
    <pose>Unspecified</pose>
    <truncated>0</truncated>
    <difficult>0</difficult>
    <bndbox>
        <xmin>155.51742101502964</xmin>
        <ymin>93.2301954006772</ymin>
        <xmax>230.58828588060965</xmax>
        <ymax>171.90708547897856</ymax>
    </bndbox>
</object>
</annotation>