<annotation verified="yes">
    <folder>Annotation</folder>
    <filename>apple480</filename>
    <path>apple_dataset-PascalVOC-export/Annotations/frame_480.jpg</path>
    <source>
        <database>Unknown</database>
    </source>
    <size>
        <width>320</width>
        <height>240</height>
        <depth>3</depth>
    </size>
    <segmented>0</segmented>
    <object>
    <name>apple</name>
    <pose>Unspecified</pose>
    <truncated>0</truncated>
    <difficult>0</difficult>
    <bndbox>
        <xmin>163.51833721422523</xmin>
        <ymin>62.72128619674098</ymin>
        <xmax>320</xmax>
        <ymax>226.3182105759735</ymax>
    </bndbox>
</object>
</annotation>