<annotation verified="yes">
    <folder>Annotation</folder>
    <filename>apple531</filename>
    <path>apple_dataset-PascalVOC-export/Annotations/frame_531.jpg</path>
    <source>
        <database>Unknown</database>
    </source>
    <size>
        <width>320</width>
        <height>240</height>
        <depth>3</depth>
    </size>
    <segmented>0</segmented>
    <object>
    <name>apple</name>
    <pose>Unspecified</pose>
    <truncated>0</truncated>
    <difficult>0</difficult>
    <bndbox>
        <xmin>77.99292839754445</xmin>
        <ymin>37.456009221130785</ymin>
        <xmax>182.67516934801017</xmax>
        <ymax>138.82747469314336</ymax>
    </bndbox>
</object>
</annotation>