<annotation verified="yes">
    <folder>Annotation</folder>
    <filename>apple303</filename>
    <path>apple_dataset-PascalVOC-export/Annotations/frame_303.jpg</path>
    <source>
        <database>Unknown</database>
    </source>
    <size>
        <width>320</width>
        <height>240</height>
        <depth>3</depth>
    </size>
    <segmented>0</segmented>
    <object>
    <name>apple</name>
    <pose>Unspecified</pose>
    <truncated>0</truncated>
    <difficult>0</difficult>
    <bndbox>
        <xmin>87.12262185118543</xmin>
        <ymin>77.05932892741254</ymin>
        <xmax>182.4756892993226</xmax>
        <ymax>162.34449950620768</ymax>
    </bndbox>
</object>
</annotation>