<annotation verified="yes">
    <folder>Annotation</folder>
    <filename>apple273</filename>
    <path>apple_dataset-PascalVOC-export/Annotations/frame_273.jpg</path>
    <source>
        <database>Unknown</database>
    </source>
    <size>
        <width>320</width>
        <height>240</height>
        <depth>3</depth>
    </size>
    <segmented>0</segmented>
    <object>
    <name>apple</name>
    <pose>Unspecified</pose>
    <truncated>0</truncated>
    <difficult>0</difficult>
    <bndbox>
        <xmin>0.6154080228619814</xmin>
        <ymin>115.15860874012417</ymin>
        <xmax>40.825166371189674</xmax>
        <ymax>191.42254073786683</ymax>
    </bndbox>
</object>
</annotation>