<annotation verified="yes">
    <folder>Annotation</folder>
    <filename>apple840</filename>
    <path>apple_dataset-PascalVOC-export/Annotations/frame_840.jpg</path>
    <source>
        <database>Unknown</database>
    </source>
    <size>
        <width>320</width>
        <height>240</height>
        <depth>3</depth>
    </size>
    <segmented>0</segmented>
    <object>
    <name>apple</name>
    <pose>Unspecified</pose>
    <truncated>0</truncated>
    <difficult>0</difficult>
    <bndbox>
        <xmin>75.73540696443692</xmin>
        <ymin>52.57015874100593</ymin>
        <xmax>160.67066111875528</xmax>
        <ymax>144.49992504937924</ymax>
    </bndbox>
</object>
</annotation>