<annotation verified="yes">
    <folder>Annotation</folder>
    <filename>apple501</filename>
    <path>apple_dataset-PascalVOC-export/Annotations/frame_501.jpg</path>
    <source>
        <database>Unknown</database>
    </source>
    <size>
        <width>320</width>
        <height>240</height>
        <depth>3</depth>
    </size>
    <segmented>0</segmented>
    <object>
    <name>apple</name>
    <pose>Unspecified</pose>
    <truncated>0</truncated>
    <difficult>0</difficult>
    <bndbox>
        <xmin>24.2328237457663</xmin>
        <ymin>69.97272568954571</ymin>
        <xmax>117.07327278259949</xmax>
        <ymax>152.2193540138262</ymax>
    </bndbox>
</object>
</annotation>