<annotation verified="yes">
    <folder>Annotation</folder>
    <filename>apple933</filename>
    <path>apple_dataset-PascalVOC-export/Annotations/frame_933.jpg</path>
    <source>
        <database>Unknown</database>
    </source>
    <size>
        <width>320</width>
        <height>240</height>
        <depth>3</depth>
    </size>
    <segmented>0</segmented>
    <object>
    <name>apple</name>
    <pose>Unspecified</pose>
    <truncated>0</truncated>
    <difficult>0</difficult>
    <bndbox>
        <xmin>102.45048555249788</xmin>
        <ymin>80.49438752116254</ymin>
        <xmax>215.83691654318375</xmax>
        <ymax>185.03560705593964</ymax>
    </bndbox>
</object>
</annotation>