<annotation verified="yes">
    <folder>Annotation</folder>
    <filename>apple147</filename>
    <path>apple_dataset-PascalVOC-export/Annotations/frame_147.jpg</path>
    <source>
        <database>Unknown</database>
    </source>
    <size>
        <width>320</width>
        <height>240</height>
        <depth>3</depth>
    </size>
    <segmented>0</segmented>
    <object>
    <name>apple</name>
    <pose>Unspecified</pose>
    <truncated>0</truncated>
    <difficult>0</difficult>
    <bndbox>
        <xmin>146.1211202106266</xmin>
        <ymin>76.9126461537105</ymin>
        <xmax>281.0781051545301</xmax>
        <ymax>206.22510096289506</ymax>
    </bndbox>
</object>
</annotation>