<annotation verified="yes">
    <folder>Annotation</folder>
    <filename>apple663</filename>
    <path>apple_dataset-PascalVOC-export/Annotations/frame_663.jpg</path>
    <source>
        <database>Unknown</database>
    </source>
    <size>
        <width>320</width>
        <height>240</height>
        <depth>3</depth>
    </size>
    <segmented>0</segmented>
    <object>
    <name>apple</name>
    <pose>Unspecified</pose>
    <truncated>0</truncated>
    <difficult>0</difficult>
    <bndbox>
        <xmin>83.2611399237934</xmin>
        <ymin>82.68923929528782</ymin>
        <xmax>121.15834700465706</xmax>
        <ymax>121.6078396144893</ymax>
    </bndbox>
</object>
</annotation>