<annotation verified="yes">
    <folder>Annotation</folder>
    <filename>apple528</filename>
    <path>apple_dataset-PascalVOC-export/Annotations/frame_528.jpg</path>
    <source>
        <database>Unknown</database>
    </source>
    <size>
        <width>320</width>
        <height>240</height>
        <depth>3</depth>
    </size>
    <segmented>0</segmented>
    <object>
    <name>apple</name>
    <pose>Unspecified</pose>
    <truncated>0</truncated>
    <difficult>0</difficult>
    <bndbox>
        <xmin>83.29983859017781</xmin>
        <ymin>38.448097797333524</ymin>
        <xmax>178.18339529530058</xmax>
        <ymax>120.4627815057139</ymax>
    </bndbox>
</object>
</annotation>