<annotation verified="yes">
    <folder>Annotation</folder>
    <filename>apple288</filename>
    <path>apple_dataset-PascalVOC-export/Annotations/frame_288.jpg</path>
    <source>
        <database>Unknown</database>
    </source>
    <size>
        <width>320</width>
        <height>240</height>
        <depth>3</depth>
    </size>
    <segmented>0</segmented>
    <object>
    <name>apple</name>
    <pose>Unspecified</pose>
    <truncated>0</truncated>
    <difficult>0</difficult>
    <bndbox>
        <xmin>193.72714463378492</xmin>
        <ymin>14.023746120203162</ymin>
        <xmax>270.8406541066892</xmax>
        <ymax>102.54308007371614</ymax>
    </bndbox>
</object>
</annotation>