<annotation verified="yes">
    <folder>Annotation</folder>
    <filename>apple249</filename>
    <path>apple_dataset-PascalVOC-export/Annotations/frame_249.jpg</path>
    <source>
        <database>Unknown</database>
    </source>
    <size>
        <width>320</width>
        <height>240</height>
        <depth>3</depth>
    </size>
    <segmented>0</segmented>
    <object>
    <name>apple</name>
    <pose>Unspecified</pose>
    <truncated>0</truncated>
    <difficult>0</difficult>
    <bndbox>
        <xmin>146.1776136483912</xmin>
        <ymin>105.06269398984199</ymin>
        <xmax>242.14390611769687</xmax>
        <ymax>196.93273402229119</ymax>
    </bndbox>
</object>
</annotation>