<annotation verified="yes">
    <folder>Annotation</folder>
    <filename>apple819</filename>
    <path>apple_dataset-PascalVOC-export/Annotations/frame_819.jpg</path>
    <source>
        <database>Unknown</database>
    </source>
    <size>
        <width>320</width>
        <height>240</height>
        <depth>3</depth>
    </size>
    <segmented>0</segmented>
    <object>
    <name>apple</name>
    <pose>Unspecified</pose>
    <truncated>0</truncated>
    <difficult>0</difficult>
    <bndbox>
        <xmin>78.5023119972481</xmin>
        <ymin>40.533226822622744</ymin>
        <xmax>163.69220006879763</xmax>
        <ymax>127.04374911822799</ymax>
    </bndbox>
</object>
</annotation>