<annotation verified="yes">
    <folder>Annotation</folder>
    <filename>apple1020</filename>
    <path>apple_dataset-PascalVOC-export/Annotations/frame_1020.jpg</path>
    <source>
        <database>Unknown</database>
    </source>
    <size>
        <width>320</width>
        <height>240</height>
        <depth>3</depth>
    </size>
    <segmented>0</segmented>
    <object>
    <name>apple</name>
    <pose>Unspecified</pose>
    <truncated>0</truncated>
    <difficult>0</difficult>
    <bndbox>
        <xmin>61.35939815304826</xmin>
        <ymin>2.912377213247743</ymin>
        <xmax>179.02307366638442</xmax>
        <ymax>84.66568716492664</ymax>
    </bndbox>
</object>
</annotation>