<annotation verified="yes">
    <folder>Annotation</folder>
    <filename>apple1035</filename>
    <path>apple_dataset-PascalVOC-export/Annotations/frame_1035.jpg</path>
    <source>
        <database>Unknown</database>
    </source>
    <size>
        <width>320</width>
        <height>240</height>
        <depth>3</depth>
    </size>
    <segmented>0</segmented>
    <object>
    <name>apple</name>
    <pose>Unspecified</pose>
    <truncated>0</truncated>
    <difficult>0</difficult>
    <bndbox>
        <xmin>33.3767067104149</xmin>
        <ymin>71.65801519734057</ymin>
        <xmax>160.7985817104149</xmax>
        <ymax>187.31901078407168</ymax>
    </bndbox>
</object>
</annotation>