<annotation verified="yes">
    <folder>Annotation</folder>
    <filename>apple420</filename>
    <path>apple_dataset-PascalVOC-export/Annotations/frame_420.jpg</path>
    <source>
        <database>Unknown</database>
    </source>
    <size>
        <width>320</width>
        <height>240</height>
        <depth>3</depth>
    </size>
    <segmented>0</segmented>
    <object>
    <name>apple</name>
    <pose>Unspecified</pose>
    <truncated>0</truncated>
    <difficult>0</difficult>
    <bndbox>
        <xmin>115.87377950359864</xmin>
        <ymin>71.57181922792043</ymin>
        <xmax>195.74698348856901</xmax>
        <ymax>156.09598198539786</ymax>
    </bndbox>
</object>
</annotation>