<annotation verified="yes">
    <folder>Annotation</folder>
    <filename>apple417</filename>
    <path>apple_dataset-PascalVOC-export/Annotations/frame_417.jpg</path>
    <source>
        <database>Unknown</database>
    </source>
    <size>
        <width>320</width>
        <height>240</height>
        <depth>3</depth>
    </size>
    <segmented>0</segmented>
    <object>
    <name>apple</name>
    <pose>Unspecified</pose>
    <truncated>0</truncated>
    <difficult>0</difficult>
    <bndbox>
        <xmin>111.10803873835732</xmin>
        <ymin>49.6066690621473</ymin>
        <xmax>192.7808133996613</xmax>
        <ymax>135.84861738148985</ymax>
    </bndbox>
</object>
</annotation>