<annotation verified="yes">
    <folder>Annotation</folder>
    <filename>apple132</filename>
    <path>apple_dataset-PascalVOC-export/Annotations/frame_132.jpg</path>
    <source>
        <database>Unknown</database>
    </source>
    <size>
        <width>320</width>
        <height>240</height>
        <depth>3</depth>
    </size>
    <segmented>0</segmented>
    <object>
    <name>apple</name>
    <pose>Unspecified</pose>
    <truncated>0</truncated>
    <difficult>0</difficult>
    <bndbox>
        <xmin>119.24992392569855</xmin>
        <ymin>23.76752797421699</ymin>
        <xmax>231.58763759525823</xmax>
        <ymax>139.77234851156885</ymax>
    </bndbox>
</object>
</annotation>