<annotation verified="yes">
    <folder>Annotation</folder>
    <filename>apple1104</filename>
    <path>apple_dataset-PascalVOC-export/Annotations/frame_1104.jpg</path>
    <source>
        <database>Unknown</database>
    </source>
    <size>
        <width>320</width>
        <height>240</height>
        <depth>3</depth>
    </size>
    <segmented>0</segmented>
    <object>
    <name>apple</name>
    <pose>Unspecified</pose>
    <truncated>0</truncated>
    <difficult>0</difficult>
    <bndbox>
        <xmin>140.2470099491956</xmin>
        <ymin>105.5443647053118</ymin>
        <xmax>191.885716553768</xmax>
        <ymax>156.9399204641648</ymax>
    </bndbox>
</object>
</annotation>