<annotation verified="yes">
    <folder>Annotation</folder>
    <filename>apple243</filename>
    <path>apple_dataset-PascalVOC-export/Annotations/frame_243.jpg</path>
    <source>
        <database>Unknown</database>
    </source>
    <size>
        <width>320</width>
        <height>240</height>
        <depth>3</depth>
    </size>
    <segmented>0</segmented>
    <object>
    <name>apple</name>
    <pose>Unspecified</pose>
    <truncated>0</truncated>
    <difficult>0</difficult>
    <bndbox>
        <xmin>97.69478328746824</xmin>
        <ymin>143.22362619920995</ymin>
        <xmax>206.75645639288737</xmax>
        <ymax>239.17051156003106</ymax>
    </bndbox>
</object>
</annotation>