<annotation verified="yes">
    <folder>Annotation</folder>
    <filename>apple918</filename>
    <path>apple_dataset-PascalVOC-export/Annotations/frame_918.jpg</path>
    <source>
        <database>Unknown</database>
    </source>
    <size>
        <width>320</width>
        <height>240</height>
        <depth>3</depth>
    </size>
    <segmented>0</segmented>
    <object>
    <name>apple</name>
    <pose>Unspecified</pose>
    <truncated>0</truncated>
    <difficult>0</difficult>
    <bndbox>
        <xmin>124.32285602773074</xmin>
        <ymin>90.786816185807</ymin>
        <xmax>218.22641035139713</xmax>
        <ymax>181.33075929387698</ymax>
    </bndbox>
</object>
</annotation>