<annotation verified="yes">
    <folder>Annotation</folder>
    <filename>apple735</filename>
    <path>apple_dataset-PascalVOC-export/Annotations/frame_735.jpg</path>
    <source>
        <database>Unknown</database>
    </source>
    <size>
        <width>320</width>
        <height>240</height>
        <depth>3</depth>
    </size>
    <segmented>0</segmented>
    <object>
    <name>apple</name>
    <pose>Unspecified</pose>
    <truncated>0</truncated>
    <difficult>0</difficult>
    <bndbox>
        <xmin>78.66951008149873</xmin>
        <ymin>41.980553620555874</ymin>
        <xmax>183.93003148814563</xmax>
        <ymax>149.4479886780474</ymax>
    </bndbox>
</object>
</annotation>