<annotation verified="yes">
    <folder>Annotation</folder>
    <filename>apple885</filename>
    <path>apple_dataset-PascalVOC-export/Annotations/frame_885.jpg</path>
    <source>
        <database>Unknown</database>
    </source>
    <size>
        <width>320</width>
        <height>240</height>
        <depth>3</depth>
    </size>
    <segmented>0</segmented>
    <object>
    <name>apple</name>
    <pose>Unspecified</pose>
    <truncated>0</truncated>
    <difficult>0</difficult>
    <bndbox>
        <xmin>74.59629352773074</xmin>
        <ymin>87.4925380043736</ymin>
        <xmax>153.38901090177814</xmax>
        <ymax>157.77855177765238</ymax>
    </bndbox>
</object>
</annotation>