<annotation verified="yes">
    <folder>Annotation</folder>
    <filename>apple987</filename>
    <path>apple_dataset-PascalVOC-export/Annotations/frame_987.jpg</path>
    <source>
        <database>Unknown</database>
    </source>
    <size>
        <width>320</width>
        <height>240</height>
        <depth>3</depth>
    </size>
    <segmented>0</segmented>
    <object>
    <name>apple</name>
    <pose>Unspecified</pose>
    <truncated>0</truncated>
    <difficult>0</difficult>
    <bndbox>
        <xmin>21.50717248359441</xmin>
        <ymin>0.21281980768552486</ymin>
        <xmax>241.0897147544454</xmax>
        <ymax>131.4657916549097</ymax>
    </bndbox>
</object>
</annotation>