<annotation verified="yes">
    <folder>Annotation</folder>
    <filename>apple102</filename>
    <path>apple_dataset-PascalVOC-export/Annotations/frame_102.jpg</path>
    <source>
        <database>Unknown</database>
    </source>
    <size>
        <width>320</width>
        <height>240</height>
        <depth>3</depth>
    </size>
    <segmented>0</segmented>
    <object>
    <name>apple</name>
    <pose>Unspecified</pose>
    <truncated>0</truncated>
    <difficult>0</difficult>
    <bndbox>
        <xmin>45.833840495342926</xmin>
        <ymin>49.53736178223759</ymin>
        <xmax>139.3663176069009</xmax>
        <ymax>147.47251626869357</ymax>
    </bndbox>
</object>
</annotation>