<annotation verified="yes">
    <folder>Annotation</folder>
    <filename>apple96</filename>
    <path>apple_dataset-PascalVOC-export/Annotations/frame_96.jpg</path>
    <source>
        <database>Unknown</database>
    </source>
    <size>
        <width>320</width>
        <height>240</height>
        <depth>3</depth>
    </size>
    <segmented>0</segmented>
    <object>
    <name>apple</name>
    <pose>Unspecified</pose>
    <truncated>0</truncated>
    <difficult>0</difficult>
    <bndbox>
        <xmin>96.50671769157493</xmin>
        <ymin>53.71809363096078</ymin>
        <xmax>178.11061203429296</xmax>
        <ymax>145.4419220866253</ymax>
    </bndbox>
</object>
</annotation>