<annotation verified="yes">
    <folder>Annotation</folder>
    <filename>apple612</filename>
    <path>apple_dataset-PascalVOC-export/Annotations/frame_612.jpg</path>
    <source>
        <database>Unknown</database>
    </source>
    <size>
        <width>320</width>
        <height>240</height>
        <depth>3</depth>
    </size>
    <segmented>0</segmented>
    <object>
    <name>apple</name>
    <pose>Unspecified</pose>
    <truncated>0</truncated>
    <difficult>0</difficult>
    <bndbox>
        <xmin>135.75745197396273</xmin>
        <ymin>73.33642688346502</ymin>
        <xmax>190.89159081287045</xmax>
        <ymax>124.64950664856096</ymax>
    </bndbox>
</object>
</annotation>