<annotation verified="yes">
    <folder>Annotation</folder>
    <filename>apple624</filename>
    <path>apple_dataset-PascalVOC-export/Annotations/frame_624.jpg</path>
    <source>
        <database>Unknown</database>
    </source>
    <size>
        <width>320</width>
        <height>240</height>
        <depth>3</depth>
    </size>
    <segmented>0</segmented>
    <object>
    <name>apple</name>
    <pose>Unspecified</pose>
    <truncated>0</truncated>
    <difficult>0</difficult>
    <bndbox>
        <xmin>134.90768548899237</xmin>
        <ymin>111.44739568637134</ymin>
        <xmax>183.9344967188823</xmax>
        <ymax>158.2911313575762</ymax>
    </bndbox>
</object>
</annotation>