<annotation verified="yes">
    <folder>Annotation</folder>
    <filename>apple300</filename>
    <path>apple_dataset-PascalVOC-export/Annotations/frame_300.jpg</path>
    <source>
        <database>Unknown</database>
    </source>
    <size>
        <width>320</width>
        <height>240</height>
        <depth>3</depth>
    </size>
    <segmented>0</segmented>
    <object>
    <name>apple</name>
    <pose>Unspecified</pose>
    <truncated>0</truncated>
    <difficult>0</difficult>
    <bndbox>
        <xmin>127.66397319538527</xmin>
        <ymin>74.37261370450057</ymin>
        <xmax>223.65408022861982</xmax>
        <ymax>164.51630396444696</ymax>
    </bndbox>
</object>
</annotation>