<annotation verified="yes">
    <folder>Annotation</folder>
    <filename>apple309</filename>
    <path>apple_dataset-PascalVOC-export/Annotations/frame_309.jpg</path>
    <source>
        <database>Unknown</database>
    </source>
    <size>
        <width>320</width>
        <height>240</height>
        <depth>3</depth>
    </size>
    <segmented>0</segmented>
    <object>
    <name>apple</name>
    <pose>Unspecified</pose>
    <truncated>0</truncated>
    <difficult>0</difficult>
    <bndbox>
        <xmin>126.6053000635055</xmin>
        <ymin>90.06900968185667</ymin>
        <xmax>221.23607509525823</xmax>
        <ymax>176.4266079112585</ymax>
    </bndbox>
</object>
</annotation>