<annotation verified="yes">
    <folder>Annotation</folder>
    <filename>apple807</filename>
    <path>apple_dataset-PascalVOC-export/Annotations/frame_807.jpg</path>
    <source>
        <database>Unknown</database>
    </source>
    <size>
        <width>320</width>
        <height>240</height>
        <depth>3</depth>
    </size>
    <segmented>0</segmented>
    <object>
    <name>apple</name>
    <pose>Unspecified</pose>
    <truncated>0</truncated>
    <difficult>0</difficult>
    <bndbox>
        <xmin>71.06551981900931</xmin>
        <ymin>60.98197437570542</ymin>
        <xmax>148.65145070385267</xmax>
        <ymax>150.27322807914788</ymax>
    </bndbox>
</object>
</annotation>