<annotation verified="yes">
    <folder>Annotation</folder>
    <filename>apple201</filename>
    <path>apple_dataset-PascalVOC-export/Annotations/frame_201.jpg</path>
    <source>
        <database>Unknown</database>
    </source>
    <size>
        <width>320</width>
        <height>240</height>
        <depth>3</depth>
    </size>
    <segmented>0</segmented>
    <object>
    <name>apple</name>
    <pose>Unspecified</pose>
    <truncated>0</truncated>
    <difficult>0</difficult>
    <bndbox>
        <xmin>140.2152241215072</xmin>
        <ymin>28.053828598952457</ymin>
        <xmax>225.1068678556308</xmax>
        <ymax>106.37483687217835</ymax>
    </bndbox>
</object>
</annotation>