<annotation verified="yes">
    <folder>Annotation</folder>
    <filename>apple675</filename>
    <path>apple_dataset-PascalVOC-export/Annotations/frame_675.jpg</path>
    <source>
        <database>Unknown</database>
    </source>
    <size>
        <width>320</width>
        <height>240</height>
        <depth>3</depth>
    </size>
    <segmented>0</segmented>
    <object>
    <name>apple</name>
    <pose>Unspecified</pose>
    <truncated>0</truncated>
    <difficult>0</difficult>
    <bndbox>
        <xmin>18.363476397121083</xmin>
        <ymin>69.14079859886428</ymin>
        <xmax>72.94453852667232</xmax>
        <ymax>120.29822631560384</ymax>
    </bndbox>
</object>
</annotation>