<annotation verified="yes">
    <folder>Annotation</folder>
    <filename>apple666</filename>
    <path>apple_dataset-PascalVOC-export/Annotations/frame_666.jpg</path>
    <source>
        <database>Unknown</database>
    </source>
    <size>
        <width>320</width>
        <height>240</height>
        <depth>3</depth>
    </size>
    <segmented>0</segmented>
    <object>
    <name>apple</name>
    <pose>Unspecified</pose>
    <truncated>0</truncated>
    <difficult>0</difficult>
    <bndbox>
        <xmin>33.02048052497883</xmin>
        <ymin>89.08772970160835</ymin>
        <xmax>78.57717903259949</xmax>
        <ymax>131.26342497883746</ymax>
    </bndbox>
</object>
</annotation>