<annotation verified="yes">
    <folder>Annotation</folder>
    <filename>apple981</filename>
    <path>apple_dataset-PascalVOC-export/Annotations/frame_981.jpg</path>
    <source>
        <database>Unknown</database>
    </source>
    <size>
        <width>320</width>
        <height>240</height>
        <depth>3</depth>
    </size>
    <segmented>0</segmented>
    <object>
    <name>apple</name>
    <pose>Unspecified</pose>
    <truncated>0</truncated>
    <difficult>0</difficult>
    <bndbox>
        <xmin>74.59095178873835</xmin>
        <ymin>1.2180646978167327</ymin>
        <xmax>317.81101158975446</xmax>
        <ymax>227.15494056856662</ymax>
    </bndbox>
</object>
</annotation>