<annotation verified="yes">
    <folder>Annotation</folder>
    <filename>apple864</filename>
    <path>apple_dataset-PascalVOC-export/Annotations/frame_864.jpg</path>
    <source>
        <database>Unknown</database>
    </source>
    <size>
        <width>320</width>
        <height>240</height>
        <depth>3</depth>
    </size>
    <segmented>0</segmented>
    <object>
    <name>apple</name>
    <pose>Unspecified</pose>
    <truncated>0</truncated>
    <difficult>0</difficult>
    <bndbox>
        <xmin>29.79873385901778</xmin>
        <ymin>76.4904867822376</ymin>
        <xmax>110.71688452582558</xmax>
        <ymax>154.43993148631492</ymax>
    </bndbox>
</object>
</annotation>