<annotation verified="yes">
    <folder>Annotation</folder>
    <filename>apple855</filename>
    <path>apple_dataset-PascalVOC-export/Annotations/frame_855.jpg</path>
    <source>
        <database>Unknown</database>
    </source>
    <size>
        <width>320</width>
        <height>240</height>
        <depth>3</depth>
    </size>
    <segmented>0</segmented>
    <object>
    <name>apple</name>
    <pose>Unspecified</pose>
    <truncated>0</truncated>
    <difficult>0</difficult>
    <bndbox>
        <xmin>90.37660086790855</xmin>
        <ymin>52.08518138050226</ymin>
        <xmax>169.01793038209144</xmax>
        <ymax>144.503611958592</ymax>
    </bndbox>
</object>
</annotation>