<annotation verified="yes">
    <folder>Annotation</folder>
    <filename>apple162</filename>
    <path>apple_dataset-PascalVOC-export/Annotations/frame_162.jpg</path>
    <source>
        <database>Unknown</database>
    </source>
    <size>
        <width>320</width>
        <height>240</height>
        <depth>3</depth>
    </size>
    <segmented>0</segmented>
    <object>
    <name>apple</name>
    <pose>Unspecified</pose>
    <truncated>0</truncated>
    <difficult>0</difficult>
    <bndbox>
        <xmin>119.1876256879763</xmin>
        <ymin>102.9441595830982</ymin>
        <xmax>229.19440622353937</xmax>
        <ymax>212.2148239101298</ymax>
    </bndbox>
</object>
</annotation>