<annotation verified="yes">
    <folder>Annotation</folder>
    <filename>apple189</filename>
    <path>apple_dataset-PascalVOC-export/Annotations/frame_189.jpg</path>
    <source>
        <database>Unknown</database>
    </source>
    <size>
        <width>320</width>
        <height>240</height>
        <depth>3</depth>
    </size>
    <segmented>0</segmented>
    <object>
    <name>apple</name>
    <pose>Unspecified</pose>
    <truncated>0</truncated>
    <difficult>0</difficult>
    <bndbox>
        <xmin>155.99682141723116</xmin>
        <ymin>71.43816463565182</ymin>
        <xmax>221.561937711685</xmax>
        <ymax>138.91865542995205</ymax>
    </bndbox>
</object>
</annotation>