<annotation verified="yes">
    <folder>Annotation</folder>
    <filename>apple1098</filename>
    <path>apple_dataset-PascalVOC-export/Annotations/frame_1098.jpg</path>
    <source>
        <database>Unknown</database>
    </source>
    <size>
        <width>320</width>
        <height>240</height>
        <depth>3</depth>
    </size>
    <segmented>0</segmented>
    <object>
    <name>apple</name>
    <pose>Unspecified</pose>
    <truncated>0</truncated>
    <difficult>0</difficult>
    <bndbox>
        <xmin>134.7387013124471</xmin>
        <ymin>114.70926874647292</ymin>
        <xmax>190.70878095893312</xmax>
        <ymax>172.37413255678612</ymax>
    </bndbox>
</object>
</annotation>