<annotation verified="yes">
    <folder>Annotation</folder>
    <filename>apple396</filename>
    <path>apple_dataset-PascalVOC-export/Annotations/frame_396.jpg</path>
    <source>
        <database>Unknown</database>
    </source>
    <size>
        <width>320</width>
        <height>240</height>
        <depth>3</depth>
    </size>
    <segmented>0</segmented>
    <object>
    <name>apple</name>
    <pose>Unspecified</pose>
    <truncated>0</truncated>
    <difficult>0</difficult>
    <bndbox>
        <xmin>34.65000859970364</xmin>
        <ymin>110.81200730988996</ymin>
        <xmax>125.48146763865368</xmax>
        <ymax>190.277730627469</ymax>
    </bndbox>
</object>
</annotation>