<annotation verified="yes">
    <folder>Annotation</folder>
    <filename>apple945</filename>
    <path>apple_dataset-PascalVOC-export/Annotations/frame_945.jpg</path>
    <source>
        <database>Unknown</database>
    </source>
    <size>
        <width>320</width>
        <height>240</height>
        <depth>3</depth>
    </size>
    <segmented>0</segmented>
    <object>
    <name>apple</name>
    <pose>Unspecified</pose>
    <truncated>0</truncated>
    <difficult>0</difficult>
    <bndbox>
        <xmin>114.28247049640136</xmin>
        <ymin>64.36154746578725</ymin>
        <xmax>255.0044321549534</xmax>
        <ymax>199.06811578548252</ymax>
    </bndbox>
</object>
</annotation>