<annotation verified="yes">
    <folder>Annotation</folder>
    <filename>apple645</filename>
    <path>apple_dataset-PascalVOC-export/Annotations/frame_645.jpg</path>
    <source>
        <database>Unknown</database>
    </source>
    <size>
        <width>320</width>
        <height>240</height>
        <depth>3</depth>
    </size>
    <segmented>0</segmented>
    <object>
    <name>apple</name>
    <pose>Unspecified</pose>
    <truncated>0</truncated>
    <difficult>0</difficult>
    <bndbox>
        <xmin>155.38023920406434</xmin>
        <ymin>117.41441851544866</ymin>
        <xmax>189.52076497671464</xmax>
        <ymax>154.85088133112305</ymax>
    </bndbox>
</object>
</annotation>