<annotation verified="yes">
    <folder>Annotation</folder>
    <filename>apple156</filename>
    <path>apple_dataset-PascalVOC-export/Annotations/frame_156.jpg</path>
    <source>
        <database>Unknown</database>
    </source>
    <size>
        <width>320</width>
        <height>240</height>
        <depth>3</depth>
    </size>
    <segmented>0</segmented>
    <object>
    <name>apple</name>
    <pose>Unspecified</pose>
    <truncated>0</truncated>
    <difficult>0</difficult>
    <bndbox>
        <xmin>89.57322316892464</xmin>
        <ymin>18.98801644284354</ymin>
        <xmax>241.42583086367486</xmax>
        <ymax>167.59578248448082</ymax>
    </bndbox>
</object>
</annotation>