<annotation verified="yes">
    <folder>Annotation</folder>
    <filename>apple1146</filename>
    <path>apple_dataset-PascalVOC-export/Annotations/frame_1146.jpg</path>
    <source>
        <database>Unknown</database>
    </source>
    <size>
        <width>320</width>
        <height>240</height>
        <depth>3</depth>
    </size>
    <segmented>0</segmented>
    <object>
    <name>apple</name>
    <pose>Unspecified</pose>
    <truncated>0</truncated>
    <difficult>0</difficult>
    <bndbox>
        <xmin>100.21383493861134</xmin>
        <ymin>83.87675472629797</ymin>
        <xmax>198.18648788103303</xmax>
        <ymax>173.01836620873308</ymax>
    </bndbox>
</object>
</annotation>