<annotation verified="yes">
    <folder>Annotation</folder>
    <filename>apple438</filename>
    <path>apple_dataset-PascalVOC-export/Annotations/frame_438.jpg</path>
    <source>
        <database>Unknown</database>
    </source>
    <size>
        <width>320</width>
        <height>240</height>
        <depth>3</depth>
    </size>
    <segmented>0</segmented>
    <object>
    <name>apple</name>
    <pose>Unspecified</pose>
    <truncated>0</truncated>
    <difficult>0</difficult>
    <bndbox>
        <xmin>36.03915841977138</xmin>
        <ymin>17.853535464870205</ymin>
        <xmax>150.00195147121084</xmax>
        <ymax>137.15282431574494</ymax>
    </bndbox>
</object>
</annotation>