<annotation verified="yes">
    <folder>Annotation</folder>
    <filename>apple216</filename>
    <path>apple_dataset-PascalVOC-export/Annotations/frame_216.jpg</path>
    <source>
        <database>Unknown</database>
    </source>
    <size>
        <width>320</width>
        <height>240</height>
        <depth>3</depth>
    </size>
    <segmented>0</segmented>
    <object>
    <name>apple</name>
    <pose>Unspecified</pose>
    <truncated>0</truncated>
    <difficult>0</difficult>
    <bndbox>
        <xmin>24.750616863357322</xmin>
        <ymin>60.96626781179459</ymin>
        <xmax>146.1183583827265</xmax>
        <ymax>177.1356518058691</ymax>
    </bndbox>
</object>
</annotation>