<annotation verified="yes">
    <folder>Annotation</folder>
    <filename>apple129</filename>
    <path>apple_dataset-PascalVOC-export/Annotations/frame_129.jpg</path>
    <source>
        <database>Unknown</database>
    </source>
    <size>
        <width>320</width>
        <height>240</height>
        <depth>3</depth>
    </size>
    <segmented>0</segmented>
    <object>
    <name>apple</name>
    <pose>Unspecified</pose>
    <truncated>0</truncated>
    <difficult>0</difficult>
    <bndbox>
        <xmin>78.9887740791702</xmin>
        <ymin>53.1022557932421</ymin>
        <xmax>192.99554138442</xmax>
        <ymax>176.77190431891933</ymax>
    </bndbox>
</object>
</annotation>