<annotation verified="yes">
    <folder>Annotation</folder>
    <filename>apple93</filename>
    <path>apple_dataset-PascalVOC-export/Annotations/frame_93.jpg</path>
    <source>
        <database>Unknown</database>
    </source>
    <size>
        <width>320</width>
        <height>240</height>
        <depth>3</depth>
    </size>
    <segmented>0</segmented>
    <object>
    <name>apple</name>
    <pose>Unspecified</pose>
    <truncated>0</truncated>
    <difficult>0</difficult>
    <bndbox>
        <xmin>112.29701391828958</xmin>
        <ymin>50.212727497178335</ymin>
        <xmax>187.75795803344624</xmax>
        <ymax>133.36155738572236</ymax>
    </bndbox>
</object>
</annotation>