<annotation verified="yes">
    <folder>Annotation</folder>
    <filename>apple1074</filename>
    <path>apple_dataset-PascalVOC-export/Annotations/frame_1074.jpg</path>
    <source>
        <database>Unknown</database>
    </source>
    <size>
        <width>320</width>
        <height>240</height>
        <depth>3</depth>
    </size>
    <segmented>0</segmented>
    <object>
    <name>apple</name>
    <pose>Unspecified</pose>
    <truncated>0</truncated>
    <difficult>0</difficult>
    <bndbox>
        <xmin>146.5644183954276</xmin>
        <ymin>78.9577234410271</ymin>
        <xmax>256.88121824724806</xmax>
        <ymax>181.42435388156042</ymax>
    </bndbox>
</object>
</annotation>