<annotation verified="yes">
    <folder>Annotation</folder>
    <filename>apple915</filename>
    <path>apple_dataset-PascalVOC-export/Annotations/frame_915.jpg</path>
    <source>
        <database>Unknown</database>
    </source>
    <size>
        <width>320</width>
        <height>240</height>
        <depth>3</depth>
    </size>
    <segmented>0</segmented>
    <object>
    <name>apple</name>
    <pose>Unspecified</pose>
    <truncated>0</truncated>
    <difficult>0</difficult>
    <bndbox>
        <xmin>122.60392411092295</xmin>
        <ymin>89.67609758570825</ymin>
        <xmax>217.5896022967824</xmax>
        <ymax>181.57007772820262</ymax>
    </bndbox>
</object>
</annotation>