<annotation verified="yes">
    <folder>Annotation</folder>
    <filename>apple714</filename>
    <path>apple_dataset-PascalVOC-export/Annotations/frame_714.jpg</path>
    <source>
        <database>Unknown</database>
    </source>
    <size>
        <width>320</width>
        <height>240</height>
        <depth>3</depth>
    </size>
    <segmented>0</segmented>
    <object>
    <name>apple</name>
    <pose>Unspecified</pose>
    <truncated>0</truncated>
    <difficult>0</difficult>
    <bndbox>
        <xmin>128.48051505609652</xmin>
        <ymin>61.446086806045436</ymin>
        <xmax>175.3195947555038</xmax>
        <ymax>108.65314836695825</ymax>
    </bndbox>
</object>
</annotation>