<annotation verified="yes">
    <folder>Annotation</folder>
    <filename>apple1026</filename>
    <path>apple_dataset-PascalVOC-export/Annotations/frame_1026.jpg</path>
    <source>
        <database>Unknown</database>
    </source>
    <size>
        <width>320</width>
        <height>240</height>
        <depth>3</depth>
    </size>
    <segmented>0</segmented>
    <object>
    <name>apple</name>
    <pose>Unspecified</pose>
    <truncated>0</truncated>
    <difficult>0</difficult>
    <bndbox>
        <xmin>61.359513918289586</xmin>
        <ymin>3.0853932813381775</ymin>
        <xmax>183.74811468035563</xmax>
        <ymax>107.19756322305307</ymax>
    </bndbox>
</object>
</annotation>