<annotation verified="yes">
    <folder>Annotation</folder>
    <filename>apple708</filename>
    <path>apple_dataset-PascalVOC-export/Annotations/frame_708.jpg</path>
    <source>
        <database>Unknown</database>
    </source>
    <size>
        <width>320</width>
        <height>240</height>
        <depth>3</depth>
    </size>
    <segmented>0</segmented>
    <object>
    <name>apple</name>
    <pose>Unspecified</pose>
    <truncated>0</truncated>
    <difficult>0</difficult>
    <bndbox>
        <xmin>122.8579792019475</xmin>
        <ymin>71.40486672016084</ymin>
        <xmax>170.20311838484335</xmax>
        <ymax>117.93827375493794</ymax>
    </bndbox>
</object>
</annotation>