<annotation verified="yes">
    <folder>Annotation</folder>
    <filename>apple90</filename>
    <path>apple_dataset-PascalVOC-export/Annotations/frame_90.jpg</path>
    <source>
        <database>Unknown</database>
    </source>
    <size>
        <width>320</width>
        <height>240</height>
        <depth>3</depth>
    </size>
    <segmented>0</segmented>
    <object>
    <name>apple</name>
    <pose>Unspecified</pose>
    <truncated>0</truncated>
    <difficult>0</difficult>
    <bndbox>
        <xmin>90.73782149661304</xmin>
        <ymin>50.2831342365618</ymin>
        <xmax>162.73953482218457</xmax>
        <ymax>135.62535270880363</ymax>
    </bndbox>
</object>
</annotation>