<annotation verified="yes">
    <folder>Annotation</folder>
    <filename>apple600</filename>
    <path>apple_dataset-PascalVOC-export/Annotations/frame_600.jpg</path>
    <source>
        <database>Unknown</database>
    </source>
    <size>
        <width>320</width>
        <height>240</height>
        <depth>3</depth>
    </size>
    <segmented>0</segmented>
    <object>
    <name>apple</name>
    <pose>Unspecified</pose>
    <truncated>0</truncated>
    <difficult>0</difficult>
    <bndbox>
        <xmin>109.40690159292971</xmin>
        <ymin>76.89795638314757</ymin>
        <xmax>165.99657334885688</xmax>
        <ymax>131.6532618951044</ymax>
    </bndbox>
</object>
</annotation>