<annotation verified="yes">
    <folder>Annotation</folder>
    <filename>apple849</filename>
    <path>apple_dataset-PascalVOC-export/Annotations/frame_849.jpg</path>
    <source>
        <database>Unknown</database>
    </source>
    <size>
        <width>320</width>
        <height>240</height>
        <depth>3</depth>
    </size>
    <segmented>0</segmented>
    <object>
    <name>apple</name>
    <pose>Unspecified</pose>
    <truncated>0</truncated>
    <difficult>0</difficult>
    <bndbox>
        <xmin>81.8202430408552</xmin>
        <ymin>48.935527586237306</ymin>
        <xmax>165.40918051439456</xmax>
        <ymax>140.50923435736456</ymax>
    </bndbox>
</object>
</annotation>