<annotation verified="yes">
    <folder>Annotation</folder>
    <filename>apple195</filename>
    <path>apple_dataset-PascalVOC-export/Annotations/frame_195.jpg</path>
    <source>
        <database>Unknown</database>
    </source>
    <size>
        <width>320</width>
        <height>240</height>
        <depth>3</depth>
    </size>
    <segmented>0</segmented>
    <object>
    <name>apple</name>
    <pose>Unspecified</pose>
    <truncated>0</truncated>
    <difficult>0</difficult>
    <bndbox>
        <xmin>199.1976807260796</xmin>
        <ymin>90.2623326837613</ymin>
        <xmax>279.99735393734125</xmax>
        <ymax>161.51848304352427</ymax>
    </bndbox>
</object>
</annotation>