<annotation verified="yes">
    <folder>Annotation</folder>
    <filename>apple252</filename>
    <path>apple_dataset-PascalVOC-export/Annotations/frame_252.jpg</path>
    <source>
        <database>Unknown</database>
    </source>
    <size>
        <width>320</width>
        <height>240</height>
        <depth>3</depth>
    </size>
    <segmented>0</segmented>
    <object>
    <name>apple</name>
    <pose>Unspecified</pose>
    <truncated>0</truncated>
    <difficult>0</difficult>
    <bndbox>
        <xmin>200.90713643099068</xmin>
        <ymin>74.12544198821954</ymin>
        <xmax>277.37980260372564</xmax>
        <ymax>157.43606601827034</ymax>
    </bndbox>
</object>
</annotation>