<annotation verified="yes">
    <folder>Annotation</folder>
    <filename>apple429</filename>
    <path>apple_dataset-PascalVOC-export/Annotations/frame_429.jpg</path>
    <source>
        <database>Unknown</database>
    </source>
    <size>
        <width>320</width>
        <height>240</height>
        <depth>3</depth>
    </size>
    <segmented>0</segmented>
    <object>
    <name>apple</name>
    <pose>Unspecified</pose>
    <truncated>0</truncated>
    <difficult>0</difficult>
    <bndbox>
        <xmin>85.23546650084674</xmin>
        <ymin>46.50036538427624</ymin>
        <xmax>175.82018019686706</xmax>
        <ymax>144.12025606659142</ymax>
    </bndbox>
</object>
</annotation>