<annotation verified="yes">
    <folder>Annotation</folder>
    <filename>apple285</filename>
    <path>apple_dataset-PascalVOC-export/Annotations/frame_285.jpg</path>
    <source>
        <database>Unknown</database>
    </source>
    <size>
        <width>320</width>
        <height>240</height>
        <depth>3</depth>
    </size>
    <segmented>0</segmented>
    <object>
    <name>apple</name>
    <pose>Unspecified</pose>
    <truncated>0</truncated>
    <difficult>0</difficult>
    <bndbox>
        <xmin>133.77100312235393</xmin>
        <ymin>4.545223330805587</ymin>
        <xmax>213.41666225656223</xmax>
        <ymax>86.00515946846784</ymax>
    </bndbox>
</object>
</annotation>