<annotation verified="yes">
    <folder>Annotation</folder>
    <filename>apple792</filename>
    <path>apple_dataset-PascalVOC-export/Annotations/frame_792.jpg</path>
    <source>
        <database>Unknown</database>
    </source>
    <size>
        <width>320</width>
        <height>240</height>
        <depth>3</depth>
    </size>
    <segmented>0</segmented>
    <object>
    <name>apple</name>
    <pose>Unspecified</pose>
    <truncated>0</truncated>
    <difficult>0</difficult>
    <bndbox>
        <xmin>71.47332768839966</xmin>
        <ymin>37.65920669176778</ymin>
        <xmax>158.6693777783658</xmax>
        <ymax>132.56445753386004</ymax>
    </bndbox>
</object>
</annotation>