<annotation verified="yes">
    <folder>Annotation</folder>
    <filename>apple204</filename>
    <path>apple_dataset-PascalVOC-export/Annotations/frame_204.jpg</path>
    <source>
        <database>Unknown</database>
    </source>
    <size>
        <width>320</width>
        <height>240</height>
        <depth>3</depth>
    </size>
    <segmented>0</segmented>
    <object>
    <name>apple</name>
    <pose>Unspecified</pose>
    <truncated>0</truncated>
    <difficult>0</difficult>
    <bndbox>
        <xmin>94.34185806519898</xmin>
        <ymin>0.8004684964905475</ymin>
        <xmax>187.8197105207451</xmax>
        <ymax>81.62645051495487</ymax>
    </bndbox>
</object>
</annotation>