<annotation verified="yes">
    <folder>Annotation</folder>
    <filename>apple1113</filename>
    <path>apple_dataset-PascalVOC-export/Annotations/frame_1113.jpg</path>
    <source>
        <database>Unknown</database>
    </source>
    <size>
        <width>320</width>
        <height>240</height>
        <depth>3</depth>
    </size>
    <segmented>0</segmented>
    <object>
    <name>apple</name>
    <pose>Unspecified</pose>
    <truncated>0</truncated>
    <difficult>0</difficult>
    <bndbox>
        <xmin>120.31033353619813</xmin>
        <ymin>71.76317477602991</ymin>
        <xmax>169.61375754127857</xmax>
        <ymax>123.98252327878104</ymax>
    </bndbox>
</object>
</annotation>