<annotation verified="yes">
    <folder>Annotation</folder>
    <filename>apple141</filename>
    <path>apple_dataset-PascalVOC-export/Annotations/frame_141.jpg</path>
    <source>
        <database>Unknown</database>
    </source>
    <size>
        <width>320</width>
        <height>240</height>
        <depth>3</depth>
    </size>
    <segmented>0</segmented>
    <object>
    <name>apple</name>
    <pose>Unspecified</pose>
    <truncated>0</truncated>
    <difficult>0</difficult>
    <bndbox>
        <xmin>142.6748220522862</xmin>
        <ymin>1.2266867747425227</ymin>
        <xmax>270.6740183107536</xmax>
        <ymax>128.52223277899267</ymax>
    </bndbox>
</object>
</annotation>