<annotation verified="yes">
    <folder>Annotation</folder>
    <filename>apple654</filename>
    <path>apple_dataset-PascalVOC-export/Annotations/frame_654.jpg</path>
    <source>
        <database>Unknown</database>
    </source>
    <size>
        <width>320</width>
        <height>240</height>
        <depth>3</depth>
    </size>
    <segmented>0</segmented>
    <object>
    <name>apple</name>
    <pose>Unspecified</pose>
    <truncated>0</truncated>
    <difficult>0</difficult>
    <bndbox>
        <xmin>158.79438770110076</xmin>
        <ymin>154.21610468397293</ymin>
        <xmax>194.5812275084674</xmax>
        <ymax>189.38382874224044</ymax>
    </bndbox>
</object>
</annotation>