<annotation verified="yes">
    <folder>Annotation</folder>
    <filename>apple1092</filename>
    <path>apple_dataset-PascalVOC-export/Annotations/frame_1092.jpg</path>
    <source>
        <database>Unknown</database>
    </source>
    <size>
        <width>320</width>
        <height>240</height>
        <depth>3</depth>
    </size>
    <segmented>0</segmented>
    <object>
    <name>apple</name>
    <pose>Unspecified</pose>
    <truncated>0</truncated>
    <difficult>0</difficult>
    <bndbox>
        <xmin>151.00884446443692</xmin>
        <ymin>106.14300798885441</ymin>
        <xmax>226.63483673793394</xmax>
        <ymax>177.7540605601016</ymax>
    </bndbox>
</object>
</annotation>