<annotation verified="yes">
    <folder>Annotation</folder>
    <filename>apple1065</filename>
    <path>apple_dataset-PascalVOC-export/Annotations/frame_1065.jpg</path>
    <source>
        <database>Unknown</database>
    </source>
    <size>
        <width>320</width>
        <height>240</height>
        <depth>3</depth>
    </size>
    <segmented>0</segmented>
    <object>
    <name>apple</name>
    <pose>Unspecified</pose>
    <truncated>0</truncated>
    <difficult>0</difficult>
    <bndbox>
        <xmin>106.93261801439458</xmin>
        <ymin>71.44758030738573</ymin>
        <xmax>260.5431705122777</xmax>
        <ymax>208.4991468855813</ymax>
    </bndbox>
</object>
</annotation>