<annotation verified="yes">
    <folder>Annotation</folder>
    <filename>apple246</filename>
    <path>apple_dataset-PascalVOC-export/Annotations/frame_246.jpg</path>
    <source>
        <database>Unknown</database>
    </source>
    <size>
        <width>320</width>
        <height>240</height>
        <depth>3</depth>
    </size>
    <segmented>0</segmented>
    <object>
    <name>apple</name>
    <pose>Unspecified</pose>
    <truncated>0</truncated>
    <difficult>0</difficult>
    <bndbox>
        <xmin>110.97871242591025</xmin>
        <ymin>123.79439170957959</ymin>
        <xmax>214.10556466977138</xmax>
        <ymax>222.45034521374157</ymax>
    </bndbox>
</object>
</annotation>