<annotation verified="yes">
    <folder>Annotation</folder>
    <filename>apple873</filename>
    <path>apple_dataset-PascalVOC-export/Annotations/frame_873.jpg</path>
    <source>
        <database>Unknown</database>
    </source>
    <size>
        <width>320</width>
        <height>240</height>
        <depth>3</depth>
    </size>
    <segmented>0</segmented>
    <object>
    <name>apple</name>
    <pose>Unspecified</pose>
    <truncated>0</truncated>
    <difficult>0</difficult>
    <bndbox>
        <xmin>34.13447290431837</xmin>
        <ymin>55.422330214799665</ymin>
        <xmax>110.98813902413208</xmax>
        <ymax>133.46517110785837</ymax>
    </bndbox>
</object>
</annotation>