<annotation verified="yes">
    <folder>Annotation</folder>
    <filename>apple951</filename>
    <path>apple_dataset-PascalVOC-export/Annotations/frame_951.jpg</path>
    <source>
        <database>Unknown</database>
    </source>
    <size>
        <width>320</width>
        <height>240</height>
        <depth>3</depth>
    </size>
    <segmented>0</segmented>
    <object>
    <name>apple</name>
    <pose>Unspecified</pose>
    <truncated>0</truncated>
    <difficult>0</difficult>
    <bndbox>
        <xmin>145.22026817845045</xmin>
        <ymin>134.56968974851864</ymin>
        <xmax>297.85133096951733</xmax>
        <ymax>240.00000000000003</ymax>
    </bndbox>
</object>
</annotation>