<annotation verified="yes">
    <folder>Annotation</folder>
    <filename>apple264</filename>
    <path>apple_dataset-PascalVOC-export/Annotations/frame_264.jpg</path>
    <source>
        <database>Unknown</database>
    </source>
    <size>
        <width>320</width>
        <height>240</height>
        <depth>3</depth>
    </size>
    <segmented>0</segmented>
    <object>
    <name>apple</name>
    <pose>Unspecified</pose>
    <truncated>0</truncated>
    <difficult>0</difficult>
    <bndbox>
        <xmin>53.89606265876376</xmin>
        <ymin>121.23509805304741</ymin>
        <xmax>117.62406726291279</xmax>
        <ymax>180.42581321423535</ymax>
    </bndbox>
</object>
</annotation>