<annotation verified="yes">
    <folder>Annotation</folder>
    <filename>apple861</filename>
    <path>apple_dataset-PascalVOC-export/Annotations/frame_861.jpg</path>
    <source>
        <database>Unknown</database>
    </source>
    <size>
        <width>320</width>
        <height>240</height>
        <depth>3</depth>
    </size>
    <segmented>0</segmented>
    <object>
    <name>apple</name>
    <pose>Unspecified</pose>
    <truncated>0</truncated>
    <difficult>0</difficult>
    <bndbox>
        <xmin>35.47023841024556</xmin>
        <ymin>75.80156382265803</ymin>
        <xmax>111.30330162468248</xmax>
        <ymax>154.31229498800792</ymax>
    </bndbox>
</object>
</annotation>