<annotation verified="yes">
    <folder>Annotation</folder>
    <filename>dataset8_490</filename>
    <path>opemv4_ver2-PascalVOC-export/Annotations/frame_490.jpg</path>
    <source>
        <database>Unknown</database>
    </source>
    <size>
        <width>320</width>
        <height>240</height>
        <depth>3</depth>
    </size>
    <segmented>0</segmented>
    <object>
    <name>hand</name>
    <pose>Unspecified</pose>
    <truncated>0</truncated>
    <difficult>0</difficult>
    <bndbox>
        <xmin>98.28015664758269</xmin>
        <ymin>0.2287161296309389</ymin>
        <xmax>181.29817377014416</xmax>
        <ymax>47.032205573034496</ymax>
    </bndbox>
</object>
</annotation>