<annotation verified="yes">
    <folder>Annotation</folder>
    <filename>dataset2_140</filename>
    <path>openmv4_2-PascalVOC-export/Annotations/frame_140.jpg</path>
    <source>
        <database>Unknown</database>
    </source>
    <size>
        <width>320</width>
        <height>240</height>
        <depth>3</depth>
    </size>
    <segmented>0</segmented>
    <object>
    <name>hand</name>
    <pose>Unspecified</pose>
    <truncated>0</truncated>
    <difficult>0</difficult>
    <bndbox>
        <xmin>86.02642599660729</xmin>
        <ymin>79.89605795743778</ymin>
        <xmax>225.8611972540288</xmax>
        <ymax>236.14212519442873</ymax>
    </bndbox>
</object>
</annotation>