<annotation verified="yes">
    <folder>Annotation</folder>
    <filename>dataset8_912</filename>
    <path>opemv4_ver2-PascalVOC-export/Annotations/frame_912.jpg</path>
    <source>
        <database>Unknown</database>
    </source>
    <size>
        <width>320</width>
        <height>240</height>
        <depth>3</depth>
    </size>
    <segmented>0</segmented>
    <object>
    <name>hand</name>
    <pose>Unspecified</pose>
    <truncated>0</truncated>
    <difficult>0</difficult>
    <bndbox>
        <xmin>148.48136662425784</xmin>
        <ymin>37.60879447557268</ymin>
        <xmax>229.30684769932145</xmax>
        <ymax>147.59929674243494</ymax>
    </bndbox>
</object>
</annotation>