<annotation verified="yes">
    <folder>Annotation</folder>
    <filename>dataset2_36</filename>
    <path>openmv4_2-PascalVOC-export/Annotations/frame_36.jpg</path>
    <source>
        <database>Unknown</database>
    </source>
    <size>
        <width>320</width>
        <height>240</height>
        <depth>3</depth>
    </size>
    <segmented>0</segmented>
    <object>
    <name>hand</name>
    <pose>Unspecified</pose>
    <truncated>0</truncated>
    <difficult>0</difficult>
    <bndbox>
        <xmin>102.76903095843934</xmin>
        <ymin>42.62115340427036</ymin>
        <xmax>296.0454437022901</xmax>
        <ymax>239.99999999999997</ymax>
    </bndbox>
</object>
</annotation>