<annotation verified="yes">
    <folder>Annotation</folder>
    <filename>dataset2_232</filename>
    <path>openmv4_2-PascalVOC-export/Annotations/frame_232.jpg</path>
    <source>
        <database>Unknown</database>
    </source>
    <size>
        <width>320</width>
        <height>240</height>
        <depth>3</depth>
    </size>
    <segmented>0</segmented>
    <object>
    <name>hand</name>
    <pose>Unspecified</pose>
    <truncated>0</truncated>
    <difficult>0</difficult>
    <bndbox>
        <xmin>22.97156621077184</xmin>
        <ymin>38.981662940115946</ymin>
        <xmax>175.99448685326547</xmax>
        <ymax>239.67528192166287</ymax>
    </bndbox>
</object>
</annotation>