<annotation verified="yes">
    <folder>Annotation</folder>
    <filename>dataset2_196</filename>
    <path>openmv4_2-PascalVOC-export/Annotations/frame_196.jpg</path>
    <source>
        <database>Unknown</database>
    </source>
    <size>
        <width>320</width>
        <height>240</height>
        <depth>3</depth>
    </size>
    <segmented>0</segmented>
    <object>
    <name>hand</name>
    <pose>Unspecified</pose>
    <truncated>0</truncated>
    <difficult>0</difficult>
    <bndbox>
        <xmin>22.205846784881253</xmin>
        <ymin>29.761668761930853</ymin>
        <xmax>138.59626802374893</xmax>
        <ymax>228.89091664309953</ymax>
    </bndbox>
</object>
</annotation>