<annotation verified="yes">
    <folder>Annotation</folder>
    <filename>dataset8_424</filename>
    <path>opemv4_ver2-PascalVOC-export/Annotations/frame_424.jpg</path>
    <source>
        <database>Unknown</database>
    </source>
    <size>
        <width>320</width>
        <height>240</height>
        <depth>3</depth>
    </size>
    <segmented>0</segmented>
    <object>
    <name>hand</name>
    <pose>Unspecified</pose>
    <truncated>0</truncated>
    <difficult>0</difficult>
    <bndbox>
        <xmin>12.967499271098388</xmin>
        <ymin>152.1788722249717</ymin>
        <xmax>154.55994221798133</xmax>
        <ymax>237.5503139582155</ymax>
    </bndbox>
</object>
</annotation>