<annotation verified="yes">
    <folder>Annotation</folder>
    <filename>dataset8_656</filename>
    <path>opemv4_ver2-PascalVOC-export/Annotations/frame_656.jpg</path>
    <source>
        <database>Unknown</database>
    </source>
    <size>
        <width>320</width>
        <height>240</height>
        <depth>3</depth>
    </size>
    <segmented>0</segmented>
    <object>
    <name>hand</name>
    <pose>Unspecified</pose>
    <truncated>0</truncated>
    <difficult>0</difficult>
    <bndbox>
        <xmin>23.391040805237488</xmin>
        <ymin>34.460788916678446</ymin>
        <xmax>145.5559034404156</xmax>
        <ymax>183.00969050480768</ymax>
    </bndbox>
</object>
</annotation>