<annotation verified="yes">
    <folder>Annotation</folder>
    <filename>dataset3_150</filename>
    <path>opemv4_3-PascalVOC-export/Annotations/frame_150.jpg</path>
    <source>
        <database>Unknown</database>
    </source>
    <size>
        <width>320</width>
        <height>240</height>
        <depth>3</depth>
    </size>
    <segmented>0</segmented>
    <object>
    <name>apple</name>
    <pose>Unspecified</pose>
    <truncated>0</truncated>
    <difficult>0</difficult>
    <bndbox>
        <xmin>45.97246110287892</xmin>
        <ymin>92.8707796187218</ymin>
        <xmax>106.20364428979678</xmax>
        <ymax>163.04636798109482</ymax>
    </bndbox>
</object><object>
    <name>hand</name>
    <pose>Unspecified</pose>
    <truncated>0</truncated>
    <difficult>0</difficult>
    <bndbox>
        <xmin>29.433312605842506</xmin>
        <ymin>75.9347554846219</ymin>
        <xmax>145.0047794506774</xmax>
        <ymax>189.3701557650254</ymax>
    </bndbox>
</object>
</annotation>