<annotation verified="yes">
    <folder>Annotation</folder>
    <filename>dataset8_444</filename>
    <path>opemv4_ver2-PascalVOC-export/Annotations/frame_444.jpg</path>
    <source>
        <database>Unknown</database>
    </source>
    <size>
        <width>320</width>
        <height>240</height>
        <depth>3</depth>
    </size>
    <segmented>0</segmented>
    <object>
    <name>hand</name>
    <pose>Unspecified</pose>
    <truncated>0</truncated>
    <difficult>0</difficult>
    <bndbox>
        <xmin>57.62268739397794</xmin>
        <ymin>28.683840376219596</ymin>
        <xmax>177.45219068066154</xmax>
        <ymax>156.83236929086536</ymax>
    </bndbox>
</object>
</annotation>