<annotation verified="yes">
    <folder>Annotation</folder>
    <filename>dataset8_906</filename>
    <path>opemv4_ver2-PascalVOC-export/Annotations/frame_906.jpg</path>
    <source>
        <database>Unknown</database>
    </source>
    <size>
        <width>320</width>
        <height>240</height>
        <depth>3</depth>
    </size>
    <segmented>0</segmented>
    <object>
    <name>hand</name>
    <pose>Unspecified</pose>
    <truncated>0</truncated>
    <difficult>0</difficult>
    <bndbox>
        <xmin>167.27640943066157</xmin>
        <ymin>60.123484339649316</ymin>
        <xmax>238.74065680661576</xmax>
        <ymax>150.83569004524887</ymax>
    </bndbox>
</object>
</annotation>