<annotation verified="yes">
    <folder>Annotation</folder>
    <filename>dataset2_582</filename>
    <path>openmv4_2-PascalVOC-export/Annotations/frame_582.jpg</path>
    <source>
        <database>Unknown</database>
    </source>
    <size>
        <width>320</width>
        <height>240</height>
        <depth>3</depth>
    </size>
    <segmented>0</segmented>
    <object>
    <name>hand</name>
    <pose>Unspecified</pose>
    <truncated>0</truncated>
    <difficult>0</difficult>
    <bndbox>
        <xmin>130.16986720737913</xmin>
        <ymin>37.242351549243494</ymin>
        <xmax>257.8420536471586</xmax>
        <ymax>153.2198889546804</ymax>
    </bndbox>
</object>
</annotation>