<annotation verified="yes">
    <folder>Annotation</folder>
    <filename>dataset8_904</filename>
    <path>opemv4_ver2-PascalVOC-export/Annotations/frame_904.jpg</path>
    <source>
        <database>Unknown</database>
    </source>
    <size>
        <width>320</width>
        <height>240</height>
        <depth>3</depth>
    </size>
    <segmented>0</segmented>
    <object>
    <name>hand</name>
    <pose>Unspecified</pose>
    <truncated>0</truncated>
    <difficult>0</difficult>
    <bndbox>
        <xmin>169.93976622137404</xmin>
        <ymin>66.51272182550905</ymin>
        <xmax>247.8579238231552</xmax>
        <ymax>147.8840961715215</ymax>
    </bndbox>
</object>
</annotation>