<annotation verified="yes">
    <folder>Annotation</folder>
    <filename>dataset2_20</filename>
    <path>openmv4_2-PascalVOC-export/Annotations/frame_20.jpg</path>
    <source>
        <database>Unknown</database>
    </source>
    <size>
        <width>320</width>
        <height>240</height>
        <depth>3</depth>
    </size>
    <segmented>0</segmented>
    <object>
    <name>hand</name>
    <pose>Unspecified</pose>
    <truncated>0</truncated>
    <difficult>0</difficult>
    <bndbox>
        <xmin>98.05900127226462</xmin>
        <ymin>0</ymin>
        <xmax>268.15945716709075</xmax>
        <ymax>131.94570135746605</ymax>
    </bndbox>
</object>
</annotation>