<annotation verified="yes">
    <folder>Annotation</folder>
    <filename>dataset2_120</filename>
    <path>openmv4_2-PascalVOC-export/Annotations/frame_120.jpg</path>
    <source>
        <database>Unknown</database>
    </source>
    <size>
        <width>320</width>
        <height>240</height>
        <depth>3</depth>
    </size>
    <segmented>0</segmented>
    <object>
    <name>hand</name>
    <pose>Unspecified</pose>
    <truncated>0</truncated>
    <difficult>0</difficult>
    <bndbox>
        <xmin>32.67154036789652</xmin>
        <ymin>46.56809534961821</ymin>
        <xmax>277.19319868532654</xmax>
        <ymax>239.60658008696265</ymax>
    </bndbox>
</object>
</annotation>