<annotation verified="yes">
    <folder>Annotation</folder>
    <filename>dataset20_994</filename>
    <path>openmv4_20-PascalVOC-export/Annotations/frame_994.jpg</path>
    <source>
        <database>Unknown</database>
    </source>
    <size>
        <width>320</width>
        <height>240</height>
        <depth>3</depth>
    </size>
    <segmented>0</segmented>
    <object>
    <name>hand</name>
    <pose>Unspecified</pose>
    <truncated>0</truncated>
    <difficult>0</difficult>
    <bndbox>
        <xmin>1.8056648893945808</xmin>
        <ymin>39.51612761004515</ymin>
        <xmax>98.13135055038103</xmax>
        <ymax>229.91610490441593</ymax>
    </bndbox>
</object>
</annotation>