<annotation verified="yes">
    <folder>Annotation</folder>
    <filename>dataset2_26</filename>
    <path>openmv4_2-PascalVOC-export/Annotations/frame_26.jpg</path>
    <source>
        <database>Unknown</database>
    </source>
    <size>
        <width>320</width>
        <height>240</height>
        <depth>3</depth>
    </size>
    <segmented>0</segmented>
    <object>
    <name>hand</name>
    <pose>Unspecified</pose>
    <truncated>0</truncated>
    <difficult>0</difficult>
    <bndbox>
        <xmin>54.64464389843087</xmin>
        <ymin>0.2226429934954751</ymin>
        <xmax>261.8346453562341</xmax>
        <ymax>141.87901561616232</ymax>
    </bndbox>
</object>
</annotation>