<annotation verified="yes">
    <folder>Annotation</folder>
    <filename>dataset8_654</filename>
    <path>opemv4_ver2-PascalVOC-export/Annotations/frame_654.jpg</path>
    <source>
        <database>Unknown</database>
    </source>
    <size>
        <width>320</width>
        <height>240</height>
        <depth>3</depth>
    </size>
    <segmented>0</segmented>
    <object>
    <name>hand</name>
    <pose>Unspecified</pose>
    <truncated>0</truncated>
    <difficult>0</difficult>
    <bndbox>
        <xmin>26.7834897158609</xmin>
        <ymin>44.790580369768094</ymin>
        <xmax>147.03000755407123</xmax>
        <ymax>178.1052146669966</ymax>
    </bndbox>
</object>
</annotation>