<annotation verified="yes">
    <folder>Annotation</folder>
    <filename>dataset8_454</filename>
    <path>opemv4_ver2-PascalVOC-export/Annotations/frame_454.jpg</path>
    <source>
        <database>Unknown</database>
    </source>
    <size>
        <width>320</width>
        <height>240</height>
        <depth>3</depth>
    </size>
    <segmented>0</segmented>
    <object>
    <name>hand</name>
    <pose>Unspecified</pose>
    <truncated>0</truncated>
    <difficult>0</difficult>
    <bndbox>
        <xmin>60.468468378922815</xmin>
        <ymin>16.562759606546944</ymin>
        <xmax>201.3774252544529</xmax>
        <ymax>129.042228595164</ymax>
    </bndbox>
</object>
</annotation>