<annotation verified="yes">
    <folder>Annotation</folder>
    <filename>dataset8_442</filename>
    <path>opemv4_ver2-PascalVOC-export/Annotations/frame_442.jpg</path>
    <source>
        <database>Unknown</database>
    </source>
    <size>
        <width>320</width>
        <height>240</height>
        <depth>3</depth>
    </size>
    <segmented>0</segmented>
    <object>
    <name>hand</name>
    <pose>Unspecified</pose>
    <truncated>0</truncated>
    <difficult>0</difficult>
    <bndbox>
        <xmin>78.93923279792196</xmin>
        <ymin>43.08542933399321</ymin>
        <xmax>191.89878869804917</xmax>
        <ymax>179.53325504630936</ymax>
    </bndbox>
</object>
</annotation>