<annotation verified="yes">
    <folder>Annotation</folder>
    <filename>dataset2_396</filename>
    <path>openmv4_2-PascalVOC-export/Annotations/frame_396.jpg</path>
    <source>
        <database>Unknown</database>
    </source>
    <size>
        <width>320</width>
        <height>240</height>
        <depth>3</depth>
    </size>
    <segmented>0</segmented>
    <object>
    <name>hand</name>
    <pose>Unspecified</pose>
    <truncated>0</truncated>
    <difficult>0</difficult>
    <bndbox>
        <xmin>71.99830033396947</xmin>
        <ymin>53.135243411517244</ymin>
        <xmax>203.48255937234944</xmax>
        <ymax>172.43737958675055</ymax>
    </bndbox>
</object>
</annotation>