<annotation verified="yes">
    <folder>Annotation</folder>
    <filename>dataset3_230</filename>
    <path>opemv4_3-PascalVOC-export/Annotations/frame_230.jpg</path>
    <source>
        <database>Unknown</database>
    </source>
    <size>
        <width>320</width>
        <height>240</height>
        <depth>3</depth>
    </size>
    <segmented>0</segmented>
    <object>
    <name>hand</name>
    <pose>Unspecified</pose>
    <truncated>0</truncated>
    <difficult>0</difficult>
    <bndbox>
        <xmin>49.02261060541914</xmin>
        <ymin>0.43734100548462196</ymin>
        <xmax>172.36111478619813</xmax>
        <ymax>175.57448548603276</ymax>
    </bndbox>
</object>
</annotation>