<annotation verified="yes">
    <folder>Annotation</folder>
    <filename>dataset2_142</filename>
    <path>openmv4_2-PascalVOC-export/Annotations/frame_142.jpg</path>
    <source>
        <database>Unknown</database>
    </source>
    <size>
        <width>320</width>
        <height>240</height>
        <depth>3</depth>
    </size>
    <segmented>0</segmented>
    <object>
    <name>hand</name>
    <pose>Unspecified</pose>
    <truncated>0</truncated>
    <difficult>0</difficult>
    <bndbox>
        <xmin>85.29959512828668</xmin>
        <ymin>87.28670836573812</ymin>
        <xmax>221.76904421119593</xmax>
        <ymax>239.69473584205315</ymax>
    </bndbox>
</object>
</annotation>