<annotation verified="yes">
    <folder>Annotation</folder>
    <filename>dataset8_722</filename>
    <path>opemv4_ver2-PascalVOC-export/Annotations/frame_722.jpg</path>
    <source>
        <database>Unknown</database>
    </source>
    <size>
        <width>320</width>
        <height>240</height>
        <depth>3</depth>
    </size>
    <segmented>0</segmented>
    <object>
    <name>hand</name>
    <pose>Unspecified</pose>
    <truncated>0</truncated>
    <difficult>0</difficult>
    <bndbox>
        <xmin>66.58304177268872</xmin>
        <ymin>18.963541574607607</ymin>
        <xmax>202.93233805131467</xmax>
        <ymax>125.22457071019512</ymax>
    </bndbox>
</object>
</annotation>