<annotation verified="yes">
    <folder>Annotation</folder>
    <filename>dataset8_486</filename>
    <path>opemv4_ver2-PascalVOC-export/Annotations/frame_486.jpg</path>
    <source>
        <database>Unknown</database>
    </source>
    <size>
        <width>320</width>
        <height>240</height>
        <depth>3</depth>
    </size>
    <segmented>0</segmented>
    <object>
    <name>hand</name>
    <pose>Unspecified</pose>
    <truncated>0</truncated>
    <difficult>0</difficult>
    <bndbox>
        <xmin>104.49642838210347</xmin>
        <ymin>1.389952784749717</ymin>
        <xmax>191.82440760178116</xmax>
        <ymax>49.63210438171662</ymax>
    </bndbox>
</object>
</annotation>