<annotation verified="yes">
    <folder>Annotation</folder>
    <filename>dataset2_384</filename>
    <path>openmv4_2-PascalVOC-export/Annotations/frame_384.jpg</path>
    <source>
        <database>Unknown</database>
    </source>
    <size>
        <width>320</width>
        <height>240</height>
        <depth>3</depth>
    </size>
    <segmented>0</segmented>
    <object>
    <name>hand</name>
    <pose>Unspecified</pose>
    <truncated>0</truncated>
    <difficult>0</difficult>
    <bndbox>
        <xmin>104.37127266221374</xmin>
        <ymin>0.0014913567590497737</ymin>
        <xmax>230.01984600296862</xmax>
        <ymax>83.61129277432126</ymax>
    </bndbox>
</object>
</annotation>