<annotation verified="yes">
    <folder>Annotation</folder>
    <filename>dataset8_898</filename>
    <path>opemv4_ver2-PascalVOC-export/Annotations/frame_898.jpg</path>
    <source>
        <database>Unknown</database>
    </source>
    <size>
        <width>320</width>
        <height>240</height>
        <depth>3</depth>
    </size>
    <segmented>0</segmented>
    <object>
    <name>hand</name>
    <pose>Unspecified</pose>
    <truncated>0</truncated>
    <difficult>0</difficult>
    <bndbox>
        <xmin>175.20071299830363</xmin>
        <ymin>91.42885234021493</ymin>
        <xmax>239.53708121289225</xmax>
        <ymax>154.32326096754807</ymax>
    </bndbox>
</object>
</annotation>