<annotation verified="yes">
    <folder>Annotation</folder>
    <filename>dataset8_802</filename>
    <path>opemv4_ver2-PascalVOC-export/Annotations/frame_802.jpg</path>
    <source>
        <database>Unknown</database>
    </source>
    <size>
        <width>320</width>
        <height>240</height>
        <depth>3</depth>
    </size>
    <segmented>0</segmented>
    <object>
    <name>hand</name>
    <pose>Unspecified</pose>
    <truncated>0</truncated>
    <difficult>0</difficult>
    <bndbox>
        <xmin>97.86511344359626</xmin>
        <ymin>20.496474045973557</ymin>
        <xmax>159.76110249681932</xmax>
        <ymax>123.35871769831729</ymax>
    </bndbox>
</object>
</annotation>