<annotation verified="yes">
    <folder>Annotation</folder>
    <filename>dataset3_130</filename>
    <path>opemv4_3-PascalVOC-export/Annotations/frame_130.jpg</path>
    <source>
        <database>Unknown</database>
    </source>
    <size>
        <width>320</width>
        <height>240</height>
        <depth>3</depth>
    </size>
    <segmented>0</segmented>
    <object>
    <name>apple</name>
    <pose>Unspecified</pose>
    <truncated>0</truncated>
    <difficult>0</difficult>
    <bndbox>
        <xmin>21.55795207980525</xmin>
        <ymin>136.4322732964165</ymin>
        <xmax>80.50566257408975</xmax>
        <ymax>203.81156421945545</ymax>
    </bndbox>
</object><object>
    <name>hand</name>
    <pose>Unspecified</pose>
    <truncated>0</truncated>
    <difficult>0</difficult>
    <bndbox>
        <xmin>6.225044321549534</xmin>
        <ymin>105.22856357135299</ymin>
        <xmax>113.90631615156647</xmax>
        <ymax>226.38507093855816</ymax>
    </bndbox>
</object>
</annotation>