<annotation verified="yes">
    <folder>Annotation</folder>
    <filename>dataset2_320</filename>
    <path>openmv4_2-PascalVOC-export/Annotations/frame_320.jpg</path>
    <source>
        <database>Unknown</database>
    </source>
    <size>
        <width>320</width>
        <height>240</height>
        <depth>3</depth>
    </size>
    <segmented>0</segmented>
    <object>
    <name>hand</name>
    <pose>Unspecified</pose>
    <truncated>0</truncated>
    <difficult>0</difficult>
    <bndbox>
        <xmin>10.698246328986428</xmin>
        <ymin>83.04258873020362</ymin>
        <xmax>118.47980942536047</xmax>
        <ymax>213.57020865738122</ymax>
    </bndbox>
</object>
</annotation>