<annotation verified="yes">
    <folder>Annotation</folder>
    <filename>dataset3_250</filename>
    <path>opemv4_3-PascalVOC-export/Annotations/frame_250.jpg</path>
    <source>
        <database>Unknown</database>
    </source>
    <size>
        <width>320</width>
        <height>240</height>
        <depth>3</depth>
    </size>
    <segmented>0</segmented>
    <object>
    <name>hand</name>
    <pose>Unspecified</pose>
    <truncated>0</truncated>
    <difficult>0</difficult>
    <bndbox>
        <xmin>26.35934853937341</xmin>
        <ymin>0.2861487946176637</ymin>
        <xmax>153.4022742908552</xmax>
        <ymax>170.46024641118794</ymax>
    </bndbox>
</object>
</annotation>