<annotation verified="yes">
    <folder>Annotation</folder>
    <filename>dataset8_632</filename>
    <path>opemv4_ver2-PascalVOC-export/Annotations/frame_632.jpg</path>
    <source>
        <database>Unknown</database>
    </source>
    <size>
        <width>320</width>
        <height>240</height>
        <depth>3</depth>
    </size>
    <segmented>0</segmented>
    <object>
    <name>hand</name>
    <pose>Unspecified</pose>
    <truncated>0</truncated>
    <difficult>0</difficult>
    <bndbox>
        <xmin>46.68624761450381</xmin>
        <ymin>30.07578577930571</ymin>
        <xmax>154.53535835453772</xmax>
        <ymax>96.43769000989818</ymax>
    </bndbox>
</object>
</annotation>