<annotation verified="yes">
    <folder>Annotation</folder>
    <filename>dataset8_694</filename>
    <path>opemv4_ver2-PascalVOC-export/Annotations/frame_694.jpg</path>
    <source>
        <database>Unknown</database>
    </source>
    <size>
        <width>320</width>
        <height>240</height>
        <depth>3</depth>
    </size>
    <segmented>0</segmented>
    <object>
    <name>hand</name>
    <pose>Unspecified</pose>
    <truncated>0</truncated>
    <difficult>0</difficult>
    <bndbox>
        <xmin>50.89906700593723</xmin>
        <ymin>33.96694269654977</ymin>
        <xmax>178.2210824851569</xmax>
        <ymax>163.8280421468467</ymax>
    </bndbox>
</object>
</annotation>