<annotation verified="yes">
    <folder>Annotation</folder>
    <filename>dataset2_184</filename>
    <path>openmv4_2-PascalVOC-export/Annotations/frame_184.jpg</path>
    <source>
        <database>Unknown</database>
    </source>
    <size>
        <width>320</width>
        <height>240</height>
        <depth>3</depth>
    </size>
    <segmented>0</segmented>
    <object>
    <name>hand</name>
    <pose>Unspecified</pose>
    <truncated>0</truncated>
    <difficult>0</difficult>
    <bndbox>
        <xmin>9.151674485793045</xmin>
        <ymin>1.7281717844138855</ymin>
        <xmax>152.41231644932145</xmax>
        <ymax>208.7654051629666</ymax>
    </bndbox>
</object>
</annotation>