<annotation verified="yes">
    <folder>Annotation</folder>
    <filename>dataset2_334</filename>
    <path>openmv4_2-PascalVOC-export/Annotations/frame_334.jpg</path>
    <source>
        <database>Unknown</database>
    </source>
    <size>
        <width>320</width>
        <height>240</height>
        <depth>3</depth>
    </size>
    <segmented>0</segmented>
    <object>
    <name>hand</name>
    <pose>Unspecified</pose>
    <truncated>0</truncated>
    <difficult>0</difficult>
    <bndbox>
        <xmin>29.01517109308736</xmin>
        <ymin>96.62518669577206</ymin>
        <xmax>125.14790076335878</xmax>
        <ymax>205.86642304157238</ymax>
    </bndbox>
</object>
</annotation>