<annotation verified="yes">
    <folder>Annotation</folder>
    <filename>dataset8_534</filename>
    <path>opemv4_ver2-PascalVOC-export/Annotations/frame_534.jpg</path>
    <source>
        <database>Unknown</database>
    </source>
    <size>
        <width>320</width>
        <height>240</height>
        <depth>3</depth>
    </size>
    <segmented>0</segmented>
    <object>
    <name>hand</name>
    <pose>Unspecified</pose>
    <truncated>0</truncated>
    <difficult>0</difficult>
    <bndbox>
        <xmin>39.80064540924512</xmin>
        <ymin>165.21647871889138</ymin>
        <xmax>183.41950938295162</xmax>
        <ymax>239.99999999999997</ymax>
    </bndbox>
</object>
</annotation>