<annotation verified="yes">
    <folder>Annotation</folder>
    <filename>dataset8_734</filename>
    <path>opemv4_ver2-PascalVOC-export/Annotations/frame_734.jpg</path>
    <source>
        <database>Unknown</database>
    </source>
    <size>
        <width>320</width>
        <height>240</height>
        <depth>3</depth>
    </size>
    <segmented>0</segmented>
    <object>
    <name>hand</name>
    <pose>Unspecified</pose>
    <truncated>0</truncated>
    <difficult>0</difficult>
    <bndbox>
        <xmin>101.67899173027989</xmin>
        <ymin>20.081918293534358</ymin>
        <xmax>198.57675333969465</xmax>
        <ymax>91.38502302212952</ymax>
    </bndbox>
</object>
</annotation>