<annotation verified="yes">
    <folder>Annotation</folder>
    <filename>dataset8_484</filename>
    <path>opemv4_ver2-PascalVOC-export/Annotations/frame_484.jpg</path>
    <source>
        <database>Unknown</database>
    </source>
    <size>
        <width>320</width>
        <height>240</height>
        <depth>3</depth>
    </size>
    <segmented>0</segmented>
    <object>
    <name>hand</name>
    <pose>Unspecified</pose>
    <truncated>0</truncated>
    <difficult>0</difficult>
    <bndbox>
        <xmin>103.28018977947413</xmin>
        <ymin>1.6112991263963516</ymin>
        <xmax>196.62810114503816</xmax>
        <ymax>56.569929166077486</ymax>
    </bndbox>
</object>
</annotation>