<annotation verified="yes">
    <folder>Annotation</folder>
    <filename>dataset2_150</filename>
    <path>openmv4_2-PascalVOC-export/Annotations/frame_150.jpg</path>
    <source>
        <database>Unknown</database>
    </source>
    <size>
        <width>320</width>
        <height>240</height>
        <depth>3</depth>
    </size>
    <segmented>0</segmented>
    <object>
    <name>hand</name>
    <pose>Unspecified</pose>
    <truncated>0</truncated>
    <difficult>0</difficult>
    <bndbox>
        <xmin>106.79805118214588</xmin>
        <ymin>105.47140130090497</ymin>
        <xmax>226.36778387404578</xmax>
        <ymax>239.6267962563631</ymax>
    </bndbox>
</object>
</annotation>