<annotation verified="yes">
    <folder>Annotation</folder>
    <filename>dataset8_692</filename>
    <path>opemv4_ver2-PascalVOC-export/Annotations/frame_692.jpg</path>
    <source>
        <database>Unknown</database>
    </source>
    <size>
        <width>320</width>
        <height>240</height>
        <depth>3</depth>
    </size>
    <segmented>0</segmented>
    <object>
    <name>hand</name>
    <pose>Unspecified</pose>
    <truncated>0</truncated>
    <difficult>0</difficult>
    <bndbox>
        <xmin>55.048455391221374</xmin>
        <ymin>35.89818755965427</ymin>
        <xmax>190.51510151611535</xmax>
        <ymax>163.4570422970871</ymax>
    </bndbox>
</object>
</annotation>