<annotation verified="yes">
    <folder>Annotation</folder>
    <filename>dataset2_178</filename>
    <path>openmv4_2-PascalVOC-export/Annotations/frame_178.jpg</path>
    <source>
        <database>Unknown</database>
    </source>
    <size>
        <width>320</width>
        <height>240</height>
        <depth>3</depth>
    </size>
    <segmented>0</segmented>
    <object>
    <name>hand</name>
    <pose>Unspecified</pose>
    <truncated>0</truncated>
    <difficult>0</difficult>
    <bndbox>
        <xmin>58.57242962786259</xmin>
        <ymin>7.521115126113545</ymin>
        <xmax>202.94075355173874</xmax>
        <ymax>205.67151928379525</ymax>
    </bndbox>
</object>
</annotation>