<annotation verified="yes">
    <folder>Annotation</folder>
    <filename>dataset8_828</filename>
    <path>opemv4_ver2-PascalVOC-export/Annotations/frame_828.jpg</path>
    <source>
        <database>Unknown</database>
    </source>
    <size>
        <width>320</width>
        <height>240</height>
        <depth>3</depth>
    </size>
    <segmented>0</segmented>
    <object>
    <name>hand</name>
    <pose>Unspecified</pose>
    <truncated>0</truncated>
    <difficult>0</difficult>
    <bndbox>
        <xmin>84.40579609308736</xmin>
        <ymin>63.14473285933965</ymin>
        <xmax>179.22333876696354</xmax>
        <ymax>196.22728718891403</ymax>
    </bndbox>
</object>
</annotation>