<annotation verified="yes">
    <folder>Annotation</folder>
    <filename>dataset2_356</filename>
    <path>openmv4_2-PascalVOC-export/Annotations/frame_356.jpg</path>
    <source>
        <database>Unknown</database>
    </source>
    <size>
        <width>320</width>
        <height>240</height>
        <depth>3</depth>
    </size>
    <segmented>0</segmented>
    <object>
    <name>hand</name>
    <pose>Unspecified</pose>
    <truncated>0</truncated>
    <difficult>0</difficult>
    <bndbox>
        <xmin>8.237466205470737</xmin>
        <ymin>102.64199925763573</ymin>
        <xmax>114.64653241624258</xmax>
        <ymax>222.05596233385177</ymax>
    </bndbox>
</object>
</annotation>