<annotation verified="yes">
    <folder>Annotation</folder>
    <filename>dataset8_668</filename>
    <path>opemv4_ver2-PascalVOC-export/Annotations/frame_668.jpg</path>
    <source>
        <database>Unknown</database>
    </source>
    <size>
        <width>320</width>
        <height>240</height>
        <depth>3</depth>
    </size>
    <segmented>0</segmented>
    <object>
    <name>hand</name>
    <pose>Unspecified</pose>
    <truncated>0</truncated>
    <difficult>0</difficult>
    <bndbox>
        <xmin>36.655832538167935</xmin>
        <ymin>61.23630989730627</ymin>
        <xmax>198.73903334393555</xmax>
        <ymax>179.70704782063063</ymax>
    </bndbox>
</object>
</annotation>