<annotation verified="yes">
    <folder>Annotation</folder>
    <filename>dataset8_690</filename>
    <path>opemv4_ver2-PascalVOC-export/Annotations/frame_690.jpg</path>
    <source>
        <database>Unknown</database>
    </source>
    <size>
        <width>320</width>
        <height>240</height>
        <depth>3</depth>
    </size>
    <segmented>0</segmented>
    <object>
    <name>hand</name>
    <pose>Unspecified</pose>
    <truncated>0</truncated>
    <difficult>0</difficult>
    <bndbox>
        <xmin>65.66411219783714</xmin>
        <ymin>57.263807754171374</ymin>
        <xmax>206.3650339270568</xmax>
        <ymax>166.90734587104072</ymax>
    </bndbox>
</object>
</annotation>