<annotation verified="yes">
    <folder>Annotation</folder>
    <filename>dataset2_226</filename>
    <path>openmv4_2-PascalVOC-export/Annotations/frame_226.jpg</path>
    <source>
        <database>Unknown</database>
    </source>
    <size>
        <width>320</width>
        <height>240</height>
        <depth>3</depth>
    </size>
    <segmented>0</segmented>
    <object>
    <name>hand</name>
    <pose>Unspecified</pose>
    <truncated>0</truncated>
    <difficult>0</difficult>
    <bndbox>
        <xmin>20.857983460559794</xmin>
        <ymin>44.64690471666431</ymin>
        <xmax>155.2291401611535</xmax>
        <ymax>239.5553768382353</ymax>
    </bndbox>
</object>
</annotation>