<annotation verified="yes">
    <folder>Annotation</folder>
    <filename>dataset3_180</filename>
    <path>opemv4_3-PascalVOC-export/Annotations/frame_180.jpg</path>
    <source>
        <database>Unknown</database>
    </source>
    <size>
        <width>320</width>
        <height>240</height>
        <depth>3</depth>
    </size>
    <segmented>0</segmented>
    <object>
    <name>apple</name>
    <pose>Unspecified</pose>
    <truncated>0</truncated>
    <difficult>0</difficult>
    <bndbox>
        <xmin>82.3817706128281</xmin>
        <ymin>103.11360860785837</ymin>
        <xmax>129.26535377857746</xmax>
        <ymax>166.97300895880363</ymax>
    </bndbox>
</object><object>
    <name>hand</name>
    <pose>Unspecified</pose>
    <truncated>0</truncated>
    <difficult>0</difficult>
    <bndbox>
        <xmin>9.003294348010161</xmin>
        <ymin>28.863506101862306</ymin>
        <xmax>120.59648867485181</xmax>
        <ymax>186.71978057103556</ymax>
    </bndbox>
</object>
</annotation>