<annotation verified="yes">
    <folder>Annotation</folder>
    <filename>dataset8_720</filename>
    <path>opemv4_ver2-PascalVOC-export/Annotations/frame_720.jpg</path>
    <source>
        <database>Unknown</database>
    </source>
    <size>
        <width>320</width>
        <height>240</height>
        <depth>3</depth>
    </size>
    <segmented>0</segmented>
    <object>
    <name>hand</name>
    <pose>Unspecified</pose>
    <truncated>0</truncated>
    <difficult>0</difficult>
    <bndbox>
        <xmin>56.74823738337574</xmin>
        <ymin>36.671323474176326</ymin>
        <xmax>211.158191528838</xmax>
        <ymax>131.4258143912613</ymax>
    </bndbox>
</object>
</annotation>