<annotation verified="yes">
    <folder>Annotation</folder>
    <filename>dataset8_518</filename>
    <path>opemv4_ver2-PascalVOC-export/Annotations/frame_518.jpg</path>
    <source>
        <database>Unknown</database>
    </source>
    <size>
        <width>320</width>
        <height>240</height>
        <depth>3</depth>
    </size>
    <segmented>0</segmented>
    <object>
    <name>hand</name>
    <pose>Unspecified</pose>
    <truncated>0</truncated>
    <difficult>0</difficult>
    <bndbox>
        <xmin>0.043179137510602206</xmin>
        <ymin>139.55636002898754</ymin>
        <xmax>167.75882633587784</xmax>
        <ymax>239.99999999999997</ymax>
    </bndbox>
</object>
</annotation>