<annotation verified="yes">
    <folder>Annotation</folder>
    <filename>dataset8_430</filename>
    <path>opemv4_ver2-PascalVOC-export/Annotations/frame_430.jpg</path>
    <source>
        <database>Unknown</database>
    </source>
    <size>
        <width>320</width>
        <height>240</height>
        <depth>3</depth>
    </size>
    <segmented>0</segmented>
    <object>
    <name>hand</name>
    <pose>Unspecified</pose>
    <truncated>0</truncated>
    <difficult>0</difficult>
    <bndbox>
        <xmin>78.38662598070398</xmin>
        <ymin>161.71709293693436</ymin>
        <xmax>206.95339005513148</xmax>
        <ymax>239.99999999999997</ymax>
    </bndbox>
</object>
</annotation>