<annotation verified="yes">
    <folder>Annotation</folder>
    <filename>dataset2_32</filename>
    <path>openmv4_2-PascalVOC-export/Annotations/frame_32.jpg</path>
    <source>
        <database>Unknown</database>
    </source>
    <size>
        <width>320</width>
        <height>240</height>
        <depth>3</depth>
    </size>
    <segmented>0</segmented>
    <object>
    <name>hand</name>
    <pose>Unspecified</pose>
    <truncated>0</truncated>
    <difficult>0</difficult>
    <bndbox>
        <xmin>64.9339681403732</xmin>
        <ymin>9.856658521281108</ymin>
        <xmax>258.59497587998305</xmax>
        <ymax>193.5221980168269</ymax>
    </bndbox>
</object>
</annotation>