<annotation verified="yes">
    <folder>Annotation</folder>
    <filename>dataset8_468</filename>
    <path>opemv4_ver2-PascalVOC-export/Annotations/frame_468.jpg</path>
    <source>
        <database>Unknown</database>
    </source>
    <size>
        <width>320</width>
        <height>240</height>
        <depth>3</depth>
    </size>
    <segmented>0</segmented>
    <object>
    <name>hand</name>
    <pose>Unspecified</pose>
    <truncated>0</truncated>
    <difficult>0</difficult>
    <bndbox>
        <xmin>39.285651571776924</xmin>
        <ymin>6.614200367647058</ymin>
        <xmax>186.78405295801525</xmax>
        <ymax>97.5809226748091</ymax>
    </bndbox>
</object>
</annotation>