<annotation verified="yes">
    <folder>Annotation</folder>
    <filename>dataset8_532</filename>
    <path>opemv4_ver2-PascalVOC-export/Annotations/frame_532.jpg</path>
    <source>
        <database>Unknown</database>
    </source>
    <size>
        <width>320</width>
        <height>240</height>
        <depth>3</depth>
    </size>
    <segmented>0</segmented>
    <object>
    <name>hand</name>
    <pose>Unspecified</pose>
    <truncated>0</truncated>
    <difficult>0</difficult>
    <bndbox>
        <xmin>41.31772986906276</xmin>
        <ymin>158.4359755019796</ymin>
        <xmax>182.77121766327394</xmax>
        <ymax>239.99999999999997</ymax>
    </bndbox>
</object>
</annotation>