<annotation verified="yes">
    <folder>Annotation</folder>
    <filename>dataset8_626</filename>
    <path>opemv4_ver2-PascalVOC-export/Annotations/frame_626.jpg</path>
    <source>
        <database>Unknown</database>
    </source>
    <size>
        <width>320</width>
        <height>240</height>
        <depth>3</depth>
    </size>
    <segmented>0</segmented>
    <object>
    <name>hand</name>
    <pose>Unspecified</pose>
    <truncated>0</truncated>
    <difficult>0</difficult>
    <bndbox>
        <xmin>32.794004121607294</xmin>
        <ymin>2.9198694013362556</ymin>
        <xmax>130.403430476039</xmax>
        <ymax>95.56402836450084</ymax>
    </bndbox>
</object>
</annotation>