<annotation verified="yes">
    <folder>Annotation</folder>
    <filename>dataset2_336</filename>
    <path>openmv4_2-PascalVOC-export/Annotations/frame_336.jpg</path>
    <source>
        <database>Unknown</database>
    </source>
    <size>
        <width>320</width>
        <height>240</height>
        <depth>3</depth>
    </size>
    <segmented>0</segmented>
    <object>
    <name>hand</name>
    <pose>Unspecified</pose>
    <truncated>0</truncated>
    <difficult>0</difficult>
    <bndbox>
        <xmin>40.52975409510178</xmin>
        <ymin>98.13481257512018</ymin>
        <xmax>134.49997349448685</xmax>
        <ymax>207.43523092830878</ymax>
    </bndbox>
</object>
</annotation>