<annotation verified="yes">
    <folder>Annotation</folder>
    <filename>dataset8_618</filename>
    <path>opemv4_ver2-PascalVOC-export/Annotations/frame_618.jpg</path>
    <source>
        <database>Unknown</database>
    </source>
    <size>
        <width>320</width>
        <height>240</height>
        <depth>3</depth>
    </size>
    <segmented>0</segmented>
    <object>
    <name>hand</name>
    <pose>Unspecified</pose>
    <truncated>0</truncated>
    <difficult>0</difficult>
    <bndbox>
        <xmin>17.63328959923664</xmin>
        <ymin>0.4943101977870475</ymin>
        <xmax>126.43943158927055</xmax>
        <ymax>82.80437762920673</ymax>
    </bndbox>
</object>
</annotation>