<annotation verified="yes">
    <folder>Annotation</folder>
    <filename>dataset2_4</filename>
    <path>openmv4_2-PascalVOC-export/Annotations/frame_4.jpg</path>
    <source>
        <database>Unknown</database>
    </source>
    <size>
        <width>320</width>
        <height>240</height>
        <depth>3</depth>
    </size>
    <segmented>0</segmented>
    <object>
    <name>hand</name>
    <pose>Unspecified</pose>
    <truncated>0</truncated>
    <difficult>0</difficult>
    <bndbox>
        <xmin>2.6379446299830365</xmin>
        <ymin>0.8565731825332296</ymin>
        <xmax>229.81678064037317</xmax>
        <ymax>125.51758917208709</ymax>
    </bndbox>
</object>
</annotation>