<annotation verified="yes">
    <folder>Annotation</folder>
    <filename>dataset8_382</filename>
    <path>opemv4_ver2-PascalVOC-export/Annotations/frame_382.jpg</path>
    <source>
        <database>Unknown</database>
    </source>
    <size>
        <width>320</width>
        <height>240</height>
        <depth>3</depth>
    </size>
    <segmented>0</segmented>
    <object>
    <name>hand</name>
    <pose>Unspecified</pose>
    <truncated>0</truncated>
    <difficult>0</difficult>
    <bndbox>
        <xmin>52.48031965648855</xmin>
        <ymin>84.9405887655543</ymin>
        <xmax>141.70998661471586</xmax>
        <ymax>169.94855371535633</ymax>
    </bndbox>
</object>
</annotation>