<annotation verified="yes">
    <folder>Annotation</folder>
    <filename>dataset2_390</filename>
    <path>openmv4_2-PascalVOC-export/Annotations/frame_390.jpg</path>
    <source>
        <database>Unknown</database>
    </source>
    <size>
        <width>320</width>
        <height>240</height>
        <depth>3</depth>
    </size>
    <segmented>0</segmented>
    <object>
    <name>hand</name>
    <pose>Unspecified</pose>
    <truncated>0</truncated>
    <difficult>0</difficult>
    <bndbox>
        <xmin>97.15609096692111</xmin>
        <ymin>2.7174218639529126</ymin>
        <xmax>221.06962998303646</xmax>
        <ymax>115.63524617328902</ymax>
    </bndbox>
</object>
</annotation>