<annotation verified="yes">
    <folder>Annotation</folder>
    <filename>dataset2_378</filename>
    <path>openmv4_2-PascalVOC-export/Annotations/frame_378.jpg</path>
    <source>
        <database>Unknown</database>
    </source>
    <size>
        <width>320</width>
        <height>240</height>
        <depth>3</depth>
    </size>
    <segmented>0</segmented>
    <object>
    <name>hand</name>
    <pose>Unspecified</pose>
    <truncated>0</truncated>
    <difficult>0</difficult>
    <bndbox>
        <xmin>19.445305873621713</xmin>
        <ymin>0.5439143806561085</ymin>
        <xmax>148.00620560326547</xmax>
        <ymax>58.87096008024604</ymax>
    </bndbox>
</object>
</annotation>