<annotation verified="yes">
    <folder>Annotation</folder>
    <filename>dataset8_368</filename>
    <path>opemv4_ver2-PascalVOC-export/Annotations/frame_368.jpg</path>
    <source>
        <database>Unknown</database>
    </source>
    <size>
        <width>320</width>
        <height>240</height>
        <depth>3</depth>
    </size>
    <segmented>0</segmented>
    <object>
    <name>hand</name>
    <pose>Unspecified</pose>
    <truncated>0</truncated>
    <difficult>0</difficult>
    <bndbox>
        <xmin>50.68420668999151</xmin>
        <ymin>61.15676258484162</ymin>
        <xmax>181.57108115988126</xmax>
        <ymax>155.40272156037895</ymax>
    </bndbox>
</object>
</annotation>