<annotation verified="yes">
    <folder>Annotation</folder>
    <filename>dataset8_962</filename>
    <path>opemv4_ver2-PascalVOC-export/Annotations/frame_962.jpg</path>
    <source>
        <database>Unknown</database>
    </source>
    <size>
        <width>320</width>
        <height>240</height>
        <depth>3</depth>
    </size>
    <segmented>0</segmented>
    <object>
    <name>hand</name>
    <pose>Unspecified</pose>
    <truncated>0</truncated>
    <difficult>0</difficult>
    <bndbox>
        <xmin>202.31515717769295</xmin>
        <ymin>47.90976960195135</ymin>
        <xmax>283.3124933736217</xmax>
        <ymax>165.96591863157522</ymax>
    </bndbox>
</object><object>
    <name>apple</name>
    <pose>Unspecified</pose>
    <truncated>0</truncated>
    <difficult>0</difficult>
    <bndbox>
        <xmin>225.76968696988973</xmin>
        <ymin>39.10062349759615</ymin>
        <xmax>262.941383057676</xmax>
        <ymax>79.95271294365102</ymax>
    </bndbox>
</object>
</annotation>