<annotation verified="yes">
    <folder>Annotation</folder>
    <filename>dataset2_24</filename>
    <path>openmv4_2-PascalVOC-export/Annotations/frame_24.jpg</path>
    <source>
        <database>Unknown</database>
    </source>
    <size>
        <width>320</width>
        <height>240</height>
        <depth>3</depth>
    </size>
    <segmented>0</segmented>
    <object>
    <name>hand</name>
    <pose>Unspecified</pose>
    <truncated>0</truncated>
    <difficult>0</difficult>
    <bndbox>
        <xmin>81.04226304071247</xmin>
        <ymin>1.6346388596754806</ymin>
        <xmax>278.19991120653094</xmax>
        <ymax>126.73625963305994</ymax>
    </bndbox>
</object>
</annotation>