<annotation verified="yes">
    <folder>Annotation</folder>
    <filename>dataset20_996</filename>
    <path>openmv4_20-PascalVOC-export/Annotations/frame_996.jpg</path>
    <source>
        <database>Unknown</database>
    </source>
    <size>
        <width>320</width>
        <height>240</height>
        <depth>3</depth>
    </size>
    <segmented>0</segmented>
    <object>
    <name>hand</name>
    <pose>Unspecified</pose>
    <truncated>0</truncated>
    <difficult>0</difficult>
    <bndbox>
        <xmin>1.1408664532176123</xmin>
        <ymin>47.42228281955418</ymin>
        <xmax>107.6290617061812</xmax>
        <ymax>230.4395302800508</ymax>
    </bndbox>
</object>
</annotation>