<annotation verified="yes">
    <folder>Annotation</folder>
    <filename>dataset8_536</filename>
    <path>opemv4_ver2-PascalVOC-export/Annotations/frame_536.jpg</path>
    <source>
        <database>Unknown</database>
    </source>
    <size>
        <width>320</width>
        <height>240</height>
        <depth>3</depth>
    </size>
    <segmented>0</segmented>
    <object>
    <name>hand</name>
    <pose>Unspecified</pose>
    <truncated>0</truncated>
    <difficult>0</difficult>
    <bndbox>
        <xmin>78.856485899067</xmin>
        <ymin>162.81464865844174</ymin>
        <xmax>207.78056085665816</xmax>
        <ymax>240</ymax>
    </bndbox>
</object>
</annotation>