<annotation verified="yes">
    <folder>Annotation</folder>
    <filename>dataset8_644</filename>
    <path>opemv4_ver2-PascalVOC-export/Annotations/frame_644.jpg</path>
    <source>
        <database>Unknown</database>
    </source>
    <size>
        <width>320</width>
        <height>240</height>
        <depth>3</depth>
    </size>
    <segmented>0</segmented>
    <object>
    <name>hand</name>
    <pose>Unspecified</pose>
    <truncated>0</truncated>
    <difficult>0</difficult>
    <bndbox>
        <xmin>55.70753154156064</xmin>
        <ymin>108.58518850749434</ymin>
        <xmax>181.44879134860048</xmax>
        <ymax>186.41772239995757</ymax>
    </bndbox>
</object>
</annotation>