<annotation verified="yes">
    <folder>Annotation</folder>
    <filename>dataset8_544</filename>
    <path>opemv4_ver2-PascalVOC-export/Annotations/frame_544.jpg</path>
    <source>
        <database>Unknown</database>
    </source>
    <size>
        <width>320</width>
        <height>240</height>
        <depth>3</depth>
    </size>
    <segmented>0</segmented>
    <object>
    <name>hand</name>
    <pose>Unspecified</pose>
    <truncated>0</truncated>
    <difficult>0</difficult>
    <bndbox>
        <xmin>116.30388902141645</xmin>
        <ymin>136.791832004737</ymin>
        <xmax>242.90261874469888</xmax>
        <ymax>240</ymax>
    </bndbox>
</object>
</annotation>