<annotation verified="yes">
    <folder>Annotation</folder>
    <filename>dataset3_390</filename>
    <path>opemv4_3-PascalVOC-export/Annotations/frame_390.jpg</path>
    <source>
        <database>Unknown</database>
    </source>
    <size>
        <width>320</width>
        <height>240</height>
        <depth>3</depth>
    </size>
    <segmented>0</segmented>
    <object>
    <name>apple</name>
    <pose>Unspecified</pose>
    <truncated>0</truncated>
    <difficult>0</difficult>
    <bndbox>
        <xmin>50.98767596316681</xmin>
        <ymin>139.65456581546277</ymin>
        <xmax>95.63641114521592</xmax>
        <ymax>190.57693240335783</ymax>
    </bndbox>
</object><object>
    <name>hand</name>
    <pose>Unspecified</pose>
    <truncated>0</truncated>
    <difficult>0</difficult>
    <bndbox>
        <xmin>34.48676307154953</xmin>
        <ymin>127.67270607011852</ymin>
        <xmax>139.7502116850127</xmax>
        <ymax>208.97786642035837</ymax>
    </bndbox>
</object>
</annotation>