<annotation verified="yes">
    <folder>Annotation</folder>
    <filename>dataset8_938</filename>
    <path>opemv4_ver2-PascalVOC-export/Annotations/frame_938.jpg</path>
    <source>
        <database>Unknown</database>
    </source>
    <size>
        <width>320</width>
        <height>240</height>
        <depth>3</depth>
    </size>
    <segmented>0</segmented>
    <object>
    <name>hand</name>
    <pose>Unspecified</pose>
    <truncated>0</truncated>
    <difficult>0</difficult>
    <bndbox>
        <xmin>108.16331703244275</xmin>
        <ymin>0.11506231661835406</ymin>
        <xmax>256.5018355067854</xmax>
        <ymax>143.13661048854635</ymax>
    </bndbox>
</object>
</annotation>