<annotation verified="yes">
    <folder>Annotation</folder>
    <filename>dataset2_346</filename>
    <path>openmv4_2-PascalVOC-export/Annotations/frame_346.jpg</path>
    <source>
        <database>Unknown</database>
    </source>
    <size>
        <width>320</width>
        <height>240</height>
        <depth>3</depth>
    </size>
    <segmented>0</segmented>
    <object>
    <name>hand</name>
    <pose>Unspecified</pose>
    <truncated>0</truncated>
    <difficult>0</difficult>
    <bndbox>
        <xmin>86.76056244698897</xmin>
        <ymin>135.72097156921663</ymin>
        <xmax>189.27106525657337</xmax>
        <ymax>240</ymax>
    </bndbox>
</object>
</annotation>