<annotation verified="yes">
    <folder>Annotation</folder>
    <filename>dataset8_494</filename>
    <path>opemv4_ver2-PascalVOC-export/Annotations/frame_494.jpg</path>
    <source>
        <database>Unknown</database>
    </source>
    <size>
        <width>320</width>
        <height>240</height>
        <depth>3</depth>
    </size>
    <segmented>0</segmented>
    <object>
    <name>hand</name>
    <pose>Unspecified</pose>
    <truncated>0</truncated>
    <difficult>0</difficult>
    <bndbox>
        <xmin>97.28104789546225</xmin>
        <ymin>1.7159758002509897</ymin>
        <xmax>178.04003326441898</xmax>
        <ymax>56.66069479549632</ymax>
    </bndbox>
</object>
</annotation>