<annotation verified="yes">
    <folder>Annotation</folder>
    <filename>dataset8_480</filename>
    <path>opemv4_ver2-PascalVOC-export/Annotations/frame_480.jpg</path>
    <source>
        <database>Unknown</database>
    </source>
    <size>
        <width>320</width>
        <height>240</height>
        <depth>3</depth>
    </size>
    <segmented>0</segmented>
    <object>
    <name>hand</name>
    <pose>Unspecified</pose>
    <truncated>0</truncated>
    <difficult>0</difficult>
    <bndbox>
        <xmin>98.79587110368956</xmin>
        <ymin>0.10088199943438914</ymin>
        <xmax>206.94775763358777</xmax>
        <ymax>74.48238321019514</ymax>
    </bndbox>
</object>
</annotation>