<annotation verified="yes">
    <folder>Annotation</folder>
    <filename>dataset2_342</filename>
    <path>openmv4_2-PascalVOC-export/Annotations/frame_342.jpg</path>
    <source>
        <database>Unknown</database>
    </source>
    <size>
        <width>320</width>
        <height>240</height>
        <depth>3</depth>
    </size>
    <segmented>0</segmented>
    <object>
    <name>hand</name>
    <pose>Unspecified</pose>
    <truncated>0</truncated>
    <difficult>0</difficult>
    <bndbox>
        <xmin>61.27412001696352</xmin>
        <ymin>124.57748758307409</ymin>
        <xmax>168.51252716815097</xmax>
        <ymax>239.85613378464365</ymax>
    </bndbox>
</object>
</annotation>