<annotation verified="yes">
    <folder>Annotation</folder>
    <filename>dataset8_718</filename>
    <path>opemv4_ver2-PascalVOC-export/Annotations/frame_718.jpg</path>
    <source>
        <database>Unknown</database>
    </source>
    <size>
        <width>320</width>
        <height>240</height>
        <depth>3</depth>
    </size>
    <segmented>0</segmented>
    <object>
    <name>hand</name>
    <pose>Unspecified</pose>
    <truncated>0</truncated>
    <difficult>0</difficult>
    <bndbox>
        <xmin>61.374244592875314</xmin>
        <ymin>47.39947703089649</ymin>
        <xmax>214.67862065309583</xmax>
        <ymax>142.4524257193863</ymax>
    </bndbox>
</object>
</annotation>