<annotation verified="yes">
    <folder>Annotation</folder>
    <filename>dataset2_308</filename>
    <path>openmv4_2-PascalVOC-export/Annotations/frame_308.jpg</path>
    <source>
        <database>Unknown</database>
    </source>
    <size>
        <width>320</width>
        <height>240</height>
        <depth>3</depth>
    </size>
    <segmented>0</segmented>
    <object>
    <name>hand</name>
    <pose>Unspecified</pose>
    <truncated>0</truncated>
    <difficult>0</difficult>
    <bndbox>
        <xmin>16.103830377968617</xmin>
        <ymin>84.54282734728505</ymin>
        <xmax>131.83163035411366</xmax>
        <ymax>216.40458188984726</ymax>
    </bndbox>
</object>
</annotation>