<annotation verified="yes">
    <folder>Annotation</folder>
    <filename>dataset2_68</filename>
    <path>openmv4_2-PascalVOC-export/Annotations/frame_68.jpg</path>
    <source>
        <database>Unknown</database>
    </source>
    <size>
        <width>320</width>
        <height>240</height>
        <depth>3</depth>
    </size>
    <segmented>0</segmented>
    <object>
    <name>hand</name>
    <pose>Unspecified</pose>
    <truncated>0</truncated>
    <difficult>0</difficult>
    <bndbox>
        <xmin>4.064305688083121</xmin>
        <ymin>21.061155569499434</ymin>
        <xmax>99.10179442324004</xmax>
        <ymax>194.6141528651725</ymax>
    </bndbox>
</object>
</annotation>