<annotation verified="yes">
    <folder>Annotation</folder>
    <filename>dataset3_0</filename>
    <path>opemv4_3-PascalVOC-export/Annotations/frame_0.jpg</path>
    <source>
        <database>Unknown</database>
    </source>
    <size>
        <width>320</width>
        <height>240</height>
        <depth>3</depth>
    </size>
    <segmented>0</segmented>
    <object>
    <name>hand</name>
    <pose>Unspecified</pose>
    <truncated>0</truncated>
    <difficult>0</difficult>
    <bndbox>
        <xmin>43.49301248409669</xmin>
        <ymin>1.6112245585583993</ymin>
        <xmax>192.7166494380831</xmax>
        <ymax>174.70260136807127</ymax>
    </bndbox>
</object><object>
    <name>apple</name>
    <pose>Unspecified</pose>
    <truncated>0</truncated>
    <difficult>0</difficult>
    <bndbox>
        <xmin>148.26648974236642</xmin>
        <ymin>79.11620265218467</ymin>
        <xmax>223.5355703986429</xmax>
        <ymax>146.42772001378677</ymax>
    </bndbox>
</object>
</annotation>