<annotation verified="yes">
    <folder>Annotation</folder>
    <filename>dataset2_182</filename>
    <path>openmv4_2-PascalVOC-export/Annotations/frame_182.jpg</path>
    <source>
        <database>Unknown</database>
    </source>
    <size>
        <width>320</width>
        <height>240</height>
        <depth>3</depth>
    </size>
    <segmented>0</segmented>
    <object>
    <name>hand</name>
    <pose>Unspecified</pose>
    <truncated>0</truncated>
    <difficult>0</difficult>
    <bndbox>
        <xmin>25.087650418787106</xmin>
        <ymin>2.69595046928026</ymin>
        <xmax>175.51301420695506</xmax>
        <ymax>201.8903830687924</ymax>
    </bndbox>
</object>
</annotation>