<annotation verified="yes">
    <folder>Annotation</folder>
    <filename>dataset8_590</filename>
    <path>opemv4_ver2-PascalVOC-export/Annotations/frame_590.jpg</path>
    <source>
        <database>Unknown</database>
    </source>
    <size>
        <width>320</width>
        <height>240</height>
        <depth>3</depth>
    </size>
    <segmented>0</segmented>
    <object>
    <name>hand</name>
    <pose>Unspecified</pose>
    <truncated>0</truncated>
    <difficult>0</difficult>
    <bndbox>
        <xmin>65.50299180979643</xmin>
        <ymin>41.32567807020644</ymin>
        <xmax>197.37701441899912</xmax>
        <ymax>161.9686682515554</ymax>
    </bndbox>
</object>
</annotation>