<annotation verified="yes">
    <folder>Annotation</folder>
    <filename>dataset8_900</filename>
    <path>opemv4_ver2-PascalVOC-export/Annotations/frame_900.jpg</path>
    <source>
        <database>Unknown</database>
    </source>
    <size>
        <width>320</width>
        <height>240</height>
        <depth>3</depth>
    </size>
    <segmented>0</segmented>
    <object>
    <name>hand</name>
    <pose>Unspecified</pose>
    <truncated>0</truncated>
    <difficult>0</difficult>
    <bndbox>
        <xmin>173.34413432994063</xmin>
        <ymin>84.90191291360293</ymin>
        <xmax>242.0121328986429</xmax>
        <ymax>145.22929886347566</ymax>
    </bndbox>
</object>
</annotation>