<annotation verified="yes">
    <folder>Annotation</folder>
    <filename>dataset8_730</filename>
    <path>opemv4_ver2-PascalVOC-export/Annotations/frame_730.jpg</path>
    <source>
        <database>Unknown</database>
    </source>
    <size>
        <width>320</width>
        <height>240</height>
        <depth>3</depth>
    </size>
    <segmented>0</segmented>
    <object>
    <name>hand</name>
    <pose>Unspecified</pose>
    <truncated>0</truncated>
    <difficult>0</difficult>
    <bndbox>
        <xmin>90.78931761556403</xmin>
        <ymin>10.855010019708002</ymin>
        <xmax>197.03356923240034</xmax>
        <ymax>94.65420131769655</ymax>
    </bndbox>
</object>
</annotation>