<annotation verified="yes">
    <folder>Annotation</folder>
    <filename>dataset8_478</filename>
    <path>opemv4_ver2-PascalVOC-export/Annotations/frame_478.jpg</path>
    <source>
        <database>Unknown</database>
    </source>
    <size>
        <width>320</width>
        <height>240</height>
        <depth>3</depth>
    </size>
    <segmented>0</segmented>
    <object>
    <name>hand</name>
    <pose>Unspecified</pose>
    <truncated>0</truncated>
    <difficult>0</difficult>
    <bndbox>
        <xmin>76.89685048240034</xmin>
        <ymin>3.9156524520114533</ymin>
        <xmax>210.13600641433416</xmax>
        <ymax>94.35631937570702</ymax>
    </bndbox>
</object>
</annotation>