<annotation verified="yes">
    <folder>Annotation</folder>
    <filename>dataset8_678</filename>
    <path>opemv4_ver2-PascalVOC-export/Annotations/frame_678.jpg</path>
    <source>
        <database>Unknown</database>
    </source>
    <size>
        <width>320</width>
        <height>240</height>
        <depth>3</depth>
    </size>
    <segmented>0</segmented>
    <object>
    <name>hand</name>
    <pose>Unspecified</pose>
    <truncated>0</truncated>
    <difficult>0</difficult>
    <bndbox>
        <xmin>68.57067363761662</xmin>
        <ymin>90.49112863670106</ymin>
        <xmax>224.91561307251908</xmax>
        <ymax>199.25949718078334</ymax>
    </bndbox>
</object>
</annotation>