<annotation verified="yes">
    <folder>Annotation</folder>
    <filename>dataset8_786</filename>
    <path>opemv4_ver2-PascalVOC-export/Annotations/frame_786.jpg</path>
    <source>
        <database>Unknown</database>
    </source>
    <size>
        <width>320</width>
        <height>240</height>
        <depth>3</depth>
    </size>
    <segmented>0</segmented>
    <object>
    <name>hand</name>
    <pose>Unspecified</pose>
    <truncated>0</truncated>
    <difficult>0</difficult>
    <bndbox>
        <xmin>122.39833479113655</xmin>
        <ymin>43.861175122843605</ymin>
        <xmax>183.92235209923663</xmax>
        <ymax>152.6101725996889</ymax>
    </bndbox>
</object>
</annotation>