<annotation verified="yes">
    <folder>Annotation</folder>
    <filename>dataset2_382</filename>
    <path>openmv4_2-PascalVOC-export/Annotations/frame_382.jpg</path>
    <source>
        <database>Unknown</database>
    </source>
    <size>
        <width>320</width>
        <height>240</height>
        <depth>3</depth>
    </size>
    <segmented>0</segmented>
    <object>
    <name>hand</name>
    <pose>Unspecified</pose>
    <truncated>0</truncated>
    <difficult>0</difficult>
    <bndbox>
        <xmin>75.2786060750636</xmin>
        <ymin>0.12059690725749433</ymin>
        <xmax>198.48365272476673</xmax>
        <ymax>56.97204866020927</ymax>
    </bndbox>
</object>
</annotation>