<annotation verified="yes">
    <folder>Annotation</folder>
    <filename>dataset8_524</filename>
    <path>opemv4_ver2-PascalVOC-export/Annotations/frame_524.jpg</path>
    <source>
        <database>Unknown</database>
    </source>
    <size>
        <width>320</width>
        <height>240</height>
        <depth>3</depth>
    </size>
    <segmented>0</segmented>
    <object>
    <name>hand</name>
    <pose>Unspecified</pose>
    <truncated>0</truncated>
    <difficult>0</difficult>
    <bndbox>
        <xmin>1.1756686015691262</xmin>
        <ymin>162.38369626696831</ymin>
        <xmax>158.33719319868533</xmax>
        <ymax>240</ymax>
    </bndbox>
</object>
</annotation>