<annotation verified="yes">
    <folder>Annotation</folder>
    <filename>dataset3_480</filename>
    <path>opemv4_3-PascalVOC-export/Annotations/frame_480.jpg</path>
    <source>
        <database>Unknown</database>
    </source>
    <size>
        <width>320</width>
        <height>240</height>
        <depth>3</depth>
    </size>
    <segmented>0</segmented>
    <object>
    <name>hand</name>
    <pose>Unspecified</pose>
    <truncated>0</truncated>
    <difficult>0</difficult>
    <bndbox>
        <xmin>30.314269554403047</xmin>
        <ymin>58.50605777370204</ymin>
        <xmax>127.79619363886536</xmax>
        <ymax>202.40455369109765</ymax>
    </bndbox>
</object>
</annotation>