<annotation verified="yes">
    <folder>Annotation</folder>
    <filename>dataset2_352</filename>
    <path>openmv4_2-PascalVOC-export/Annotations/frame_352.jpg</path>
    <source>
        <database>Unknown</database>
    </source>
    <size>
        <width>320</width>
        <height>240</height>
        <depth>3</depth>
    </size>
    <segmented>0</segmented>
    <object>
    <name>hand</name>
    <pose>Unspecified</pose>
    <truncated>0</truncated>
    <difficult>0</difficult>
    <bndbox>
        <xmin>67.62644786365564</xmin>
        <ymin>139.53819861778845</ymin>
        <xmax>174.1859162955895</xmax>
        <ymax>240</ymax>
    </bndbox>
</object>
</annotation>