<annotation verified="yes">
    <folder>Annotation</folder>
    <filename>dataset2_230</filename>
    <path>openmv4_2-PascalVOC-export/Annotations/frame_230.jpg</path>
    <source>
        <database>Unknown</database>
    </source>
    <size>
        <width>320</width>
        <height>240</height>
        <depth>3</depth>
    </size>
    <segmented>0</segmented>
    <object>
    <name>hand</name>
    <pose>Unspecified</pose>
    <truncated>0</truncated>
    <difficult>0</difficult>
    <bndbox>
        <xmin>28.187138862383375</xmin>
        <ymin>44.190325844881215</ymin>
        <xmax>177.870215754877</xmax>
        <ymax>236.38826534219456</ymax>
    </bndbox>
</object>
</annotation>