<annotation verified="yes">
    <folder>Annotation</folder>
    <filename>dataset2_392</filename>
    <path>openmv4_2-PascalVOC-export/Annotations/frame_392.jpg</path>
    <source>
        <database>Unknown</database>
    </source>
    <size>
        <width>320</width>
        <height>240</height>
        <depth>3</depth>
    </size>
    <segmented>0</segmented>
    <object>
    <name>hand</name>
    <pose>Unspecified</pose>
    <truncated>0</truncated>
    <difficult>0</difficult>
    <bndbox>
        <xmin>86.83265744274809</xmin>
        <ymin>13.693322919612555</ymin>
        <xmax>210.87130248091603</xmax>
        <ymax>138.119056667138</ymax>
    </bndbox>
</object>
</annotation>