<annotation verified="yes">
    <folder>Annotation</folder>
    <filename>dataset2_192</filename>
    <path>openmv4_2-PascalVOC-export/Annotations/frame_192.jpg</path>
    <source>
        <database>Unknown</database>
    </source>
    <size>
        <width>320</width>
        <height>240</height>
        <depth>3</depth>
    </size>
    <segmented>0</segmented>
    <object>
    <name>hand</name>
    <pose>Unspecified</pose>
    <truncated>0</truncated>
    <difficult>0</difficult>
    <bndbox>
        <xmin>7.073037598070398</xmin>
        <ymin>6.761898541342618</ymin>
        <xmax>142.87684213316368</xmax>
        <ymax>219.40094960760746</ymax>
    </bndbox>
</object>
</annotation>