<annotation verified="yes">
    <folder>Annotation</folder>
    <filename>dataset8_686</filename>
    <path>opemv4_ver2-PascalVOC-export/Annotations/frame_686.jpg</path>
    <source>
        <database>Unknown</database>
    </source>
    <size>
        <width>320</width>
        <height>240</height>
        <depth>3</depth>
    </size>
    <segmented>0</segmented>
    <object>
    <name>hand</name>
    <pose>Unspecified</pose>
    <truncated>0</truncated>
    <difficult>0</difficult>
    <bndbox>
        <xmin>71.80924976145037</xmin>
        <ymin>86.85911981228789</ymin>
        <xmax>238.28582220101777</xmax>
        <ymax>186.932373046875</ymax>
    </bndbox>
</object>
</annotation>