<annotation verified="yes">
    <folder>Annotation</folder>
    <filename>dataset8_356</filename>
    <path>opemv4_ver2-PascalVOC-export/Annotations/frame_356.jpg</path>
    <source>
        <database>Unknown</database>
    </source>
    <size>
        <width>320</width>
        <height>240</height>
        <depth>3</depth>
    </size>
    <segmented>0</segmented>
    <object>
    <name>hand</name>
    <pose>Unspecified</pose>
    <truncated>0</truncated>
    <difficult>0</difficult>
    <bndbox>
        <xmin>78.88758017917726</xmin>
        <ymin>1.725781470941742</ymin>
        <xmax>239.41601728159455</xmax>
        <ymax>112.11382145255938</ymax>
    </bndbox>
</object>
</annotation>