<annotation verified="yes">
    <folder>Annotation</folder>
    <filename>dataset2_146</filename>
    <path>openmv4_2-PascalVOC-export/Annotations/frame_146.jpg</path>
    <source>
        <database>Unknown</database>
    </source>
    <size>
        <width>320</width>
        <height>240</height>
        <depth>3</depth>
    </size>
    <segmented>0</segmented>
    <object>
    <name>hand</name>
    <pose>Unspecified</pose>
    <truncated>0</truncated>
    <difficult>0</difficult>
    <bndbox>
        <xmin>97.08089813931296</xmin>
        <ymin>94.25702815681561</ymin>
        <xmax>224.04822015479218</xmax>
        <ymax>239.12016579468323</ymax>
    </bndbox>
</object>
</annotation>