<annotation verified="yes">
    <folder>Annotation</folder>
    <filename>dataset8_432</filename>
    <path>opemv4_ver2-PascalVOC-export/Annotations/frame_432.jpg</path>
    <source>
        <database>Unknown</database>
    </source>
    <size>
        <width>320</width>
        <height>240</height>
        <depth>3</depth>
    </size>
    <segmented>0</segmented>
    <object>
    <name>hand</name>
    <pose>Unspecified</pose>
    <truncated>0</truncated>
    <difficult>0</difficult>
    <bndbox>
        <xmin>90.87612317111959</xmin>
        <ymin>151.4781996783088</ymin>
        <xmax>206.7129187871077</xmax>
        <ymax>239.4802455988405</ymax>
    </bndbox>
</object>
</annotation>