<annotation verified="yes">
    <folder>Annotation</folder>
    <filename>dataset8_816</filename>
    <path>opemv4_ver2-PascalVOC-export/Annotations/frame_816.jpg</path>
    <source>
        <database>Unknown</database>
    </source>
    <size>
        <width>320</width>
        <height>240</height>
        <depth>3</depth>
    </size>
    <segmented>0</segmented>
    <object>
    <name>hand</name>
    <pose>Unspecified</pose>
    <truncated>0</truncated>
    <difficult>0</difficult>
    <bndbox>
        <xmin>70.90228079940627</xmin>
        <ymin>61.18424497578478</ymin>
        <xmax>142.99210798346053</xmax>
        <ymax>184.16892211361707</ymax>
    </bndbox>
</object>
</annotation>