<annotation verified="yes">
    <folder>Annotation</folder>
    <filename>dataset8_724</filename>
    <path>opemv4_ver2-PascalVOC-export/Annotations/frame_724.jpg</path>
    <source>
        <database>Unknown</database>
    </source>
    <size>
        <width>320</width>
        <height>240</height>
        <depth>3</depth>
    </size>
    <segmented>0</segmented>
    <object>
    <name>hand</name>
    <pose>Unspecified</pose>
    <truncated>0</truncated>
    <difficult>0</difficult>
    <bndbox>
        <xmin>70.2151585029686</xmin>
        <ymin>12.901996595287754</ymin>
        <xmax>197.10288114927903</xmax>
        <ymax>122.26742567519796</ymax>
    </bndbox>
</object>
</annotation>