<annotation verified="yes">
    <folder>Annotation</folder>
    <filename>dataset2_322</filename>
    <path>openmv4_2-PascalVOC-export/Annotations/frame_322.jpg</path>
    <source>
        <database>Unknown</database>
    </source>
    <size>
        <width>320</width>
        <height>240</height>
        <depth>3</depth>
    </size>
    <segmented>0</segmented>
    <object>
    <name>hand</name>
    <pose>Unspecified</pose>
    <truncated>0</truncated>
    <difficult>0</difficult>
    <bndbox>
        <xmin>18.332297961726038</xmin>
        <ymin>100.12233544259048</ymin>
        <xmax>123.9250026505513</xmax>
        <ymax>224.0859805836397</ymax>
    </bndbox>
</object>
</annotation>