<annotation verified="yes">
    <folder>Annotation</folder>
    <filename>dataset8_584</filename>
    <path>opemv4_ver2-PascalVOC-export/Annotations/frame_584.jpg</path>
    <source>
        <database>Unknown</database>
    </source>
    <size>
        <width>320</width>
        <height>240</height>
        <depth>3</depth>
    </size>
    <segmented>0</segmented>
    <object>
    <name>hand</name>
    <pose>Unspecified</pose>
    <truncated>0</truncated>
    <difficult>0</difficult>
    <bndbox>
        <xmin>50.212723308948256</xmin>
        <ymin>0.907138461980345</ymin>
        <xmax>180.20362860474978</xmax>
        <ymax>114.86880479355202</ymax>
    </bndbox>
</object>
</annotation>