<annotation verified="yes">
    <folder>Annotation</folder>
    <filename>dataset3_540</filename>
    <path>opemv4_3-PascalVOC-export/Annotations/frame_540.jpg</path>
    <source>
        <database>Unknown</database>
    </source>
    <size>
        <width>320</width>
        <height>240</height>
        <depth>3</depth>
    </size>
    <segmented>0</segmented>
    <object>
    <name>apple</name>
    <pose>Unspecified</pose>
    <truncated>0</truncated>
    <difficult>0</difficult>
    <bndbox>
        <xmin>131.06844702582558</xmin>
        <ymin>51.71840004673392</ymin>
        <xmax>188.32689458086367</xmax>
        <ymax>114.80830276523703</ymax>
    </bndbox>
</object><object>
    <name>hand</name>
    <pose>Unspecified</pose>
    <truncated>0</truncated>
    <difficult>0</difficult>
    <bndbox>
        <xmin>106.85140042866215</xmin>
        <ymin>30.344630945347774</ymin>
        <xmax>212.53307578323455</xmax>
        <ymax>132.1095293101016</ymax>
    </bndbox>
</object>
</annotation>