<annotation verified="yes">
    <folder>Annotation</folder>
    <filename>dataset8_354</filename>
    <path>opemv4_ver2-PascalVOC-export/Annotations/frame_354.jpg</path>
    <source>
        <database>Unknown</database>
    </source>
    <size>
        <width>320</width>
        <height>240</height>
        <depth>3</depth>
    </size>
    <segmented>0</segmented>
    <object>
    <name>hand</name>
    <pose>Unspecified</pose>
    <truncated>0</truncated>
    <difficult>0</difficult>
    <bndbox>
        <xmin>80.9651651293469</xmin>
        <ymin>1.505454223080458</ymin>
        <xmax>228.2423862913486</xmax>
        <ymax>115.3860073175905</ymax>
    </bndbox>
</object>
</annotation>