<annotation verified="yes">
    <folder>Annotation</folder>
    <filename>dataset8_530</filename>
    <path>opemv4_ver2-PascalVOC-export/Annotations/frame_530.jpg</path>
    <source>
        <database>Unknown</database>
    </source>
    <size>
        <width>320</width>
        <height>240</height>
        <depth>3</depth>
    </size>
    <segmented>0</segmented>
    <object>
    <name>hand</name>
    <pose>Unspecified</pose>
    <truncated>0</truncated>
    <difficult>0</difficult>
    <bndbox>
        <xmin>13.680307066369805</xmin>
        <ymin>153.38123718537895</ymin>
        <xmax>167.8671344889737</xmax>
        <ymax>240</ymax>
    </bndbox>
</object>
</annotation>