<annotation verified="yes">
    <folder>Annotation</folder>
    <filename>dataset20_992</filename>
    <path>openmv4_20-PascalVOC-export/Annotations/frame_992.jpg</path>
    <source>
        <database>Unknown</database>
    </source>
    <size>
        <width>320</width>
        <height>240</height>
        <depth>3</depth>
    </size>
    <segmented>0</segmented>
    <object>
    <name>hand</name>
    <pose>Unspecified</pose>
    <truncated>0</truncated>
    <difficult>0</difficult>
    <bndbox>
        <xmin>0.15092479889923793</xmin>
        <ymin>31.547720674467413</ymin>
        <xmax>80.70438187976292</xmax>
        <ymax>174.59204818002257</ymax>
    </bndbox>
</object>
</annotation>