<annotation verified="yes">
    <folder>Annotation</folder>
    <filename>dataset2_42</filename>
    <path>openmv4_2-PascalVOC-export/Annotations/frame_42.jpg</path>
    <source>
        <database>Unknown</database>
    </source>
    <size>
        <width>320</width>
        <height>240</height>
        <depth>3</depth>
    </size>
    <segmented>0</segmented>
    <object>
    <name>hand</name>
    <pose>Unspecified</pose>
    <truncated>0</truncated>
    <difficult>0</difficult>
    <bndbox>
        <xmin>39.57230869645886</xmin>
        <ymin>42.23575367647059</ymin>
        <xmax>193.35559796437659</xmax>
        <ymax>238.2308531886312</ymax>
    </bndbox>
</object>
</annotation>