<annotation verified="yes">
    <folder>Annotation</folder>
    <filename>dataset8_630</filename>
    <path>opemv4_ver2-PascalVOC-export/Annotations/frame_630.jpg</path>
    <source>
        <database>Unknown</database>
    </source>
    <size>
        <width>320</width>
        <height>240</height>
        <depth>3</depth>
    </size>
    <segmented>0</segmented>
    <object>
    <name>hand</name>
    <pose>Unspecified</pose>
    <truncated>0</truncated>
    <difficult>0</difficult>
    <bndbox>
        <xmin>42.045977125742155</xmin>
        <ymin>20.507725504189054</ymin>
        <xmax>146.09832220101782</xmax>
        <ymax>93.96614730627827</ymax>
    </bndbox>
</object>
</annotation>