<annotation verified="yes">
    <folder>Annotation</folder>
    <filename>dataset2_144</filename>
    <path>openmv4_2-PascalVOC-export/Annotations/frame_144.jpg</path>
    <source>
        <database>Unknown</database>
    </source>
    <size>
        <width>320</width>
        <height>240</height>
        <depth>3</depth>
    </size>
    <segmented>0</segmented>
    <object>
    <name>hand</name>
    <pose>Unspecified</pose>
    <truncated>0</truncated>
    <difficult>0</difficult>
    <bndbox>
        <xmin>95.63851781170483</xmin>
        <ymin>86.625606485082</ymin>
        <xmax>226.81324215436808</xmax>
        <ymax>240</ymax>
    </bndbox>
</object>
</annotation>