<annotation verified="yes">
    <folder>Annotation</folder>
    <filename>dataset8_680</filename>
    <path>opemv4_ver2-PascalVOC-export/Annotations/frame_680.jpg</path>
    <source>
        <database>Unknown</database>
    </source>
    <size>
        <width>320</width>
        <height>240</height>
        <depth>3</depth>
    </size>
    <segmented>0</segmented>
    <object>
    <name>hand</name>
    <pose>Unspecified</pose>
    <truncated>0</truncated>
    <difficult>0</difficult>
    <bndbox>
        <xmin>83.04834936916878</xmin>
        <ymin>86.89406727234162</ymin>
        <xmax>233.4095698155216</xmax>
        <ymax>205.1458491674915</ymax>
    </bndbox>
</object>
</annotation>