<annotation verified="yes">
    <folder>Annotation</folder>
    <filename>dataset2_194</filename>
    <path>openmv4_2-PascalVOC-export/Annotations/frame_194.jpg</path>
    <source>
        <database>Unknown</database>
    </source>
    <size>
        <width>320</width>
        <height>240</height>
        <depth>3</depth>
    </size>
    <segmented>0</segmented>
    <object>
    <name>hand</name>
    <pose>Unspecified</pose>
    <truncated>0</truncated>
    <difficult>0</difficult>
    <bndbox>
        <xmin>11.388690097540287</xmin>
        <ymin>21.394523517039026</ymin>
        <xmax>134.89649597116198</xmax>
        <ymax>229.74170253287613</ymax>
    </bndbox>
</object>
</annotation>