<annotation verified="yes">
    <folder>Annotation</folder>
    <filename>dataset3_140</filename>
    <path>opemv4_3-PascalVOC-export/Annotations/frame_140.jpg</path>
    <source>
        <database>Unknown</database>
    </source>
    <size>
        <width>320</width>
        <height>240</height>
        <depth>3</depth>
    </size>
    <segmented>0</segmented>
    <object>
    <name>apple</name>
    <pose>Unspecified</pose>
    <truncated>0</truncated>
    <difficult>0</difficult>
    <bndbox>
        <xmin>12.77737351820491</xmin>
        <ymin>111.24975751269753</ymin>
        <xmax>74.55149237933955</xmax>
        <ymax>182.23038167501414</ymax>
    </bndbox>
</object><object>
    <name>hand</name>
    <pose>Unspecified</pose>
    <truncated>0</truncated>
    <difficult>0</difficult>
    <bndbox>
        <xmin>1.7984957133784927</xmin>
        <ymin>93.09401122495768</ymin>
        <xmax>122.87431863886536</xmax>
        <ymax>209.42282510933973</ymax>
    </bndbox>
</object>
</annotation>