<annotation verified="yes">
    <folder>Annotation</folder>
    <filename>dataset3_70</filename>
    <path>opemv4_3-PascalVOC-export/Annotations/frame_70.jpg</path>
    <source>
        <database>Unknown</database>
    </source>
    <size>
        <width>320</width>
        <height>240</height>
        <depth>3</depth>
    </size>
    <segmented>0</segmented>
    <object>
    <name>apple</name>
    <pose>Unspecified</pose>
    <truncated>0</truncated>
    <difficult>0</difficult>
    <bndbox>
        <xmin>104.98071681837426</xmin>
        <ymin>139.12140237020319</ymin>
        <xmax>159.70466633149874</xmax>
        <ymax>193.84502195612305</ymax>
    </bndbox>
</object><object>
    <name>hand</name>
    <pose>Unspecified</pose>
    <truncated>0</truncated>
    <difficult>0</difficult>
    <bndbox>
        <xmin>48.56679323666384</xmin>
        <ymin>81.1250391286329</ymin>
        <xmax>157.69733012277732</xmax>
        <ymax>216.21123509805307</ymax>
    </bndbox>
</object>
</annotation>