<annotation verified="yes">
    <folder>Annotation</folder>
    <filename>dataset8_642</filename>
    <path>opemv4_ver2-PascalVOC-export/Annotations/frame_642.jpg</path>
    <source>
        <database>Unknown</database>
    </source>
    <size>
        <width>320</width>
        <height>240</height>
        <depth>3</depth>
    </size>
    <segmented>0</segmented>
    <object>
    <name>hand</name>
    <pose>Unspecified</pose>
    <truncated>0</truncated>
    <difficult>0</difficult>
    <bndbox>
        <xmin>61.79044741306191</xmin>
        <ymin>99.84607817360718</ymin>
        <xmax>187.96298505089055</xmax>
        <ymax>187.97945462740384</ymax>
    </bndbox>
</object>
</annotation>