<annotation verified="yes">
    <folder>Annotation</folder>
    <filename>dataset3_60</filename>
    <path>opemv4_3-PascalVOC-export/Annotations/frame_60.jpg</path>
    <source>
        <database>Unknown</database>
    </source>
    <size>
        <width>320</width>
        <height>240</height>
        <depth>3</depth>
    </size>
    <segmented>0</segmented>
    <object>
    <name>apple</name>
    <pose>Unspecified</pose>
    <truncated>0</truncated>
    <difficult>0</difficult>
    <bndbox>
        <xmin>59.13721819432684</xmin>
        <ymin>170.18961404839166</ymin>
        <xmax>110.7674573983912</xmax>
        <ymax>223.57200880890238</ymax>
    </bndbox>
</object><object>
    <name>hand</name>
    <pose>Unspecified</pose>
    <truncated>0</truncated>
    <difficult>0</difficult>
    <bndbox>
        <xmin>2.1997215019051652</xmin>
        <ymin>80.77243503544724</ymin>
        <xmax>100.81799719517358</xmax>
        <ymax>223.3666496190745</ymax>
    </bndbox>
</object>
</annotation>