<annotation verified="yes">
    <folder>Annotation</folder>
    <filename>dataset2_96</filename>
    <path>openmv4_2-PascalVOC-export/Annotations/frame_96.jpg</path>
    <source>
        <database>Unknown</database>
    </source>
    <size>
        <width>320</width>
        <height>240</height>
        <depth>3</depth>
    </size>
    <segmented>0</segmented>
    <object>
    <name>hand</name>
    <pose>Unspecified</pose>
    <truncated>0</truncated>
    <difficult>0</difficult>
    <bndbox>
        <xmin>126.57114742366412</xmin>
        <ymin>0.6128523468431843</ymin>
        <xmax>320</xmax>
        <ymax>240</ymax>
    </bndbox>
</object>
</annotation>