<annotation verified="yes">
    <folder>Annotation</folder>
    <filename>dataset8_652</filename>
    <path>opemv4_ver2-PascalVOC-export/Annotations/frame_652.jpg</path>
    <source>
        <database>Unknown</database>
    </source>
    <size>
        <width>320</width>
        <height>240</height>
        <depth>3</depth>
    </size>
    <segmented>0</segmented>
    <object>
    <name>hand</name>
    <pose>Unspecified</pose>
    <truncated>0</truncated>
    <difficult>0</difficult>
    <bndbox>
        <xmin>26.35264259966073</xmin>
        <ymin>70.76531733862414</ymin>
        <xmax>145.48347712574216</xmax>
        <ymax>182.55393187924207</ymax>
    </bndbox>
</object>
</annotation>