<annotation verified="yes">
    <folder>Annotation</folder>
    <filename>dataset3_440</filename>
    <path>opemv4_3-PascalVOC-export/Annotations/frame_440.jpg</path>
    <source>
        <database>Unknown</database>
    </source>
    <size>
        <width>320</width>
        <height>240</height>
        <depth>3</depth>
    </size>
    <segmented>0</segmented>
    <object>
    <name>apple</name>
    <pose>Unspecified</pose>
    <truncated>0</truncated>
    <difficult>0</difficult>
    <bndbox>
        <xmin>131.84820861558</xmin>
        <ymin>44.75209255519893</ymin>
        <xmax>173.85250185224385</xmax>
        <ymax>100.40234154556998</ymax>
    </bndbox>
</object><object>
    <name>hand</name>
    <pose>Unspecified</pose>
    <truncated>0</truncated>
    <difficult>0</difficult>
    <bndbox>
        <xmin>73.1535278630398</xmin>
        <ymin>6.495594171046135</ymin>
        <xmax>175.930024872989</xmax>
        <ymax>112.31649773384595</ymax>
    </bndbox>
</object>
</annotation>