<annotation verified="yes">
    <folder>Annotation</folder>
    <filename>dataset2_168</filename>
    <path>openmv4_2-PascalVOC-export/Annotations/frame_168.jpg</path>
    <source>
        <database>Unknown</database>
    </source>
    <size>
        <width>320</width>
        <height>240</height>
        <depth>3</depth>
    </size>
    <segmented>0</segmented>
    <object>
    <name>hand</name>
    <pose>Unspecified</pose>
    <truncated>0</truncated>
    <difficult>0</difficult>
    <bndbox>
        <xmin>21.109785835453774</xmin>
        <ymin>21.909091310803166</ymin>
        <xmax>181.49534165606445</xmax>
        <ymax>206.63221816671378</ymax>
    </bndbox>
</object>
</annotation>