<annotation verified="yes">
    <folder>Annotation</folder>
    <filename>dataset8_440</filename>
    <path>opemv4_ver2-PascalVOC-export/Annotations/frame_440.jpg</path>
    <source>
        <database>Unknown</database>
    </source>
    <size>
        <width>320</width>
        <height>240</height>
        <depth>3</depth>
    </size>
    <segmented>0</segmented>
    <object>
    <name>hand</name>
    <pose>Unspecified</pose>
    <truncated>0</truncated>
    <difficult>0</difficult>
    <bndbox>
        <xmin>94.2435492207379</xmin>
        <ymin>69.20445506928732</ymin>
        <xmax>205.97016804495334</xmax>
        <ymax>195.6554347249717</ymax>
    </bndbox>
</object>
</annotation>