<annotation verified="yes">
    <folder>Annotation</folder>
    <filename>dataset2_186</filename>
    <path>openmv4_2-PascalVOC-export/Annotations/frame_186.jpg</path>
    <source>
        <database>Unknown</database>
    </source>
    <size>
        <width>320</width>
        <height>240</height>
        <depth>3</depth>
    </size>
    <segmented>0</segmented>
    <object>
    <name>hand</name>
    <pose>Unspecified</pose>
    <truncated>0</truncated>
    <difficult>0</difficult>
    <bndbox>
        <xmin>3.962118651929601</xmin>
        <ymin>4.035168125618637</ymin>
        <xmax>146.49935061492792</xmax>
        <ymax>211.26380885888008</ymax>
    </bndbox>
</object>
</annotation>