<annotation verified="yes">
    <folder>Annotation</folder>
    <filename>dataset3_340</filename>
    <path>opemv4_3-PascalVOC-export/Annotations/frame_340.jpg</path>
    <source>
        <database>Unknown</database>
    </source>
    <size>
        <width>320</width>
        <height>240</height>
        <depth>3</depth>
    </size>
    <segmented>0</segmented>
    <object>
    <name>apple</name>
    <pose>Unspecified</pose>
    <truncated>0</truncated>
    <difficult>0</difficult>
    <bndbox>
        <xmin>134.2254313082134</xmin>
        <ymin>158.6309056680305</ymin>
        <xmax>209.84983594411517</xmax>
        <ymax>234.81675124329854</ymax>
    </bndbox>
</object><object>
    <name>hand</name>
    <pose>Unspecified</pose>
    <truncated>0</truncated>
    <difficult>0</difficult>
    <bndbox>
        <xmin>57.58245792760373</xmin>
        <ymin>10.931400617681293</ymin>
        <xmax>225.14880794877223</xmax>
        <ymax>238.28062724851864</ymax>
    </bndbox>
</object>
</annotation>