<annotation verified="yes">
    <folder>Annotation</folder>
    <filename>dataset2_354</filename>
    <path>openmv4_2-PascalVOC-export/Annotations/frame_354.jpg</path>
    <source>
        <database>Unknown</database>
    </source>
    <size>
        <width>320</width>
        <height>240</height>
        <depth>3</depth>
    </size>
    <segmented>0</segmented>
    <object>
    <name>hand</name>
    <pose>Unspecified</pose>
    <truncated>0</truncated>
    <difficult>0</difficult>
    <bndbox>
        <xmin>55.99367512192536</xmin>
        <ymin>129.2770178609304</ymin>
        <xmax>158.78392705682782</xmax>
        <ymax>239.99999999999997</ymax>
    </bndbox>
</object>
</annotation>