<annotation verified="yes">
    <folder>Annotation</folder>
    <filename>dataset2_280</filename>
    <path>openmv4_2-PascalVOC-export/Annotations/frame_280.jpg</path>
    <source>
        <database>Unknown</database>
    </source>
    <size>
        <width>320</width>
        <height>240</height>
        <depth>3</depth>
    </size>
    <segmented>0</segmented>
    <object>
    <name>hand</name>
    <pose>Unspecified</pose>
    <truncated>0</truncated>
    <difficult>0</difficult>
    <bndbox>
        <xmin>6.375470472858354</xmin>
        <ymin>57.333420973557686</ymin>
        <xmax>164.75291891963528</xmax>
        <ymax>228.29453964578616</ymax>
    </bndbox>
</object>
</annotation>