<annotation verified="yes">
    <folder>Annotation</folder>
    <filename>dataset8_396</filename>
    <path>opemv4_ver2-PascalVOC-export/Annotations/frame_396.jpg</path>
    <source>
        <database>Unknown</database>
    </source>
    <size>
        <width>320</width>
        <height>240</height>
        <depth>3</depth>
    </size>
    <segmented>0</segmented>
    <object>
    <name>hand</name>
    <pose>Unspecified</pose>
    <truncated>0</truncated>
    <difficult>0</difficult>
    <bndbox>
        <xmin>21.791350257103478</xmin>
        <ymin>0.8099309998939479</ymin>
        <xmax>155.64946790182358</xmax>
        <ymax>66.06673987203054</ymax>
    </bndbox>
</object>
</annotation>