<annotation verified="yes">
    <folder>Annotation</folder>
    <filename>dataset3_550</filename>
    <path>opemv4_3-PascalVOC-export/Annotations/frame_550.jpg</path>
    <source>
        <database>Unknown</database>
    </source>
    <size>
        <width>320</width>
        <height>240</height>
        <depth>3</depth>
    </size>
    <segmented>0</segmented>
    <object>
    <name>apple</name>
    <pose>Unspecified</pose>
    <truncated>0</truncated>
    <difficult>0</difficult>
    <bndbox>
        <xmin>172.39058530906013</xmin>
        <ymin>117.5260343185666</ymin>
        <xmax>225.11120078323455</xmax>
        <ymax>180.03733202243228</ymax>
    </bndbox>
</object><object>
    <name>hand</name>
    <pose>Unspecified</pose>
    <truncated>0</truncated>
    <difficult>0</difficult>
    <bndbox>
        <xmin>132.00245753069433</xmin>
        <ymin>74.81966384646586</ymin>
        <xmax>241.45212611134633</xmax>
        <ymax>194.16776704465295</ymax>
    </bndbox>
</object>
</annotation>