<annotation verified="yes">
    <folder>Annotation</folder>
    <filename>dataset8_482</filename>
    <path>opemv4_ver2-PascalVOC-export/Annotations/frame_482.jpg</path>
    <source>
        <database>Unknown</database>
    </source>
    <size>
        <width>320</width>
        <height>240</height>
        <depth>3</depth>
    </size>
    <segmented>0</segmented>
    <object>
    <name>hand</name>
    <pose>Unspecified</pose>
    <truncated>0</truncated>
    <difficult>0</difficult>
    <bndbox>
        <xmin>102.37767705682782</xmin>
        <ymin>1.0609097718113687</ymin>
        <xmax>205.40947704622562</xmax>
        <ymax>68.81754741409785</ymax>
    </bndbox>
</object>
</annotation>