<annotation verified="yes">
    <folder>Annotation</folder>
    <filename>dataset8_696</filename>
    <path>opemv4_ver2-PascalVOC-export/Annotations/frame_696.jpg</path>
    <source>
        <database>Unknown</database>
    </source>
    <size>
        <width>320</width>
        <height>240</height>
        <depth>3</depth>
    </size>
    <segmented>0</segmented>
    <object>
    <name>hand</name>
    <pose>Unspecified</pose>
    <truncated>0</truncated>
    <difficult>0</difficult>
    <bndbox>
        <xmin>37.72615000795165</xmin>
        <ymin>11.801135032964506</ymin>
        <xmax>175.10636993744697</xmax>
        <ymax>161.0972850678733</ymax>
    </bndbox>
</object>
</annotation>