<annotation verified="yes">
    <folder>Annotation</folder>
    <filename>dataset8_650</filename>
    <path>opemv4_ver2-PascalVOC-export/Annotations/frame_650.jpg</path>
    <source>
        <database>Unknown</database>
    </source>
    <size>
        <width>320</width>
        <height>240</height>
        <depth>3</depth>
    </size>
    <segmented>0</segmented>
    <object>
    <name>hand</name>
    <pose>Unspecified</pose>
    <truncated>0</truncated>
    <difficult>0</difficult>
    <bndbox>
        <xmin>30.906778453668363</xmin>
        <ymin>88.85974176329185</ymin>
        <xmax>150.54874695186598</xmax>
        <ymax>186.80212788991798</ymax>
    </bndbox>
</object>
</annotation>