<annotation verified="yes">
    <folder>Annotation</folder>
    <filename>dataset2_190</filename>
    <path>openmv4_2-PascalVOC-export/Annotations/frame_190.jpg</path>
    <source>
        <database>Unknown</database>
    </source>
    <size>
        <width>320</width>
        <height>240</height>
        <depth>3</depth>
    </size>
    <segmented>0</segmented>
    <object>
    <name>hand</name>
    <pose>Unspecified</pose>
    <truncated>0</truncated>
    <difficult>0</difficult>
    <bndbox>
        <xmin>7.191691184266327</xmin>
        <ymin>4.546214660368354</ymin>
        <xmax>138.57715092239184</xmax>
        <ymax>217.1493323140554</ymax>
    </bndbox>
</object>
</annotation>