<annotation verified="yes">
    <folder>Annotation</folder>
    <filename>dataset8_778</filename>
    <path>opemv4_ver2-PascalVOC-export/Annotations/frame_778.jpg</path>
    <source>
        <database>Unknown</database>
    </source>
    <size>
        <width>320</width>
        <height>240</height>
        <depth>3</depth>
    </size>
    <segmented>0</segmented>
    <object>
    <name>hand</name>
    <pose>Unspecified</pose>
    <truncated>0</truncated>
    <difficult>0</difficult>
    <bndbox>
        <xmin>119.34324308206106</xmin>
        <ymin>54.049768232112555</ymin>
        <xmax>195.72452820186598</xmax>
        <ymax>175.29993946196265</ymax>
    </bndbox>
</object>
</annotation>