<annotation verified="yes">
    <folder>Annotation</folder>
    <filename>dataset2_296</filename>
    <path>openmv4_2-PascalVOC-export/Annotations/frame_296.jpg</path>
    <source>
        <database>Unknown</database>
    </source>
    <size>
        <width>320</width>
        <height>240</height>
        <depth>3</depth>
    </size>
    <segmented>0</segmented>
    <object>
    <name>hand</name>
    <pose>Unspecified</pose>
    <truncated>0</truncated>
    <difficult>0</difficult>
    <bndbox>
        <xmin>12.012397953774384</xmin>
        <ymin>63.42229920814479</ymin>
        <xmax>151.17280269296012</xmax>
        <ymax>225.37399913390834</ymax>
    </bndbox>
</object>
</annotation>