<annotation verified="yes">
    <folder>Annotation</folder>
    <filename>dataset8_456</filename>
    <path>opemv4_ver2-PascalVOC-export/Annotations/frame_456.jpg</path>
    <source>
        <database>Unknown</database>
    </source>
    <size>
        <width>320</width>
        <height>240</height>
        <depth>3</depth>
    </size>
    <segmented>0</segmented>
    <object>
    <name>hand</name>
    <pose>Unspecified</pose>
    <truncated>0</truncated>
    <difficult>0</difficult>
    <bndbox>
        <xmin>56.24978464270568</xmin>
        <ymin>14.581682714401865</ymin>
        <xmax>201.75628843299404</xmax>
        <ymax>124.56769434035633</ymax>
    </bndbox>
</object>
</annotation>