<annotation verified="yes">
    <folder>Annotation</folder>
    <filename>dataset2_18</filename>
    <path>openmv4_2-PascalVOC-export/Annotations/frame_18.jpg</path>
    <source>
        <database>Unknown</database>
    </source>
    <size>
        <width>320</width>
        <height>240</height>
        <depth>3</depth>
    </size>
    <segmented>0</segmented>
    <object>
    <name>hand</name>
    <pose>Unspecified</pose>
    <truncated>0</truncated>
    <difficult>0</difficult>
    <bndbox>
        <xmin>96.28747216921118</xmin>
        <ymin>0.19960981688348414</ymin>
        <xmax>252.18229829304494</xmax>
        <ymax>152.04716885251696</ymax>
    </bndbox>
</object>
</annotation>