<annotation verified="yes">
    <folder>Annotation</folder>
    <filename>dataset8_522</filename>
    <path>opemv4_ver2-PascalVOC-export/Annotations/frame_522.jpg</path>
    <source>
        <database>Unknown</database>
    </source>
    <size>
        <width>320</width>
        <height>240</height>
        <depth>3</depth>
    </size>
    <segmented>0</segmented>
    <object>
    <name>hand</name>
    <pose>Unspecified</pose>
    <truncated>0</truncated>
    <difficult>0</difficult>
    <bndbox>
        <xmin>1.966559981976251</xmin>
        <ymin>167.30679749363688</ymin>
        <xmax>153.38755367366412</xmax>
        <ymax>240</ymax>
    </bndbox>
</object>
</annotation>