<annotation verified="yes">
    <folder>Annotation</folder>
    <filename>dataset8_800</filename>
    <path>opemv4_ver2-PascalVOC-export/Annotations/frame_800.jpg</path>
    <source>
        <database>Unknown</database>
    </source>
    <size>
        <width>320</width>
        <height>240</height>
        <depth>3</depth>
    </size>
    <segmented>0</segmented>
    <object>
    <name>hand</name>
    <pose>Unspecified</pose>
    <truncated>0</truncated>
    <difficult>0</difficult>
    <bndbox>
        <xmin>99.26327926208651</xmin>
        <ymin>15.367205175339365</ymin>
        <xmax>159.22557516963528</xmax>
        <ymax>116.6851116197681</ymax>
    </bndbox>
</object>
</annotation>