<annotation verified="yes">
    <folder>Annotation</folder>
    <filename>dataset8_814</filename>
    <path>opemv4_ver2-PascalVOC-export/Annotations/frame_814.jpg</path>
    <source>
        <database>Unknown</database>
    </source>
    <size>
        <width>320</width>
        <height>240</height>
        <depth>3</depth>
    </size>
    <segmented>0</segmented>
    <object>
    <name>hand</name>
    <pose>Unspecified</pose>
    <truncated>0</truncated>
    <difficult>0</difficult>
    <bndbox>
        <xmin>72.77416640161152</xmin>
        <ymin>65.63176910262301</ymin>
        <xmax>141.36243307357927</xmax>
        <ymax>184.64537745687215</ymax>
    </bndbox>
</object>
</annotation>