<annotation verified="yes">
    <folder>Annotation</folder>
    <filename>dataset2_394</filename>
    <path>openmv4_2-PascalVOC-export/Annotations/frame_394.jpg</path>
    <source>
        <database>Unknown</database>
    </source>
    <size>
        <width>320</width>
        <height>240</height>
        <depth>3</depth>
    </size>
    <segmented>0</segmented>
    <object>
    <name>hand</name>
    <pose>Unspecified</pose>
    <truncated>0</truncated>
    <difficult>0</difficult>
    <bndbox>
        <xmin>75.34959115245971</xmin>
        <ymin>23.27766383934884</ymin>
        <xmax>203.2779699427481</xmax>
        <ymax>148.63467945772058</ymax>
    </bndbox>
</object>
</annotation>