<annotation verified="yes">
    <folder>Annotation</folder>
    <filename>dataset8_902</filename>
    <path>opemv4_ver2-PascalVOC-export/Annotations/frame_902.jpg</path>
    <source>
        <database>Unknown</database>
    </source>
    <size>
        <width>320</width>
        <height>240</height>
        <depth>3</depth>
    </size>
    <segmented>0</segmented>
    <object>
    <name>hand</name>
    <pose>Unspecified</pose>
    <truncated>0</truncated>
    <difficult>0</difficult>
    <bndbox>
        <xmin>171.61995069974554</xmin>
        <ymin>76.18830478029552</ymin>
        <xmax>244.1628233672604</xmax>
        <ymax>148.33620925834276</ymax>
    </bndbox>
</object>
</annotation>