<annotation verified="yes">
    <folder>Annotation</folder>
    <filename>dataset8_426</filename>
    <path>opemv4_ver2-PascalVOC-export/Annotations/frame_426.jpg</path>
    <source>
        <database>Unknown</database>
    </source>
    <size>
        <width>320</width>
        <height>240</height>
        <depth>3</depth>
    </size>
    <segmented>0</segmented>
    <object>
    <name>hand</name>
    <pose>Unspecified</pose>
    <truncated>0</truncated>
    <difficult>0</difficult>
    <bndbox>
        <xmin>29.087440031276504</xmin>
        <ymin>153.14160929546097</ymin>
        <xmax>175.62200156382528</xmax>
        <ymax>240</ymax>
    </bndbox>
</object>
</annotation>