<annotation verified="yes">
    <folder>Annotation</folder>
    <filename>dataset8_640</filename>
    <path>opemv4_ver2-PascalVOC-export/Annotations/frame_640.jpg</path>
    <source>
        <database>Unknown</database>
    </source>
    <size>
        <width>320</width>
        <height>240</height>
        <depth>3</depth>
    </size>
    <segmented>0</segmented>
    <object>
    <name>hand</name>
    <pose>Unspecified</pose>
    <truncated>0</truncated>
    <difficult>0</difficult>
    <bndbox>
        <xmin>64.74803196564885</xmin>
        <ymin>95.13687064744768</ymin>
        <xmax>189.09818304707377</xmax>
        <ymax>177.26657504949094</ymax>
    </bndbox>
</object>
</annotation>