<annotation verified="yes">
    <folder>Annotation</folder>
    <filename>dataset2_344</filename>
    <path>openmv4_2-PascalVOC-export/Annotations/frame_344.jpg</path>
    <source>
        <database>Unknown</database>
    </source>
    <size>
        <width>320</width>
        <height>240</height>
        <depth>3</depth>
    </size>
    <segmented>0</segmented>
    <object>
    <name>hand</name>
    <pose>Unspecified</pose>
    <truncated>0</truncated>
    <difficult>0</difficult>
    <bndbox>
        <xmin>77.53213793469041</xmin>
        <ymin>130.5390536623303</ymin>
        <xmax>184.45504664970312</xmax>
        <ymax>239.87525629242077</ymax>
    </bndbox>
</object>
</annotation>