<annotation verified="yes">
    <folder>Annotation</folder>
    <filename>dataset2_350</filename>
    <path>openmv4_2-PascalVOC-export/Annotations/frame_350.jpg</path>
    <source>
        <database>Unknown</database>
    </source>
    <size>
        <width>320</width>
        <height>240</height>
        <depth>3</depth>
    </size>
    <segmented>0</segmented>
    <object>
    <name>hand</name>
    <pose>Unspecified</pose>
    <truncated>0</truncated>
    <difficult>0</difficult>
    <bndbox>
        <xmin>77.22520409245122</xmin>
        <ymin>138.25675860789025</ymin>
        <xmax>188.63400524809157</xmax>
        <ymax>239.99999999999997</ymax>
    </bndbox>
</object>
</annotation>