<annotation verified="yes">
    <folder>Annotation</folder>
    <filename>dataset2_294</filename>
    <path>openmv4_2-PascalVOC-export/Annotations/frame_294.jpg</path>
    <source>
        <database>Unknown</database>
    </source>
    <size>
        <width>320</width>
        <height>240</height>
        <depth>3</depth>
    </size>
    <segmented>0</segmented>
    <object>
    <name>hand</name>
    <pose>Unspecified</pose>
    <truncated>0</truncated>
    <difficult>0</difficult>
    <bndbox>
        <xmin>11.740608765373198</xmin>
        <ymin>61.29265832685237</ymin>
        <xmax>145.37134223918574</xmax>
        <ymax>213.51108464720022</ymax>
    </bndbox>
</object>
</annotation>