<annotation verified="yes">
    <folder>Annotation</folder>
    <filename>dataset8_684</filename>
    <path>opemv4_ver2-PascalVOC-export/Annotations/frame_684.jpg</path>
    <source>
        <database>Unknown</database>
    </source>
    <size>
        <width>320</width>
        <height>240</height>
        <depth>3</depth>
    </size>
    <segmented>0</segmented>
    <object>
    <name>hand</name>
    <pose>Unspecified</pose>
    <truncated>0</truncated>
    <difficult>0</difficult>
    <bndbox>
        <xmin>73.88259382951654</xmin>
        <ymin>86.45209541148189</ymin>
        <xmax>239.53834022476673</xmax>
        <ymax>189.78406258837668</ymax>
    </bndbox>
</object>
</annotation>