<annotation verified="yes">
    <folder>Annotation</folder>
    <filename>dataset8_496</filename>
    <path>opemv4_ver2-PascalVOC-export/Annotations/frame_496.jpg</path>
    <source>
        <database>Unknown</database>
    </source>
    <size>
        <width>320</width>
        <height>240</height>
        <depth>3</depth>
    </size>
    <segmented>0</segmented>
    <object>
    <name>hand</name>
    <pose>Unspecified</pose>
    <truncated>0</truncated>
    <difficult>0</difficult>
    <bndbox>
        <xmin>91.14816913167938</xmin>
        <ymin>8.714415951551894</ymin>
        <xmax>169.34153678965225</xmax>
        <ymax>68.96000512584841</ymax>
    </bndbox>
</object>
</annotation>