<annotation verified="yes">
    <folder>Annotation</folder>
    <filename>dataset8_624</filename>
    <path>opemv4_ver2-PascalVOC-export/Annotations/frame_624.jpg</path>
    <source>
        <database>Unknown</database>
    </source>
    <size>
        <width>320</width>
        <height>240</height>
        <depth>3</depth>
    </size>
    <segmented>0</segmented>
    <object>
    <name>hand</name>
    <pose>Unspecified</pose>
    <truncated>0</truncated>
    <difficult>0</difficult>
    <bndbox>
        <xmin>28.64579191846904</xmin>
        <ymin>0.5528915198140554</ymin>
        <xmax>129.17538035411366</xmax>
        <ymax>97.48315595393805</ymax>
    </bndbox>
</object>
</annotation>