<annotation verified="yes">
    <folder>Annotation</folder>
    <filename>dataset2_82</filename>
    <path>openmv4_2-PascalVOC-export/Annotations/frame_82.jpg</path>
    <source>
        <database>Unknown</database>
    </source>
    <size>
        <width>320</width>
        <height>240</height>
        <depth>3</depth>
    </size>
    <segmented>0</segmented>
    <object>
    <name>hand</name>
    <pose>Unspecified</pose>
    <truncated>0</truncated>
    <difficult>0</difficult>
    <bndbox>
        <xmin>1.419502756573367</xmin>
        <ymin>0.2514966041254242</ymin>
        <xmax>141.85485581000847</xmax>
        <ymax>181.52023936828337</ymax>
    </bndbox>
</object>
</annotation>