<annotation verified="yes">
    <folder>Annotation</folder>
    <filename>apple1188</filename>
    <path>apple_dataset-PascalVOC-export/Annotations/frame_1188.jpg</path>
    <source>
        <database>Unknown</database>
    </source>
    <size>
        <width>320</width>
        <height>240</height>
        <depth>3</depth>
    </size>
    <segmented>0</segmented>
    <object>
    <name>apple</name>
    <pose>Unspecified</pose>
    <truncated>0</truncated>
    <difficult>0</difficult>
    <bndbox>
        <xmin>150.9262046200254</xmin>
        <ymin>100.66121878527089</ymin>
        <xmax>242.7907692104149</xmax>
        <ymax>175.87702697340578</ymax>
    </bndbox>
</object>
</annotation>