<annotation verified="yes">
    <folder>Annotation</folder>
    <filename>apple828</filename>
    <path>apple_dataset-PascalVOC-export/Annotations/frame_828.jpg</path>
    <source>
        <database>Unknown</database>
    </source>
    <size>
        <width>320</width>
        <height>240</height>
        <depth>3</depth>
    </size>
    <segmented>0</segmented>
    <object>
    <name>apple</name>
    <pose>Unspecified</pose>
    <truncated>0</truncated>
    <difficult>0</difficult>
    <bndbox>
        <xmin>69.9197746877646</xmin>
        <ymin>53.75617791513827</ymin>
        <xmax>157.84225166701947</xmax>
        <ymax>145.36391833027653</ymax>
    </bndbox>
</object>
</annotation>