<annotation verified="yes">
    <folder>Annotation</folder>
    <filename>dataset8_450</filename>
    <path>opemv4_ver2-PascalVOC-export/Annotations/frame_450.jpg</path>
    <source>
        <database>Unknown</database>
    </source>
    <size>
        <width>320</width>
        <height>240</height>
        <depth>3</depth>
    </size>
    <segmented>0</segmented>
    <object>
    <name>hand</name>
    <pose>Unspecified</pose>
    <truncated>0</truncated>
    <difficult>0</difficult>
    <bndbox>
        <xmin>57.639684054283286</xmin>
        <ymin>9.578044080086961</ymin>
        <xmax>192.62507289016114</xmax>
        <ymax>134.66184314020077</ymax>
    </bndbox>
</object>
</annotation>