<annotation verified="yes">
    <folder>Annotation</folder>
    <filename>dataset8_914</filename>
    <path>opemv4_ver2-PascalVOC-export/Annotations/frame_914.jpg</path>
    <source>
        <database>Unknown</database>
    </source>
    <size>
        <width>320</width>
        <height>240</height>
        <depth>3</depth>
    </size>
    <segmented>0</segmented>
    <object>
    <name>hand</name>
    <pose>Unspecified</pose>
    <truncated>0</truncated>
    <difficult>0</difficult>
    <bndbox>
        <xmin>115.51934239821882</xmin>
        <ymin>14.398825805111708</ymin>
        <xmax>221.24850906488547</xmax>
        <ymax>141.7030852304864</ymax>
    </bndbox>
</object>
</annotation>