<annotation verified="yes">
    <folder>Annotation</folder>
    <filename>dataset2_368</filename>
    <path>openmv4_2-PascalVOC-export/Annotations/frame_368.jpg</path>
    <source>
        <database>Unknown</database>
    </source>
    <size>
        <width>320</width>
        <height>240</height>
        <depth>3</depth>
    </size>
    <segmented>0</segmented>
    <object>
    <name>hand</name>
    <pose>Unspecified</pose>
    <truncated>0</truncated>
    <difficult>0</difficult>
    <bndbox>
        <xmin>0.2988165288379983</xmin>
        <ymin>51.050583507140836</ymin>
        <xmax>64.5223375212044</xmax>
        <ymax>177.90222444145925</ymax>
    </bndbox>
</object>
</annotation>