<annotation verified="yes">
    <folder>Annotation</folder>
    <filename>dataset2_180</filename>
    <path>openmv4_2-PascalVOC-export/Annotations/frame_180.jpg</path>
    <source>
        <database>Unknown</database>
    </source>
    <size>
        <width>320</width>
        <height>240</height>
        <depth>3</depth>
    </size>
    <segmented>0</segmented>
    <object>
    <name>hand</name>
    <pose>Unspecified</pose>
    <truncated>0</truncated>
    <difficult>0</difficult>
    <bndbox>
        <xmin>28.77711845313825</xmin>
        <ymin>2.702011177442732</ymin>
        <xmax>178.8780878922816</xmax>
        <ymax>204.86196112309105</ymax>
    </bndbox>
</object>
</annotation>