<annotation verified="yes">
    <folder>Annotation</folder>
    <filename>dataset8_646</filename>
    <path>opemv4_ver2-PascalVOC-export/Annotations/frame_646.jpg</path>
    <source>
        <database>Unknown</database>
    </source>
    <size>
        <width>320</width>
        <height>240</height>
        <depth>3</depth>
    </size>
    <segmented>0</segmented>
    <object>
    <name>hand</name>
    <pose>Unspecified</pose>
    <truncated>0</truncated>
    <difficult>0</difficult>
    <bndbox>
        <xmin>51.39523364609838</xmin>
        <ymin>113.68952272164874</ymin>
        <xmax>176.0798843034351</xmax>
        <ymax>198.54657893806558</ymax>
    </bndbox>
</object>
</annotation>