<annotation verified="yes">
    <folder>Annotation</folder>
    <filename>dataset8_928</filename>
    <path>opemv4_ver2-PascalVOC-export/Annotations/frame_928.jpg</path>
    <source>
        <database>Unknown</database>
    </source>
    <size>
        <width>320</width>
        <height>240</height>
        <depth>3</depth>
    </size>
    <segmented>0</segmented>
    <object>
    <name>apple</name>
    <pose>Unspecified</pose>
    <truncated>0</truncated>
    <difficult>0</difficult>
    <bndbox>
        <xmin>146.205967716285</xmin>
        <ymin>36.182502297794116</ymin>
        <xmax>233.79227629346906</xmax>
        <ymax>129.75897465356334</ymax>
    </bndbox>
</object><object>
    <name>hand</name>
    <pose>Unspecified</pose>
    <truncated>0</truncated>
    <difficult>0</difficult>
    <bndbox>
        <xmin>115.78297285835453</xmin>
        <ymin>44.85880994149462</ymin>
        <xmax>283.2257209499576</xmax>
        <ymax>213.69195308081163</ymax>
    </bndbox>
</object>
</annotation>