<annotation verified="yes">
    <folder>Annotation</folder>
    <filename>dataset8_726</filename>
    <path>opemv4_ver2-PascalVOC-export/Annotations/frame_726.jpg</path>
    <source>
        <database>Unknown</database>
    </source>
    <size>
        <width>320</width>
        <height>240</height>
        <depth>3</depth>
    </size>
    <segmented>0</segmented>
    <object>
    <name>hand</name>
    <pose>Unspecified</pose>
    <truncated>0</truncated>
    <difficult>0</difficult>
    <bndbox>
        <xmin>80.38585400763358</xmin>
        <ymin>9.207342501679156</ymin>
        <xmax>195.9757010708227</xmax>
        <ymax>103.22797818421238</ymax>
    </bndbox>
</object>
</annotation>