<annotation verified="yes">
    <folder>Annotation</folder>
    <filename>dataset2_22</filename>
    <path>openmv4_2-PascalVOC-export/Annotations/frame_22.jpg</path>
    <source>
        <database>Unknown</database>
    </source>
    <size>
        <width>320</width>
        <height>240</height>
        <depth>3</depth>
    </size>
    <segmented>0</segmented>
    <object>
    <name>hand</name>
    <pose>Unspecified</pose>
    <truncated>0</truncated>
    <difficult>0</difficult>
    <bndbox>
        <xmin>96.47095658396945</xmin>
        <ymin>0.7690926806419682</ymin>
        <xmax>267.11490802586934</xmax>
        <ymax>128.27563807975113</ymax>
    </bndbox>
</object>
</annotation>