<annotation verified="yes">
    <folder>Annotation</folder>
    <filename>dataset2_236</filename>
    <path>openmv4_2-PascalVOC-export/Annotations/frame_236.jpg</path>
    <source>
        <database>Unknown</database>
    </source>
    <size>
        <width>320</width>
        <height>240</height>
        <depth>3</depth>
    </size>
    <segmented>0</segmented>
    <object>
    <name>hand</name>
    <pose>Unspecified</pose>
    <truncated>0</truncated>
    <difficult>0</difficult>
    <bndbox>
        <xmin>20.552581968299403</xmin>
        <ymin>53.35478769708003</ymin>
        <xmax>171.34028440415605</xmax>
        <ymax>239.8658110329468</ymax>
    </bndbox>
</object>
</annotation>