<annotation verified="yes">
    <folder>Annotation</folder>
    <filename>dataset8_916</filename>
    <path>opemv4_ver2-PascalVOC-export/Annotations/frame_916.jpg</path>
    <source>
        <database>Unknown</database>
    </source>
    <size>
        <width>320</width>
        <height>240</height>
        <depth>3</depth>
    </size>
    <segmented>0</segmented>
    <object>
    <name>hand</name>
    <pose>Unspecified</pose>
    <truncated>0</truncated>
    <difficult>0</difficult>
    <bndbox>
        <xmin>103.06932185644614</xmin>
        <ymin>14.112497735347143</ymin>
        <xmax>226.86764472010177</xmax>
        <ymax>157.60190937853505</ymax>
    </bndbox>
</object>
</annotation>