<annotation verified="yes">
    <folder>Annotation</folder>
    <filename>dataset2_340</filename>
    <path>openmv4_2-PascalVOC-export/Annotations/frame_340.jpg</path>
    <source>
        <database>Unknown</database>
    </source>
    <size>
        <width>320</width>
        <height>240</height>
        <depth>3</depth>
    </size>
    <segmented>0</segmented>
    <object>
    <name>hand</name>
    <pose>Unspecified</pose>
    <truncated>0</truncated>
    <difficult>0</difficult>
    <bndbox>
        <xmin>55.21751086726039</xmin>
        <ymin>110.31731652997736</ymin>
        <xmax>155.3953959923664</xmax>
        <ymax>222.4215601580175</ymax>
    </bndbox>
</object>
</annotation>