<annotation verified="yes">
    <folder>Annotation</folder>
    <filename>dataset3_350</filename>
    <path>opemv4_3-PascalVOC-export/Annotations/frame_350.jpg</path>
    <source>
        <database>Unknown</database>
    </source>
    <size>
        <width>320</width>
        <height>240</height>
        <depth>3</depth>
    </size>
    <segmented>0</segmented>
    <object>
    <name>apple</name>
    <pose>Unspecified</pose>
    <truncated>0</truncated>
    <difficult>0</difficult>
    <bndbox>
        <xmin>137.12207610076206</xmin>
        <ymin>170.68521400606662</ymin>
        <xmax>200.76580360922947</xmax>
        <ymax>233.10987761004517</ymax>
    </bndbox>
</object><object>
    <name>hand</name>
    <pose>Unspecified</pose>
    <truncated>0</truncated>
    <difficult>0</difficult>
    <bndbox>
        <xmin>67.08473354149027</xmin>
        <ymin>53.362125026453164</ymin>
        <xmax>210.30869628492803</xmax>
        <ymax>240</ymax>
    </bndbox>
</object>
</annotation>